date,year,rev_pf_persist_d1,rev_fc_persist_d1,rev_shape_persist_d1,gap_persist_d1,level_cost_persist_d1,shape_cost_persist_d1,rev_pf_blend,rev_fc_blend,rev_shape_blend,gap_blend,level_cost_blend,shape_cost_blend,rank_corr_d1,spread,mean_price,month,weekday
2022-01-01,2022,,,,,,,,,,,,,,112.3,82.57833333333333,1,5
2022-01-02,2022,65.71840046786438,9.645218527016642,9.645218516302428,56.073181940847746,-1.0714213516394011e-08,56.073181951561956,65.71840046786438,9.645218527016642,9.645218516302428,56.073181940847746,-1.0714213516394011e-08,56.073181951561956,0.17913043478260868,40.980000000000004,47.35375,1,6
2022-01-03,2022,253.49782011023564,118.44095233569723,117.17118279855413,135.0568677745384,-1.2697695371431053,136.3266373116815,253.49782011023564,118.44095233569723,117.17118279855413,135.0568677745384,-1.2697695371431053,136.3266373116815,0.17478260869565218,149.54000000000002,76.10708333333334,1,0
2022-01-04,2022,91.2033222760453,2.141072332239496,86.87328702932577,89.0622499438058,84.73221469708628,4.330035246719532,91.2033222760453,2.141072332239496,86.87328702932577,89.0622499438058,84.73221469708628,4.330035246719532,0.5492498499052082,92.44,153.91666666666666,1,1
2022-01-05,2022,72.3233531265721,31.178476620367682,31.17957257738057,41.14487650620442,0.0010959570128861174,41.14378054919153,72.3233531265721,31.178476620367682,31.17957257738057,41.14487650620442,0.0010959570128861174,41.14378054919153,0.40269624783232205,72.71000000000001,107.86833333333334,1,2
2022-01-06,2022,237.64408524584803,155.21260348034136,203.8940858466951,82.43148176550667,48.68148236635375,33.74999939915293,237.64408524584803,155.21260348034136,203.8940858466951,82.43148176550667,48.68148236635375,33.74999939915293,0.7069565217391304,174.26000000000002,194.0975,1,3
2022-01-07,2022,193.7954209875066,148.82559550387984,148.82559562097276,44.96982548362675,1.1709292380146508e-07,44.969825366533826,193.7954209875066,148.82559550387984,148.82559562097276,44.96982548362675,1.1709292380146508e-07,44.969825366533826,0.7982608695652172,151.9,167.18083333333334,1,4
2022-01-08,2022,48.859847161488176,-51.853292776511125,-51.85329277676599,100.7131399379993,-2.5486457388979034e-10,100.71313993825416,48.859847161488176,-56.12306720243654,-56.12306719942134,104.98291436392472,3.0151952046253427e-09,104.98291436090952,0.02087410355934283,140.95,165.8975,1,5
2022-01-09,2022,294.286441268623,64.20045325709584,64.20045325710632,230.08598801152715,1.0473399925103877e-11,230.08598801151666,294.286441268623,100.42303821175702,100.42303829004612,193.86340305686596,7.828910497664765e-08,193.86340297857686,-0.17264623152206465,194.65,146.55916666666667,1,6
2022-01-10,2022,130.7596692012979,106.7509383713131,106.7509388893373,24.0087308299848,5.180242084179554e-07,24.00873031196059,130.7596692012979,122.6930911498367,122.69309209661074,8.066578051461192,9.467740369473177e-07,8.066577104687155,0.4730434782608695,137.43000000000004,261.54833333333335,1,0
2022-01-11,2022,108.1099655994199,92.36965553287794,92.36965553071641,15.740310066541952,-2.1615278456010856e-09,15.74031006870348,108.1099655994199,91.37245143682202,91.37245147511499,16.737514162597876,3.8292967019515345e-08,16.73751412430491,0.8721739130434782,123.39999999999998,255.41,1,1
2022-01-12,2022,107.30940306174905,87.95457080542192,87.95457079621735,19.35483225632713,-9.20456955100235e-09,19.354832265531698,107.30940306174905,87.95457080149983,87.95457081905815,19.354832260249225,1.7558321019350842e-08,19.354832242690904,0.8930434782608694,127.92000000000002,233.31541666666666,1,2
2022-01-13,2022,101.43815507588084,55.08307109836535,55.08307164742241,46.35508397751549,5.490570558208674e-07,46.355083428458435,101.43815507588084,24.77023940331938,24.770239430383345,76.66791567256146,2.706396529106314e-08,76.6679156454975,0.8426086956521738,113.81,180.15625,1,3
2022-01-14,2022,217.78929319274837,205.30147941090718,205.30147941181895,12.487813781841197,9.117684385273606e-10,12.487813780929429,217.78929319274837,214.0176756851486,214.01767567449502,3.7716175075997853,-1.0653565141183208e-08,3.7716175182533505,0.7452173913043478,154.54000000000002,178.76208333333332,1,4
2022-01-15,2022,38.8683749580763,-14.523168760816526,-14.523167292586702,53.39154371889283,1.4682298239421243e-06,53.39154225066301,38.8683749580763,-22.23953419674995,-22.239533922012473,61.10790915482625,2.7473747721273867e-07,61.10790888008877,0.7608695652173912,84.38999999999999,215.995,1,5
2022-01-16,2022,-4.438748747544733e-11,-205.6052327198524,-205.60523262622706,205.60523271980801,9.362534569845593e-08,205.60523262618267,-4.438748747544733e-11,-213.59640870975284,-213.59640870119026,213.59640870970844,8.562579978388385e-09,213.59640870114586,-0.3530434782608695,138.71999999999997,133.09541666666667,1,6
2022-01-17,2022,396.40255573213466,7.132200454428498e-11,1.40190770303169e-10,396.4025557320633,6.886876575888403e-11,396.4025557319945,396.40255573213466,1.7590819018449808e-10,60.57429117887231,396.4025557319587,60.5742911786964,335.82826455326233,-0.7895652173913044,244.28,129.31458333333333,1,0
2022-01-18,2022,89.35971457889592,62.06583107355608,62.06583100268289,27.293883505339835,-7.087319175980156e-08,27.293883576213027,89.35971457889592,50.5191646079827,50.51916491367694,38.840549970913216,3.056942361467918e-07,38.84054966521898,0.43304347826086953,118.90999999999997,235.86999999999998,1,1
2022-01-19,2022,79.22798898093332,78.23755666289296,78.23755644482132,0.9904323180403622,-2.1807163363973814e-07,0.9904325361119959,79.22798898093332,79.22798894869592,79.22798896567483,3.223739497570932e-08,1.697890184004791e-08,1.525849313566141e-08,0.7130434782608696,164.48999999999998,172.1795833333333,1,2
2022-01-20,2022,180.4188872121221,63.67445450342949,63.67445439045963,116.7444327086926,-1.1296985746866994e-07,116.74443282166246,180.4188872121221,115.77064607676826,122.84951109890923,64.64824113535383,7.078865022140974,57.569376113212854,0.08608695652173912,121.75000000000001,117.69541666666667,1,3
2022-01-21,2022,121.58622714394666,-15.962167765715265,4.291494401835173,137.5483949096619,20.253662167550438,117.29473274211148,121.58622714394666,10.63142952594653,30.885090788985767,110.95479761800013,20.253661263039238,90.7011363549609,0.4692324529277273,112.23,159.26958333333334,1,4
2022-01-22,2022,117.38906460840346,62.71308989426724,62.71308989476361,54.67597471413622,4.963709443472908e-10,54.675974713639846,117.38906460840346,1.2084657366183481e-10,1.2597247524483416e-10,117.38906460828261,5.125901582999343e-12,117.38906460827748,0.5966514600712158,110.83,175.75750000000002,1,5
2022-01-23,2022,33.19840003135162,-4.42109571501846,-4.421095720158515,37.61949574637008,-5.140055492347528e-09,37.61949575151013,33.19840003135162,-7.584519981412409e-11,-1.153225517147974e-10,33.19840003142746,-3.9477351900673314e-11,33.19840003146694,0.8547826086956521,74.74000000000001,193.69500000000002,1,6
2022-01-24,2022,167.21223772602005,95.26418880815297,95.26418876902336,71.94804891786708,-3.912960266916343e-08,71.94804895699669,167.21223772602005,-1.1730583636951224e-10,-7.830111906624823e-11,167.21223772613735,3.9004717303264003e-11,167.21223772609835,0.7034782608695651,164.39000000000001,245.9375,1,0
2022-01-25,2022,245.37399155059725,220.95743222223274,220.95743188634106,24.416559328364514,-3.3589168424441596e-07,24.416559664256198,245.37399155059725,4.773241929101334e-09,8.828010313697534e-10,245.373991545824,-3.890440897731581e-09,245.37399154971445,0.9478260869565217,203.61,297.28833333333336,1,1
2022-01-26,2022,69.01335826198353,21.198825052389708,21.746420401018042,47.81453320959382,0.5475953486283345,47.266937860965484,69.01335826198353,67.70555054163549,67.70555054369146,1.3078077203480376,2.055969616776565e-09,1.307807718292068,0.8339130434782607,190.35,234.98124999999996,1,2
2022-01-27,2022,9.174968996230731,-33.47828092700291,-33.47828096992403,42.653249923233645,-4.292111555059819e-08,42.65324996615476,9.174968996230731,-6.234520989193484e-10,-3.8535895572969423,9.174968996854183,-3.8535895566734903,13.028558553527674,0.6608695652173912,54.859999999999985,120.71333333333332,1,3
2022-01-28,2022,257.81211804629953,214.9249594080174,6.788640900308779e-10,42.88715863828213,-214.92495940733855,257.81211804562065,257.81211804629953,7.530839543483862e-10,6.567107422527311e-10,257.81211804554647,-9.637321209565513e-11,257.8121180456428,0.5939130434782608,182.74,174.3479166666667,1,4
2022-01-29,2022,125.42212310205095,-8.091093792147603,-8.091094492198858,133.51321689419854,-7.000512542987281e-07,133.5132175942498,125.42212310205095,-8.091093629578449,-8.091093692946338,133.5132167316294,-6.336788871408316e-08,133.51321679499728,0.3752989869106846,97.31,92.12916666666666,1,5
2022-01-30,2022,271.22744484619614,214.79403105111962,214.79403143489046,56.43341379507652,3.837708391074557e-07,56.43341341130568,271.22744484619614,3.4087372420111297e-09,255.75371229774868,271.2274448427874,255.75371229433995,15.473732548447458,0.12856210876294583,169.44,55.30041666666667,1,6
2022-01-31,2022,204.4946837004316,68.50213864704696,74.95021532353032,135.99254505338465,6.448076676483353,129.5444683769013,204.4946837004316,162.16899817265394,162.16899926437677,42.325685527777665,1.0917228223661368e-06,42.32568443605484,0.3997390547792943,153.93,195.20250000000001,1,0
2022-02-01,2022,66.59531848554315,-62.489085640570615,-24.788499730686468,129.08440412611375,37.70058590988415,91.38381821622961,66.59531848554315,-69.24689085347859,-69.24689093244741,135.84220933902174,-7.896882436853048e-08,135.84220941799055,0.1391304347826087,188.98,150.24708333333334,2,1
2022-02-02,2022,421.8107202595584,213.0335193560719,213.0335193557283,208.77720090348652,-3.4361846701358445e-10,208.77720090383013,421.8107202595584,1.8807610325646928e-09,1.5462774517449598e-09,421.81072025767764,-3.34483580819733e-10,421.81072025801217,-0.6226086956521739,256.84999999999997,140.22083333333333,2,2
2022-02-03,2022,46.36164054754643,42.40544279291711,42.40544280635666,3.956197754629322,1.3439553470107057e-08,3.9561977411897686,46.36164054754643,42.40544277415431,42.40544269215399,3.9561977733921196,-8.200031942351416e-08,3.956197855392439,0.6043478260869565,92.72999999999999,193.55791666666664,2,3
2022-02-04,2022,77.71037856913185,14.492703495507037,14.492702504146429,63.21767507362481,-9.913606078271187e-07,63.21767606498542,77.71037856913185,-2.1337981793639212e-09,-17.047907930487366,77.71037857126565,-17.047907928353567,94.75828649961922,0.38,131.74,132.36833333333334,2,4
2022-02-05,2022,175.25475939167993,56.15072529042499,102.42865839141263,119.10403410125494,46.27793310098764,72.8261010002673,175.25475939167993,2.9099124941249142e-11,33.75608117113369,175.25475939165082,33.75608117110459,141.49867822054625,0.5756521739130435,139.62,88.89458333333333,2,5
2022-02-06,2022,199.67814257023028,44.55522635313506,9.268792540993537,155.12291621709522,-35.286433812141524,190.40935002923675,199.67814257023028,193.8440800319423,114.91355449767974,5.834062538287981,-78.93052553426256,84.76458807255054,0.2643478260869565,124.88,52.78416666666667,2,6
2022-02-07,2022,393.7441841018235,199.03269221261394,199.89920160171036,194.71149188920958,0.8665093890964215,193.84498250011316,393.7441841018235,246.91962846748532,246.9196282335063,146.8245556343382,-2.339790228234051e-07,146.82455586831722,0.7095652173913043,159.85999999999999,84.67583333333333,2,0
2022-02-08,2022,113.39736341918994,76.09491206694733,76.0949126762566,37.30245135224261,6.093092679293477e-07,37.302450742933345,113.39736341918994,66.41688116533199,66.41688091820198,46.98048225385796,-2.471300035722379e-07,46.98048250098796,0.8817391304347826,105.44,137.80791666666667,2,1
2022-02-09,2022,210.36991189556426,175.18473385980488,175.18473385602482,35.18517803575938,-3.7800589325343026e-09,35.18517803953944,210.36991189556426,173.65625436637967,173.65625436569215,36.71365752918459,-6.875211511214729e-10,36.71365752987211,0.8930434782608694,147.7,165.89166666666668,2,2
2022-02-10,2022,29.84685051615007,-40.741026084047895,-40.74102608628027,70.58787660019797,-2.232376061783725e-09,70.58787660243034,29.84685051615007,-38.7963832023372,-38.7963831915183,68.64323371848727,1.0818901330367225e-08,68.64323370766837,0.33739130434782605,103.66,192.81958333333333,2,3
2022-02-11,2022,130.16084440924965,74.33339743094571,74.33339743243013,55.82744697830394,1.4844232509858557e-09,55.827446976819516,130.16084440924965,4.5706218990697497e-10,2.5965127178675686e-10,130.1608444087926,-1.974109181202181e-10,130.16084440899,0.6452173913043477,115.0,184.58041666666668,2,4
2022-02-12,2022,127.43029503050249,-30.82802074926915,-30.82802080916644,158.25831577977164,-5.989728890654078e-08,158.25831583966894,127.43029503050249,78.61686306791498,78.6168631510773,48.813431962587515,8.316231969729415e-08,48.813431879425195,0.368695652173913,108.78999999999999,143.05041666666668,2,5
2022-02-13,2022,109.99967268693011,92.86324621117217,92.86324579320706,17.136426475757943,-4.1796511141001247e-07,17.136426893723055,109.99967268693011,61.34279516151875,61.34279516752021,48.65687752541136,6.001457109050534e-09,48.6568775194099,0.8234782608695651,89.03,83.57791666666667,2,6
2022-02-14,2022,288.7270842452986,96.51281841839457,96.51281841462203,192.21426582690404,-3.772541390389961e-09,192.2142658306766,288.7270842452986,89.46021432291957,89.46021431730269,199.26686992237904,-5.6168829587477376e-09,199.2668699279959,0.02869565217391304,184.19,102.22333333333334,2,0
2022-02-15,2022,164.8288826589743,40.29649922603682,40.296499240907465,124.53238343293748,1.487064338334676e-08,124.53238341806683,164.8288826589743,37.422293084700605,37.42229308629084,127.40658957427368,1.5902372751952498e-09,127.40658957268346,0.05913043478260869,162.15,155.00416666666666,2,1
2022-02-16,2022,109.81563127979062,97.34291619219708,97.34291634081573,12.472715087593542,1.486186533838918e-07,12.472714938974889,109.81563127979062,97.34291663173877,97.34291649750087,12.472714648051848,-1.3423790790056955e-07,12.472714782289756,0.8858447697996112,120.71000000000001,117.37791666666665,2,2
2022-02-17,2022,246.43941845921316,151.2025667057379,157.94906514540145,95.23685175347526,6.746498439663554,88.49035331381171,246.43941845921316,140.9034339794941,154.08256671238505,105.53598447971905,13.179132732890935,92.35685174682811,0.5911265767725097,109.25,68.63708333333334,2,3
2022-02-18,2022,174.01719838212745,110.45750081934762,110.44881974743431,63.55969756277983,-0.008681071913301253,63.56837863469313,174.01719838212745,107.86076610430405,111.49428046019216,66.1564322778234,3.63351435588811,62.52291792193529,0.806697127137103,126.71000000000001,117.62708333333335,2,4
2022-02-19,2022,196.5322175397032,-43.60795552382788,47.56443660821954,240.14017306353108,91.17239213204742,148.96778093148367,196.5322175397032,-79.95791772128263,112.68416547457261,276.4901352609858,192.64208319585524,83.84805206513059,-0.21700370158566817,122.49,39.615833333333335,2,5
2022-02-20,2022,75.59977813142332,-65.96251927354464,-49.20704933399237,141.56229740496798,16.75546993955227,124.8068274654157,75.59977813142332,-44.45101616018815,-44.45101578049222,120.05079429161148,3.7969593336129037e-07,120.05079391191555,-0.2831050295235871,89.75999999999999,67.28125,2,6
2022-02-21,2022,223.9593801280878,-52.45927891618429,-52.4592786591502,276.4186590442721,2.5703408823574136e-07,276.418658787238,223.9593801280878,-6.372784912507601,-21.37385458082112,230.33216504059538,-15.00106966831352,245.33323470890892,-0.6547826086956522,134.16,75.41625,2,0
2022-02-22,2022,164.38677120591507,101.62534806754685,91.20740898662984,62.761423138368215,-10.417939080917009,73.17936221928522,164.38677120591507,139.42900466758616,139.42900438527894,24.95776653832891,-2.823072122737358e-07,24.957766820636124,0.6782608695652173,131.69,123.24291666666666,2,1
2022-02-23,2022,267.43197948307807,165.69942136004886,165.69942135112547,101.73255812302921,-8.923393579607364e-09,101.7325581319526,267.43197948307807,73.50064542525814,73.50064542501009,193.93133405781992,-2.48050469053851e-10,193.931334058068,0.6553598763318675,157.90000000000003,130.08875,2,2
2022-02-24,2022,75.7119146891357,43.15290927890708,43.152909440644905,32.559005410228615,1.6173782313444462e-07,32.55900524849079,75.7119146891357,50.655028528820196,50.655028525219514,25.0568861603155,-3.6006824188916653e-09,25.056886163916182,0.40356600214729477,86.26,123.3875,2,3
2022-02-25,2022,129.640783198381,66.34992093886855,66.34992093922561,63.29086225951245,3.5706193557416555e-10,63.29086225915539,129.640783198381,-2.7632825186953305,-2.763282502900548,132.40406571707632,1.5794782370903704e-08,132.40406570128155,0.29832573003560797,108.13999999999999,119.9575,2,4
2022-02-26,2022,234.4439810243856,134.6085764805737,102.74997147369601,99.8354045438119,-31.858605006877696,131.6940095506896,234.4439810243856,97.86045524392401,97.8604551540596,136.5835257804616,-8.986441457636829e-08,136.583525870326,0.7288541159470537,150.60999999999999,225.43416666666667,2,5
2022-02-27,2022,214.37617305505816,110.06085875306182,110.06085737283195,104.31531430199634,-1.3802298752807474e-06,104.31531568222621,214.37617305505816,114.65217966147131,91.95847175002635,99.72399339358685,-22.69370791144496,122.41770130503181,0.5730434782608694,164.07999999999998,182.4083333333333,2,6
2022-02-28,2022,340.10655523974395,188.33661704732495,188.3366170430719,151.769938192419,-4.253053020875086e-09,151.76993819667206,340.10655523974395,186.9327417242263,186.9327418409498,153.17381351551765,1.1672349842228869e-07,153.17381339879415,0.468695652173913,187.49999999999997,208.29625000000001,2,0
2022-03-01,2022,334.1684188586587,284.6335276143743,284.63352762077716,49.53489124428438,6.402842700481415e-09,49.53489123788154,334.1684188586587,237.99302921264442,237.99302919457907,96.17538964601428,-1.8065350104734534e-08,96.17538966407963,0.4609697869354875,219.6,241.40125,3,1
2022-03-02,2022,184.48763537750716,53.44966122675298,92.19439140737012,131.03797415075417,38.74473018061714,92.29324397013704,184.48763537750716,98.47935420173243,105.86497456673825,86.00828117577473,7.3856203650058205,78.6226608107689,0.7690300130491518,151.86,278.77625,3,2
2022-03-03,2022,112.10383288204847,84.48166261673363,76.80782514920293,27.622170265314836,-7.673837467530703,35.29600773284554,112.10383288204847,58.21220909981526,2.4050495494158367e-10,53.891623782233204,-58.21220909957476,112.10383288180796,0.8762774723349125,143.95999999999998,338.19958333333335,3,3
2022-03-04,2022,52.98068005512611,43.08873460549276,40.91436376480111,9.891945449633347,-2.174370840691651,12.066316290324998,52.98068005512611,26.904217698063956,2.1050479594850068e-09,26.07646235706215,-26.90421769595891,52.98068005302106,0.8807662169496857,117.88999999999999,358.7775,3,4
2022-03-05,2022,116.84808401654877,25.972646839493827,25.974406464865726,90.87543717705495,0.0017596253718998867,90.87367755168304,116.84808401654877,56.70256143691253,3.927370143349338e-11,60.145522579636236,-56.70256143687326,116.84808401650949,0.782419791539296,148.95,344.4025,3,5
2022-03-06,2022,251.81190137685948,206.60512109579642,206.60512109658558,45.20678028106306,7.891571840445977e-10,45.206780280273904,251.81190137685948,206.60512109140043,206.6051209742491,45.20678028545905,-1.1715133041434456e-07,45.20678040261038,0.881061121067262,244.26999999999998,340.79791666666665,3,6
2022-03-07,2022,259.78673046471613,-6.488498197752584,-6.488498312428902,266.2752286624687,-1.1467631821915347e-07,266.275228777145,259.78673046471613,18.82910419400885,18.829104160822194,240.9576262707073,-3.3186655201689064e-08,240.95762630389393,0.5309850092907832,210.08999999999997,410.1000000000001,3,0
2022-03-08,2022,698.8690288877536,693.1126728912702,693.112673152132,5.756355996483421,2.6086172510986216e-07,5.756355735621696,698.8690288877536,693.1126732428141,503.50968593325683,5.756355644939504,-189.6029873095573,195.3593429544968,0.9589041322573112,405.23,487.57333333333327,3,1
2022-03-09,2022,376.76490641391797,334.84134724386786,334.8377744278002,41.92355917005011,-0.0035728160676740117,41.927131986117786,376.76490641391797,333.7462020739586,333.74620204436144,43.018704339959356,-2.9597174489026656e-08,43.01870436955653,0.9708568943018703,299.89,446.25458333333336,3,2
2022-03-10,2022,373.4194083932555,292.1104271845672,292.11061347671045,81.3089812086883,0.00018629214326892907,81.30879491654503,373.4194083932555,301.66100431268967,301.66105272481474,71.75840408056581,4.841212506789816e-05,71.75835566844074,0.6797129971511009,312.13,279.1504166666667,3,3
2022-03-11,2022,368.6863728442143,285.76344255183926,200.61717573649943,82.92293029237504,-85.14626681533983,168.06919710771487,368.6863728442143,286.8936616330705,267.86418323024304,81.7927112111438,-19.029478402827465,100.82218961397126,0.8556521739130434,184.98,80.43916666666665,3,4
2022-03-12,2022,365.1303814380848,292.07748738066715,292.07748755856585,73.05289405741763,1.77898698439094e-07,73.05289387951893,365.1303814380848,299.21872599527603,299.2187528164854,65.91165544280875,2.6821209360150533e-05,65.91162862159939,0.32347826086956516,255.46,124.25,3,5
2022-03-13,2022,350.1515652370969,181.3260753061345,181.32600843048345,168.82548993096242,-6.687565104357418e-05,168.82555680661346,350.1515652370969,308.9261670993822,308.9261660264737,41.225398137714706,-1.0729085033744923e-06,41.22539921062321,0.5849097768190856,225.66,115.09791666666666,3,6
2022-03-14,2022,338.8229074128275,137.81820801038555,137.8182082396859,201.00469940244193,2.2930035470380972e-07,201.00469917314157,338.8229074128275,137.81820849401973,137.81820859692138,201.00469891880775,1.0290165164406062e-07,201.0046988159061,0.36486193513101317,230.98000000000002,281.44,3,0
2022-03-15,2022,134.2021173236464,83.43707050817693,83.43707051304052,50.765046815469475,4.86359397200431e-09,50.76504681060588,134.2021173236464,90.78872494707338,90.78872493881609,43.41339237657303,-8.2572881865417e-09,43.41339238483032,0.9313043478260868,164.95,300.53749999999997,3,1
2022-03-16,2022,93.73030929335549,-14.267617414122652,20.66202417312874,107.99792670747814,34.92964158725139,73.06828512022675,93.73030929335549,-14.267617484269769,27.43137261890569,107.99792677762525,41.69899010317546,66.2989366744498,0.5608695652173912,189.85999999999999,245.29666666666665,3,2
2022-03-17,2022,287.0220916148209,170.20788409325326,170.20788415481627,116.81420752156765,6.156301424198318e-08,116.81420746000464,287.0220916148209,-19.69756410592357,-19.697564105038143,306.71965572074447,8.854250665990548e-10,306.7196557198591,0.2643478260869565,227.5,225.40958333333333,3,3
2022-03-18,2022,79.89530050987808,44.25026647829439,44.25026648001503,35.64503403158369,1.7206360780619434e-09,35.645034029863055,79.89530050987808,27.414714005598512,27.414713859329215,52.48058650427957,-1.462692971188062e-07,52.48058665054887,0.588695652173913,93.69999999999999,228.9,3,4
2022-03-19,2022,283.20279384964135,197.80616424378874,197.80616190543861,85.39662960585261,-2.338350128638922e-06,85.39663194420274,283.20279384964135,192.16428975641728,185.89728034422436,91.03850409322408,-6.26700941219292,97.305513505417,0.5669565217391304,195.29999999999998,130.95208333333335,3,5
2022-03-20,2022,241.08621712004992,232.9772045500906,230.09412576578305,8.109012569959333,-2.8830787843075427,10.992091354266876,241.08621712004992,232.97720452765844,230.09412578815775,8.10901259239148,-2.8830787395006894,10.99209133189217,0.4396608062186583,141.99,49.04291666666668,3,6
2022-03-21,2022,420.6886436988125,116.29903972441065,186.30147273911066,304.38960397440184,70.00243301470002,234.38717095970182,420.6886436988125,186.30147336574765,186.30147328217416,234.38717033306483,-8.35734965676238e-08,234.38717041663833,0.30267450161047105,222.8,205.75458333333336,3,0
2022-03-22,2022,179.57481787114736,136.24481814812717,136.24481830350356,43.329999723020194,1.5537639797003067e-07,43.329999567643796,179.57481787114736,144.88481779549588,144.8848177996116,34.69000007565148,4.115719320907374e-09,34.69000007153576,0.7747826086956522,167.34,236.48833333333332,3,1
2022-03-23,2022,238.846825239894,234.5985805917267,234.59858059149929,4.248244648167315,-2.2740209715266246e-10,4.248244648394717,238.846825239894,217.15795282455827,211.38195849497552,21.688872415335737,-5.775994329582744,27.46486674491848,0.9686956521739128,193.07,236.53374999999997,3,2
2022-03-24,2022,209.51985667920184,196.97296539872463,196.9729653996414,12.546891280477212,9.167706593871117e-10,12.546891279560441,209.51985667920184,197.2832003598686,197.28320035833775,12.236656319333235,-1.5308501133404206e-09,12.236656320864086,0.9826086956521738,189.17000000000002,237.99833333333333,3,3
2022-03-25,2022,215.84119583813035,205.86476389948552,205.86476435403952,9.976431938644822,4.545539979972091e-07,9.976431484090824,215.84119583813035,195.35199604461098,195.35199599734372,20.48919979351936,-4.726726388071256e-08,20.489199840786625,0.9234782608695651,170.14999999999998,244.37875,3,4
2022-03-26,2022,293.49226764521717,180.6754261173118,180.67542636791111,112.81684152790538,2.505993279555696e-07,112.81684127730605,293.49226764521717,212.6287336607996,181.0607474613646,80.86353398441756,-31.567986199435012,112.43152018385257,0.606086956521739,211.86,189.5525,3,5
2022-03-28,2022,279.8461763691628,114.10866434388129,114.10866430172297,165.7375120252815,-4.215831950205029e-08,165.7375120674398,279.8461763691628,114.10866516548587,114.10866435241348,165.7375112036769,-8.13072389860281e-07,165.7375120167493,,185.95999999999998,221.57083333333335,3,0
2022-03-29,2022,84.50176067362904,81.25716031108331,81.2571603116555,3.244600362545725,5.721858542528935e-10,3.2446003619735393,84.50176067362904,74.24609100028557,74.24609099932786,10.255669673343462,-9.577121318216086e-10,10.255669674301174,0.7652173913043477,109.78,250.18291666666667,3,1
2022-03-30,2022,70.27929226100504,-33.27817935595954,-27.162142512237423,103.55747161696458,6.116036843722114,97.44143477324246,70.27929226100504,47.24043497426189,52.25527749409481,23.038857286743152,5.014842519832925,18.024014766910227,0.8765217391304346,148.99000000000004,271.02708333333334,3,2
2022-03-31,2022,127.5462928326253,82.51142920032659,82.51142929381156,45.03486363229871,9.348497087557917e-08,45.03486353881374,127.5462928326253,50.21475840976636,50.21475841665266,77.33153442285894,6.886295977892587e-09,77.33153441597264,0.7226086956521738,204.15000000000003,209.19000000000003,3,3
2022-04-01,2022,158.6768817330318,115.19997203462843,133.55218014803498,43.47690969840336,18.352208113406547,25.124701584996814,158.6768817330318,115.19997203525025,133.95394490738298,43.47690969778154,18.75397287213272,24.722936825648816,0.5608695652173912,113.99,160.13083333333336,4,4
2022-04-02,2022,205.33692554251434,156.07727487886154,156.0772751477368,49.25965066365279,2.68875254505474e-07,49.25965039477754,205.33692554251434,89.59427508220654,89.59427517543969,115.7426504603078,9.323315453002579e-08,115.74265036707465,0.76,147.14,166.40333333333334,4,5
2022-04-03,2022,125.36914173142522,13.361601630503571,13.361601632722895,112.00754010092164,2.219323391727812e-09,112.00754009870232,125.36914173142522,46.35579590548586,46.3557955466261,79.01334582593935,-3.5885976501504047e-07,79.01334618479912,0.1591304347826087,114.72,172.88625000000002,4,6
2022-04-04,2022,80.50896292082803,50.56598173706803,50.5659816947779,29.942981183759997,-4.229012517953379e-08,29.942981226050122,80.50896292082803,50.56598164567657,50.56598162326464,29.942981275151453,-2.2411931865917722e-08,29.942981297563385,0.7913043478260868,107.4,75.32666666666667,4,0
2022-04-05,2022,434.7274117297141,215.62637547675678,26.22559336944268,219.10103625295733,-189.4007821073141,408.50181836027144,434.7274117297141,106.62008961430544,5.491549455200522e-11,328.1073221154087,-106.62008961425053,434.7274117296592,-0.328695652173913,286.4,183.02416666666667,4,1
2022-04-06,2022,170.53422664979294,10.978378455328636,-44.86142479988576,159.55584819446432,-55.8398032552144,215.3956514496787,170.53422664979294,10.978378441750042,10.978378438334419,159.5558482080429,-3.4156233397197866e-09,159.5558482114585,0.27304347826086955,118.06,121.33416666666666,4,2
2022-04-07,2022,31.157939247847743,-7.548268247995146,-7.5482678375271135,38.70620749584289,4.104680328964605e-07,38.70620708537486,31.157939247847743,-8.649581430121813,-8.6495814692659,39.807520677969556,-3.91440870828319e-08,39.80752071711365,0.5626086956521739,85.88,74.15333333333332,4,3
2022-04-08,2022,499.72046985035894,348.7804840095982,132.48434336836632,150.93998584076076,-216.29614064123186,367.23612648199264,499.72046985035894,132.48434347734954,132.48434339725813,367.23612637300937,-8.009141083675786e-08,367.23612645310084,0.4339130434782608,266.75,120.86833333333334,4,4
2022-04-09,2022,167.0127977056805,34.775105561795165,-32.24950405424375,132.23769214388534,-67.02460961603892,199.26230175992424,167.0127977056805,28.832929472011713,-12.569470944521708,138.1798682336688,-41.402400416533425,179.5822686502022,-0.09826086956521737,121.74,59.82500000000001,4,5
2022-04-10,2022,420.8807085622494,405.8923545584599,405.89235457050756,14.988354003789539,1.2047678410453955e-08,14.98835399174186,420.8807085622494,405.6265320921087,405.62653203856195,15.254176470140749,-5.354672794055659e-08,15.254176523687477,0.6991304347826087,252.09,74.65375,4,6
2022-04-11,2022,193.13330040269005,60.12044128342813,75.79398002012243,133.01285911926192,15.673538736694304,117.33932038256762,193.13330040269005,75.7939812952497,75.79398114023309,117.33931910744036,-1.5501660755035118e-07,117.33931926245697,0.6869565217391305,120.16,223.61749999999998,4,0
2022-04-12,2022,204.11512001650578,186.934870677537,186.93487046089297,17.180249338968792,-2.1664402538590366e-07,17.180249555612818,204.11512001650578,183.13028568954715,183.13028460123627,20.984834326958634,-1.0883108814141451e-06,20.984835415269515,0.786086956521739,168.76999999999998,184.59249999999997,4,1
2022-04-13,2022,187.9909594774051,164.12866188769954,164.12866160900924,23.862297589705577,-2.78690293953332e-07,23.86229786839587,187.9909594774051,159.02243960168298,74.00003798846024,28.968519875722137,-85.02240161322274,113.99092148894488,0.5321739130434783,139.96,222.51833333333335,4,2
2022-04-14,2022,67.4176461757424,2.3178139953162002,2.317813996993742,65.0998321804262,1.6775416611380933e-09,65.09983217874867,67.4176461757424,2.1856560228095567,-13.806912699425336,65.23199015293285,-15.992568722234893,81.22455887516774,0.7678260869565217,90.12,227.70916666666668,4,3
2022-04-15,2022,54.447150508579234,-5.513821655140827,-5.513821652832927,59.96097216372006,2.3078996491676662e-09,59.96097216141216,54.447150508579234,-37.416018554867314,-27.585764368908546,91.86316906344655,9.830254185958768,82.03291487748778,0.8321739130434782,84.88,192.96416666666664,4,4
2022-04-16,2022,250.44593186604408,221.62303560203765,221.62303556939796,28.82289626400643,-3.2639690061841975e-08,28.82289629664612,250.44593186604408,221.62303560373738,221.62303560326563,28.8228962623067,-4.717435331258457e-10,28.822896262778443,0.9486956521739129,172.03,149.215,4,5
2022-04-17,2022,314.66038147567747,310.50509203858405,310.5050920526697,4.1552894370934155,1.4085628663451644e-08,4.155289423007787,314.66038147567747,314.65207491414094,314.65207494574656,0.008306561536528534,3.1605623007635586e-08,0.008306529930905526,0.8539130434782608,191.54,108.82166666666667,4,6
2022-04-18,2022,294.68648856444213,283.01386121826346,283.0138622645633,11.672627346178672,1.0462998147886537e-06,11.672626299878857,294.68648856444213,283.5039727866558,283.5039727795514,11.182515777786307,-7.104404176061507e-09,11.182515784890711,0.8133972061341461,205.73,120.23125,4,0
2022-04-19,2022,102.06549281182464,56.84769143437207,14.877973983774433,45.217801377452574,-41.969717450597635,87.1875188280502,102.06549281182464,5.7818591667370125,5.78185921154906,96.28363364508763,4.4812047406139754e-08,96.28363360027558,0.601130983356893,126.49000000000001,213.00458333333333,4,1
2022-04-20,2022,79.20854386393884,60.65249574099231,60.652495740997544,18.556048122946535,5.236699962551938e-12,18.5560481229413,79.20854386393884,35.75738022581983,35.75738014357198,43.45116363811901,-8.22478511963709e-08,43.451163720366864,0.8321739130434782,91.1,203.24958333333333,4,2
2022-04-21,2022,43.179492700270366,33.97962960520665,33.97962962362618,9.19986309506372,1.841953434222887e-08,9.199863076644185,43.179492700270366,-2.847417406441732,-2.8474174005271244,46.026910106712094,5.914607470458577e-09,46.026910100797494,0.8678260869565216,88.32,199.50458333333333,4,3
2022-04-22,2022,175.49708251217913,158.48022572163447,168.3376867571455,17.016856790544665,9.857461035511022,7.159395755033643,175.49708251217913,6.37148767402536e-10,16.477271145284092,175.49708251154198,16.477271144646945,159.01981136689506,0.8971515758942553,157.32999999999998,172.48708333333335,4,4
2022-04-23,2022,280.53286429274067,251.70224099428125,251.7022405952285,28.830623298459415,-3.9905276594254246e-07,28.83062369751218,280.53286429274067,275.66747543649467,251.7022407814371,4.865388856246,-23.96523465505757,28.83062351130357,0.7349423961518622,171.35000000000002,93.30625000000002,4,5
2022-04-24,2022,291.7639365321906,254.83411491932208,275.9279250205696,36.92982161286852,21.093810101247527,15.836011511620995,291.7639365321906,277.7513360985598,277.751336099521,14.01260043363078,9.611653695174027e-10,14.012600432669615,0.788695652173913,190.75,108.53500000000001,4,6
2022-04-25,2022,91.52656874162825,24.88845600049519,24.888456007472932,66.63811274113306,6.977742827984912e-09,66.63811273415533,91.52656874162825,24.88845600748718,24.888456025303526,66.63811273414107,1.7816347508414765e-08,66.63811271632473,0.5121739130434783,91.92999999999998,223.4645833333333,4,0
2022-04-26,2022,62.30623247188366,45.05623247617946,45.05623247360405,17.2499999957042,-2.5754118837539863e-09,17.249999998279613,62.30623247188366,52.015500870524406,38.95938730855464,10.290731601359255,-13.056113561969767,23.34684516332902,0.9323766256506464,88.93,238.46916666666667,4,1
2022-04-27,2022,55.606667623051706,44.402454738596504,44.40282381112485,11.204212884455202,0.0003690725283433949,11.203843811926859,55.606667623051706,23.492356670362952,23.49235669475641,32.114310952688754,2.4393457920268702e-08,32.114310928295296,0.8988910845242005,80.04999999999998,222.20916666666668,4,2
2022-04-28,2022,82.11061112814075,81.20660574115817,81.20660574155167,0.9040053869825755,3.934985670639435e-10,0.9040053865890769,82.11061112814075,16.99609659745306,3.477761922231651e-09,65.11451453068769,-16.9960965939753,82.11061112466298,0.9589041322573112,88.61000000000001,230.1520833333333,4,3
2022-04-29,2022,55.615267581343566,52.132922794110144,52.132922794354215,3.482344787233423,2.440714297335944e-10,3.4823447869893513,55.615267581343566,30.984305306202764,15.847037520265497,24.630962275140803,-15.137267785937267,39.76823006107807,0.9619482723597155,96.18000000000004,228.02458333333334,4,4
2022-04-30,2022,62.90437316995913,-2.6893509490948944,-2.6893509924246572,65.59372411905403,-4.3329762888788537e-08,65.59372416238378,62.90437316995913,27.71664474938334,27.716644749864493,35.18772842057579,4.811511189473094e-10,35.187728420094636,0.8313043478260868,92.94999999999999,201.275,4,5
2022-05-01,2022,116.26356981352889,110.41046663078576,110.41046662989176,5.853103182743126,-8.940048701333581e-10,5.853103183637131,116.26356981352889,110.41046676809054,110.41046676802344,5.8531030454383455,-6.710365596518386e-11,5.853103045505449,0.8347826086956521,116.03999999999999,194.74125,5,6
2022-05-02,2022,62.54459066573137,37.1061305192443,37.10613054717915,25.438460146487067,2.7934845547861187e-08,25.43846011855222,62.54459066573137,37.106130553404526,37.10613056694776,25.438460112326844,1.3543235866109171e-08,25.438460098783608,0.7234782608695651,84.94999999999999,219.02250000000004,5,0
2022-05-03,2022,57.25967485418943,53.427171169776905,53.42717116980922,3.832503684412522,3.2315483622369356e-11,3.8325036843802067,57.25967485418943,37.2863589802358,14.854455756798817,19.973315873953624,-22.431903223436986,42.405219097390614,0.7366819047818073,88.14000000000001,218.15625,5,1
2022-05-04,2022,80.70634785160448,78.2245052543683,30.582654374518057,2.481842597236181,-47.64185087985024,50.12369347708642,80.70634785160448,31.4088606903534,31.40886059182178,49.29748716125108,-9.853161841988367e-08,49.2974872597827,0.9210698195560023,97.38999999999999,231.29000000000005,5,2
2022-05-05,2022,16.11937227054193,-2.8704269389910237,-2.8704270072178595,18.989799209532954,-6.82268357365956e-08,18.98979927775979,16.11937227054193,5.525510950548522,7.046373784782446,10.593861319993408,1.5208628342339239,9.072998485759484,0.9469565217391304,71.71000000000001,234.485,5,3
2022-05-06,2022,33.09903876386437,6.873308722926254,6.873308723541765,26.225730040938117,6.155111975658656e-10,26.225730040322606,33.09903876386437,-5.957656511047601e-11,-4.981449983072172e-11,33.09903876392395,9.76206527975429e-12,33.09903876391419,0.8962818215792827,87.91000000000003,225.35916666666665,5,4
2022-05-07,2022,29.292579843344704,-16.787724522160627,-44.05820722677794,46.08030436550533,-27.27048270461731,73.35078707012264,29.292579843344704,20.5564027594272,23.976284263947484,8.736177083917504,3.4198815045202835,5.31629557939722,0.826266599223987,72.4,201.42833333333337,5,5
2022-05-08,2022,217.28927883615805,206.76562380538658,206.76562380894802,10.523655030771465,3.561439143595635e-09,10.523655027210026,217.28927883615805,108.87201083234126,206.76562372525217,108.41726800381679,97.89361289291091,10.523655110905878,0.8852173913043477,160.49,171.8175,5,6
2022-05-09,2022,80.41231187102007,50.8226620581312,50.822662086756885,29.589649812888865,2.862568493355866e-08,29.58964978426318,80.41231187102007,50.82266234217286,50.82266233668844,29.589649528847204,-5.48442358194734e-09,29.589649534331627,0.7323331332069443,100.44999999999999,216.8104166666667,5,0
2022-05-10,2022,239.94958179154747,228.98816773180687,236.9771578824855,10.961414059740605,7.988990150678632,2.9724239090619733,239.94958179154747,213.90324170184383,226.6954426551087,26.046340089703648,12.792200953264881,13.254139136438766,0.9458578175327219,161.29999999999998,183.31875,5,1
2022-05-11,2022,333.5559674754704,327.21115391840266,327.2111546300016,6.344813557067766,7.115989433259529e-07,6.344812845468823,333.5559674754704,328.0868741074683,322.2020638681879,5.46909336800212,-5.884810239280398,11.353903607282518,0.9695652173913042,229.48,159.09166666666667,5,2
2022-05-12,2022,283.9189517489559,246.2151916200919,214.8942475600183,37.70376012886402,-31.3209440600736,69.02470418893762,283.9189517489559,214.89424723829455,214.89424723815034,69.02470451066137,-1.4421175364986993e-10,69.02470451080558,0.8939130434782607,159.47000000000003,169.11958333333334,5,3
2022-05-13,2022,341.1890650296167,258.4190715274607,258.4190715465122,82.76999350215601,1.9051526578550693e-08,82.76999348310449,341.1890650296167,291.8135878425329,291.8135879329345,49.37547718708379,9.040161330631236e-08,49.375477096682175,0.8617391304347826,217.08,168.7879166666667,5,4
2022-05-14,2022,380.52646501325984,326.07969453636883,324.5932539823364,54.446770476891004,-1.4864405540324128,55.93321103092342,380.52646501325984,324.0695670963676,338.734953494075,56.45689791689222,14.66538639770738,41.79151151918484,0.8330434782608694,235.59,152.96875,5,5
2022-05-15,2022,313.1189904102845,254.10928412421342,254.10928676376392,59.009706286071065,2.639550501726262e-06,59.00970364652056,313.1189904102845,307.6941170328032,307.69410983412104,5.424873377481276,-7.198682169473614e-06,5.424880576163446,0.8599999999999999,210.42,149.025,5,6
2022-05-16,2022,111.49650479512965,45.53768513434814,45.537685248461514,65.95881966078151,1.1411337652589282e-07,65.95881954666814,111.49650479512965,58.30541216361263,58.30541258446444,53.19109263151702,4.2085181206630295e-07,53.19109221066521,0.2904347826086956,107.25,211.58249999999998,5,0
2022-05-17,2022,126.56182114719473,87.54201376281029,87.54201390034882,39.01980738438445,1.3753853522757709e-07,39.019807246845915,126.56182114719473,98.79224415591563,85.09583132509519,27.76957699127911,-13.696412830820435,41.465989822099544,0.9304347826086956,113.15999999999997,225.74916666666664,5,1
2022-05-18,2022,126.52360493986316,118.32520432539329,118.32520429286137,8.198400614469875,-3.253191493968188e-08,8.19840064700179,126.52360493986316,104.34145139370071,120.6096164663295,22.182153546162453,16.26816507262879,5.913988473533664,0.8930434782608694,116.01000000000002,206.96958333333336,5,2
2022-05-19,2022,97.32321327074501,93.90456741033059,93.9045674175016,3.418645860414429,7.171010452111659e-09,3.4186458532434187,97.32321327074501,83.28986496730191,83.28986470937286,14.033348303443105,-2.5792904523314064e-07,14.03334856137215,0.9513043478260867,97.19999999999999,210.80916666666667,5,3
2022-05-20,2022,19.600630433488988,-4.526642111849185,-4.5266421104588375,24.127272545338172,1.3903473927712184e-09,24.127272543947825,19.600630433488988,-22.749132939332362,-22.749133135805828,42.34976337282135,-1.9647346505280439e-07,42.349763569294815,0.7901717951526234,87.01999999999998,209.23458333333338,5,4
2022-05-21,2022,376.5944057830819,-16.782042459530196,331.9825105786414,393.3764482426121,348.7645530381716,44.61189520444054,376.5944057830819,2.1097766602709663e-09,332.0281014117922,376.5944057809721,332.0281014096824,44.56630437128973,0.4470537178959255,228.20000000000002,103.36208333333336,5,5
2022-05-22,2022,153.8652065467568,144.31010226206268,144.31010297023334,9.555104284694124,7.081706598910387e-07,9.555103576523464,153.8652065467568,149.47702957731852,149.47702939452245,4.388176969438291,-1.8279607161275635e-07,4.388177152234363,0.9539130434782607,126.5,166.0320833333333,5,6
2022-05-23,2022,38.92356075564236,-40.99572795626966,-40.99572787816801,79.91928871191203,7.810164959209942e-08,79.91928863381037,38.92356075564236,-40.995727713589176,-40.99572766502642,79.91928846923153,4.856275381825981e-08,79.91928842066878,0.01652173913043478,82.67000000000002,188.13791666666668,5,0
2022-05-24,2022,247.15233331725832,130.9222901213426,130.92229018300654,116.23004319591573,6.166393973217055e-08,116.23004313425179,247.15233331725832,73.271670427256,130.92229022482758,173.88066289000233,57.65061979757158,116.23004309243075,0.7034782608695651,138.53000000000003,162.94499999999996,5,1
2022-05-25,2022,94.04173822221108,45.38125811151787,45.38125793667358,48.66048011069321,-1.7484429548630942e-07,48.6604802855375,94.04173822221108,36.51516176548746,36.51516180370598,57.52657645672362,3.82185163516624e-08,57.5265764185051,0.5391304347826086,105.94,177.49625,5,2
2022-05-26,2022,278.96411131835345,202.12398105015103,202.12398104596565,76.84013026820242,-4.185380930721294e-09,76.8401302723878,278.96411131835345,274.44651877171646,202.123981134935,4.51759254663699,-72.32253763678145,76.84013018341844,0.5930434782608696,172.49,67.9325,5,3
2022-05-27,2022,238.14186142170206,140.19425534384845,121.67665707991526,97.9476060778536,-18.517598263933195,116.4652043417868,238.14186142170206,140.19425583852612,140.19425566457411,97.94760558317594,-1.7395200302416924e-07,97.94760575712795,0.7226086956521738,149.39000000000001,46.76541666666666,5,4
2022-05-28,2022,300.9864858930251,270.2218734408564,270.22186340812095,30.76461245216865,-1.0032735474396759e-05,30.764622484904123,300.9864858930251,279.49617624498114,279.4961705962604,21.490309648043933,-5.648720730278001e-06,21.490315296764663,0.5834782608695652,183.85,36.84916666666667,5,5
2022-05-29,2022,111.90371099724757,96.59448741904502,96.59448792889891,15.309223578202548,5.098538906622707e-07,15.309223068348658,111.90371099724757,96.59448800336565,96.59448802498311,15.309222993881917,2.161745271678228e-08,15.309222972264465,0.8075668814520757,105.0,156.335,5,6
2022-05-30,2022,90.43379022788427,-23.314174115263985,-23.314174007305937,113.74796434314825,1.0795804783469976e-07,113.74796423519021,90.43379022788427,-20.035930130916746,-20.035930160871807,110.46972035880103,-2.9955060654174304e-08,110.46972038875609,0.44966298084084344,112.08000000000001,225.99291666666667,5,0
2022-05-31,2022,55.97155405071994,41.432218469700985,46.5715165416881,14.539335581018953,5.139298071987113,9.40003750903184,55.97155405071994,41.4322184528254,41.43221845338163,14.539335597894535,5.562270644077216e-10,14.539335597338308,0.9278260869565217,81.65,210.17,5,1
2022-06-01,2022,58.627760020312124,34.050351005929436,34.050350968115154,24.577409014382688,-3.781428148386112e-08,24.57740905219697,58.627760020312124,18.942174329379842,18.94217432846124,39.685585690932285,-9.186038596453727e-10,39.68558569185089,0.933246379965619,82.56000000000003,215.2891666666667,6,2
2022-06-02,2022,74.39306844744213,55.6065602701875,55.62682221264397,18.786508177254632,0.020261942456471616,18.76624623479816,74.39306844744213,43.85196141036448,43.85196141048314,30.54110703707765,1.1866063687193673e-10,30.54110703695899,0.950206589107585,88.57,188.8708333333333,6,3
2022-06-03,2022,67.63537790531532,62.077277038070335,62.07727703743503,5.558100867244988,-6.353033654704632e-10,5.558100867880292,67.63537790531532,46.03934165858705,32.949351215514596,21.596036246728275,-13.089990443072452,34.68602668980073,0.9426086956521739,74.88000000000002,184.54541666666668,6,4
2022-06-04,2022,110.47551738097263,47.310959464465626,47.310959472428046,63.16455791650701,7.962420056628616e-09,63.16455790854459,110.47551738097263,110.45217617546312,110.45217503802375,0.023341205509510132,-1.1374393693586171e-06,0.02334234294887949,0.8443478260869565,114.38000000000001,162.49333333333334,6,5
2022-06-05,2022,70.53370972368961,70.53370939658042,70.53370947823478,3.271091912893098e-07,8.165436327089992e-08,2.454548280184099e-07,70.53370972368961,70.53370918987149,70.53370934415167,5.338181239267215e-07,1.542801868481547e-07,3.7953793707856676e-07,0.7991304347826085,79.08,141.57791666666665,6,6
2022-06-06,2022,360.3530544772635,360.0004773996132,360.0004775781055,0.35257707765032364,1.7849231426225742e-07,0.3525768991580094,360.3530544772635,320.53616960129426,346.44692408366194,39.816884875969265,25.91075448236768,13.906130393601586,0.7226086956521738,218.01,91.32875000000001,6,0
2022-06-07,2022,69.53356292062027,10.053559820540979,10.05355984711615,59.48000310007929,2.6575170508635892e-08,59.48000307350412,69.53356292062027,15.10196270213124,15.101962750240771,54.43160021848903,4.810953058154155e-08,54.4316001703795,0.4714068387151589,83.09,183.88166666666666,6,1
2022-06-08,2022,13.051579480691196,-37.1370779198095,-35.023929864817916,50.188657400500695,2.1131480549915835,48.07550934550911,13.051579480691196,-2.7937243277408523,-2.7937243246731516,15.845303808432048,3.0677007600843353e-09,15.845303805364347,0.8780169809648577,64.23999999999998,190.3479166666667,6,2
2022-06-09,2022,20.367734150280548,-21.266522699206597,-15.970218010449104,41.634256849487144,5.296304688757493,36.33795216072965,20.367734150280548,-1.0923750673189458e-09,-1.0150767594314525e-09,20.36773415137292,7.729830788749326e-11,20.367734151295625,0.7269565217391305,68.60999999999999,185.49166666666667,6,3
2022-06-10,2022,31.092635868079363,12.15874191567898,12.158741916377371,18.933893952400382,6.983906786217631e-10,18.93389395170199,31.092635868079363,5.9056751682028864e-12,-6.327172750539164e-12,31.092635868073458,-1.223284791874205e-11,31.09263586808569,0.7808695652173911,68.85,185.75458333333336,6,4
2022-06-11,2022,299.51753846281724,234.6868079550131,179.3137926186808,64.83073050780413,-55.373015336332315,120.20374584413645,299.51753846281724,177.7868417584304,287.854648139994,121.73069670438684,110.06780638156363,11.662890322823216,0.7243478260869565,206.83,134.70083333333335,6,5
2022-06-12,2022,343.29250768067675,335.903296787337,335.90329673512093,7.389210893339737,-5.221608034844394e-08,7.389210945555817,343.29250768067675,340.16476454352596,340.16476393128204,3.1277431371507873,-6.122439231148746e-07,3.1277437493947104,0.9808695652173912,210.89999999999998,116.95583333333332,6,6
2022-06-13,2022,213.26677831143317,166.0976297114562,166.0976299003814,47.16914859997698,1.8892521325142297e-07,47.169148411051765,213.26677831143317,165.73785697461216,165.73785773539538,47.528921336821014,7.607832230860367e-07,47.52892057603779,0.748695652173913,140.74,165.56416666666667,6,0
2022-06-14,2022,175.23514195939154,125.27989558740738,125.27989447929454,49.95524637198416,-1.1081128405976415e-06,49.955247480097,175.23514195939154,105.66516080993684,105.66516079890654,69.5699811494547,-1.1030294899683213e-08,69.569981160485,0.7895652173913044,143.94,194.98083333333332,6,1
2022-06-15,2022,186.48188814365693,152.3980832824965,161.41895049989256,34.083804861160445,9.020867217396074,25.06293764376437,186.48188814365693,142.57486679805086,142.57486679668034,43.90702134560607,-1.3705232504435116e-09,43.90702134697659,0.9286956521739129,138.87,211.82958333333332,6,2
2022-06-16,2022,229.35071910477612,173.18554787641702,173.18554920339008,56.1651712283591,1.3269730629872356e-06,56.16516990138604,229.35071910477612,202.9003744834033,202.90037436902503,26.450344621372807,-1.143782810686389e-07,26.450344735751088,0.863478260869565,171.91000000000003,201.9725,6,3
2022-06-17,2022,276.74058339677697,176.16514377622778,176.16514387309206,100.57543962054919,9.686428370514477e-08,100.5754395236849,276.74058339677697,177.463709861092,177.4637097978496,99.27687353568496,-6.324242463051633e-08,99.27687359892738,0.9147826086956521,181.26999999999998,255.43125,6,4
2022-06-18,2022,384.6637253556363,313.1439212656705,313.1439205309139,71.51980408996582,-7.347566111093329e-07,71.51980482472243,384.6637253556363,355.35842808289027,319.75641819712365,29.30529727274603,-35.60200988576662,64.90730715851265,0.8843478260869565,253.81000000000003,195.395,6,5
2022-06-19,2022,355.1638115109458,305.12499441287713,305.1249942540836,50.03881709806865,-1.587935116731387e-07,50.03881725686216,355.1638115109458,305.1249987164662,305.12499693688625,50.038812794479554,-1.779579974936496e-06,50.03881457405953,0.8956521739130434,246.84,154.6520833333333,6,6
2022-06-20,2022,404.57919175223554,66.22147583326851,66.22147239828199,338.357715918967,-3.4349865245530964e-06,338.35771935395354,404.57919175223554,91.38324044844917,91.38324056252813,313.1959513037864,1.140789578357726e-07,313.19595118970744,0.1848227919316813,319.56,267.37166666666667,6,0
2022-06-21,2022,390.8124017038987,298.1475512265778,298.1620907159118,92.6648504773209,0.014539489334026712,92.65031098798687,390.8124017038987,301.6174669350038,301.6174663669663,89.19493476889488,-5.680374783878506e-07,89.19493533693236,0.48097413617985774,247.23000000000002,288.59375,6,1
2022-06-22,2022,408.17386388730324,399.6255909648206,399.62559081135674,8.548272922482624,-1.5346387272074935e-07,8.548273075946497,408.17386388730324,399.62559100467627,263.47094094241845,8.548272882626975,-136.15465006225782,144.7029229448848,0.913676907878735,246.58,323.3408333333333,6,2
2022-06-23,2022,273.44770545046356,266.6441371757224,266.64413711063975,6.803568274741167,-6.50826450510067e-08,6.803568339823812,273.44770545046356,267.96471204270847,264.44705856384957,5.482993407755089,-3.517653478858904,9.000646886613993,0.8671450520277001,218.69,295.0804166666667,6,3
2022-06-24,2022,180.32383098970973,169.17473612459773,169.17473569288032,11.149094865112005,-4.3171741026526433e-07,11.149095296829415,180.32383098970973,169.17473601727073,109.81355509429866,11.149094972439002,-59.36118092297207,70.51027589541107,0.7356521739130434,141.53,274.3,6,4
2022-06-25,2022,173.2989347254933,123.45221328299674,123.45221333497598,49.84672144249656,5.197924224376038e-08,49.84672139051732,173.2989347254933,116.77658250390225,116.77658250406913,56.52235222159105,1.6687806692061713e-10,56.52235222142417,0.6269565217391303,163.11,240.39291666666668,6,5
2022-06-26,2022,387.80227765004696,302.9121472330106,248.61890684510496,84.89013041703635,-54.293240387905655,139.183370804942,387.80227765004696,382.18942707964135,382.1894270789637,5.612850570405612,-6.776303962396923e-10,5.612850571083243,0.8519243515156792,255.89,201.67083333333335,6,6
2022-06-27,2022,215.996462244483,79.20876411666114,79.20876419431733,136.78769812782187,7.765618192934198e-08,136.7876980501657,215.996462244483,93.86855715859508,93.86855716628807,122.12790508588793,7.692989356655744e-09,122.12790507819494,0.5692541991495784,192.59,316.6475,6,0
2022-06-28,2022,334.3464069031414,307.5387903185512,307.5387901343517,26.80761658459022,-1.8419950720272027e-07,26.807616768789728,334.3464069031414,307.53879012247575,275.5561058118348,26.807616780665683,-31.982684310640934,58.79030109130662,0.9199999999999999,220.48999999999998,331.5154166666667,6,1
2022-06-29,2022,141.82275249026063,98.67018922627135,98.67018920496258,43.15256326398928,-2.1308764530658664e-08,43.152563285298044,141.82275249026063,104.05238100124177,104.05238177171881,37.770371489018856,7.704770439431741e-07,37.77037071854181,0.8452173913043477,152.89999999999998,315.5429166666667,6,2
2022-06-30,2022,236.98306657238052,219.17634672506617,219.17634674926205,17.806719847314355,2.419588440716325e-08,17.80671982311847,236.98306657238052,219.1763468354348,191.56889825469386,17.806719736945723,-27.607448580740936,45.41416831768666,0.8626086956521738,220.92000000000002,325.4775,6,3
2022-07-01,2022,169.54171545181066,-69.96199807479873,-69.9619980801569,239.50371352660937,-5.358174348657485e-09,239.50371353196755,169.54171545181066,16.342006737240915,21.834234484414054,153.19970871456974,5.492227747173139,147.7074809673966,0.328695652173913,164.5,314.3845833333333,7,4
2022-07-02,2022,425.9443498405229,24.626121049642162,24.626120642683198,401.3182287908807,-4.0695896430520406e-07,401.3182291978397,425.9443498405229,245.98913718585686,245.98913621237156,179.955212654666,-9.734852994824905e-07,179.9552136281513,0.27478260869565213,286.52000000000004,218.9225,7,5
2022-07-03,2022,437.3465931490456,422.47106094157215,422.47106097608,14.87553220747344,3.450787744441186e-08,14.875532172965563,437.3465931490456,426.49243626047695,426.4924341104388,10.854156888568639,-2.1500381421901693e-06,10.854159038606781,0.9582608695652173,282.63,200.10541666666668,7,6
2022-07-04,2022,376.4326117682822,272.1746023606289,272.1746022893145,104.25800940765328,-7.131438906071708e-08,104.25800947896767,376.4326117682822,256.22479082904186,256.22479108712514,120.20782093924032,2.5808327563936473e-07,120.20782068115705,0.8034782608695652,227.53000000000003,293.89,7,0
2022-07-05,2022,204.0235201833874,199.37988218460848,199.37988145065225,4.643637998778928,-7.339562273500633e-07,4.643638732735155,204.0235201833874,160.06661688251668,160.06661686566633,43.95690330087072,-1.6850350448294193e-08,43.95690331772107,0.9156521739130434,201.64,318.37208333333336,7,1
2022-07-06,2022,345.4116623680905,329.6121098078243,329.612109807818,15.799552560266193,-6.30961949354969e-12,15.799552560272502,345.4116623680905,331.2920094873971,331.29200948752526,14.119652880693423,1.2818190953112207e-10,14.11965288056524,0.9347826086956521,250.67999999999998,303.53541666666666,7,2
2022-07-07,2022,156.59075069058343,132.20795738782766,132.20795744366825,24.382793302755772,5.584058726526564e-08,24.382793246915185,156.59075069058343,71.67242249454418,71.67242236278688,84.91832819603925,-1.3175730373404804e-07,84.91832832779656,0.7739130434782608,141.70000000000002,213.21875,7,3
2022-07-08,2022,541.0657929328465,483.6413997735424,483.6413998177465,57.424393159304145,4.420411414685077e-08,57.42439311510003,541.0657929328465,486.0577146820616,469.7974668159572,55.00807825078493,-16.260247866104407,71.26832611688934,0.6469565217391303,244.02999999999997,295.91541666666666,7,4
2022-07-09,2022,149.54475138775496,-52.65658347294187,-52.65658350914529,202.20133486069682,-3.6203424258474115e-08,202.20133489690025,149.54475138775496,8.37375827611369,8.373743859977061,141.17099311164128,-1.4416136629336052e-05,141.1710075277779,0.21826086956521737,338.06,148.13750000000002,7,5
2022-07-10,2022,634.7068580680316,574.9633759199484,574.9633759433217,59.74348214808322,2.3373331714537926e-08,59.743482124709885,634.7068580680316,604.9449857813242,604.944985901615,29.76187228670733,1.2029079243802698e-07,29.761872166416538,0.12,377.32,115.16375,7,6
2022-07-11,2022,210.6586282043548,-92.62795648551867,-8.777718845713233,303.2865846898735,83.85023763980543,219.43634705006804,210.6586282043548,79.04661298928534,41.72592954938987,131.61201521506948,-37.32068343989547,168.93269865496495,0.42260869565217385,200.63,372.59499999999997,7,0
2022-07-12,2022,304.2367520534447,156.11687380750553,156.116873803385,148.1198782459392,-4.120522589801112e-09,148.1198782500597,304.2367520534447,259.14109391183814,259.14109385101335,45.09565814160658,-6.082478876123787e-08,45.095658202431366,0.7139130434782608,246.62,377.66124999999994,7,1
2022-07-13,2022,387.7793160608972,301.78011612107497,301.7801161711987,85.99919993982223,5.0123730943596456e-08,85.9991998896985,387.7793160608972,365.06424621518534,360.1448939518881,22.715069845711866,-4.919352263297242,27.63442210900911,0.886086956521739,272.94,352.15875,7,2
2022-07-14,2022,194.20580587169349,175.46907068234594,175.46907061479388,18.73673518934754,-6.755206527486735e-08,18.736735256899607,194.20580587169349,175.13232378601649,189.09425642843115,19.073482085677,13.961932642414666,5.111549443262334,0.9782608695652173,196.82999999999998,367.37791666666664,7,3
2022-07-15,2022,367.1186799656901,322.0039623694432,322.003962960929,45.11471759624692,5.914858434152848e-07,45.114717004761076,367.1186799656901,328.3919359438535,328.39193594555155,38.726744021836566,1.698026608210057e-09,38.72674402013854,0.9191304347826086,243.99,329.92333333333335,7,4
2022-07-16,2022,589.5172013094262,289.9227132065755,289.9227122858556,299.59448810285073,-9.207199127558852e-07,299.59448902357065,589.5172013094262,505.93132159840553,305.48913086805754,83.58587971102071,-200.442190730348,284.0280704413687,0.6921739130434782,385.01000000000005,174.81208333333333,7,5
2022-07-17,2022,600.4894204893152,599.7799374975525,599.7799476246132,0.7094829917626839,1.0127060704689939e-05,0.7094728647019792,600.4894204893152,599.0739492661901,599.0739489385865,1.4154712231251096,-3.2760362955741584e-07,1.4154715507287392,0.877391304347826,394.93,221.85666666666665,7,6
2022-07-18,2022,593.9334122089655,360.75132736011847,360.75132727604705,233.182084848847,-8.407141649513505e-08,233.18208493291843,593.9334122089655,495.05755319485814,462.0519361607114,98.87585901410733,-33.005617034146724,131.88147604825406,0.7965217391304347,407.96999999999997,396.06541666666664,7,0
2022-07-19,2022,340.2606865616662,337.75328552679395,337.7532853974314,2.5074010348722595,-1.2936254734086106e-07,2.507401164234807,340.2606865616662,337.75328460022746,337.75328576018586,2.5074019614387453,1.159958401331096e-06,2.507400801480344,0.7869565217391304,295.34,397.08541666666673,7,1
2022-07-20,2022,557.47834808328,539.99988590079,539.9998859656605,17.478462182490034,6.487050541181816e-08,17.47846211761953,557.47834808328,491.31834804973477,491.3183481354136,66.16000003354526,8.567883469368098e-08,66.15999994786642,0.8243478260869566,297.53999999999996,332.70458333333335,7,2
2022-07-21,2022,304.62494275143206,176.9883336580742,176.98833368177827,127.63660909335786,2.3704075147179537e-08,127.63660906965379,304.62494275143206,262.131733348613,262.1317336313331,42.49320940281905,2.8272006602492183e-07,42.49320912009898,0.7782608695652173,207.51000000000005,396.73375000000004,7,3
2022-07-22,2022,257.1440207425198,199.92401835390115,199.92401836774746,57.22000238861864,1.3846317870047642e-08,57.22000237477232,257.1440207425198,221.16921544383058,221.16921538102102,35.974805298689205,-6.280956199589127e-08,35.97480536149877,0.8956521739130434,220.56,377.45125,7,4
2022-07-23,2022,271.0612064887003,58.64902035145957,58.64902032216829,212.41218613724072,-2.9291278735854576e-08,212.412186166532,271.0612064887003,216.63625878337214,216.63626222198616,54.42494770532815,3.4386140157494083e-06,54.424944266714135,0.7504347826086956,221.64000000000001,324.98541666666665,7,5
2022-07-24,2022,599.0493052009336,583.7058134023295,583.7058135801392,15.343491798604191,1.7780973848857684e-07,15.343491620794453,599.0493052009336,594.1315895590964,594.131589586109,4.917715641837276,2.70126747636823e-08,4.917715614824601,0.8669565217391304,384.38,260.62833333333333,7,6
2022-07-25,2022,308.38485338150707,159.0204277217942,159.0204289301308,149.36442565971288,1.2083366129900242e-06,149.36442445137627,308.38485338150707,158.58150682556285,158.58150614142284,149.80334655594422,-6.841400193025038e-07,149.80334724008424,0.6243478260869564,208.72999999999996,309.81125,7,0
2022-07-26,2022,459.4990803909744,428.5314241459244,428.53142414903925,30.967656245050023,3.1148488233156968e-09,30.967656241935174,459.4990803909744,413.3199707074739,413.31997083216464,46.17910968350054,1.2469075727494783e-07,46.179109558809785,0.9095652173913044,274.78999999999996,316.5729166666667,7,1
2022-07-27,2022,248.06116969191424,212.26718290832707,210.8358500615882,35.79398678358717,-1.4313328467388828,37.225319630326055,248.06116969191424,240.4839709978857,240.48397218471317,7.577198694028539,1.1868274611970264e-06,7.5771975072010775,0.7634782608695652,211.92000000000002,424.4916666666666,7,2
2022-07-28,2022,161.89267723854138,150.847375796375,150.8473755905847,11.04530144216639,-2.0579028614520212e-07,11.045301647956677,161.89267723854138,98.34439393725589,98.34439393553062,63.548283301285494,-1.7252688166990993e-09,63.54828330301076,0.9128071535637624,199.23000000000008,473.25333333333333,7,3
2022-07-29,2022,109.56630612809954,10.142337829042884,16.319495892415503,99.42396829905665,6.1771580633726195,93.24681023568404,109.56630612809954,94.8152423297782,94.81524257984245,14.75106379832134,2.500642466429781e-07,14.751063548257093,0.8858447697996112,152.12999999999994,438.6499999999999,7,4
2022-07-30,2022,256.27545943674755,79.69233252450155,95.66896492611446,176.583126912246,15.976632401612903,160.6064945106331,256.27545943674755,206.6890285639439,206.6890285637498,49.586430872803646,-1.9412027540965937e-10,49.58643087299777,0.62,230.92999999999998,380.77416666666664,7,5
2022-07-31,2022,316.6214413922187,298.6299116668978,298.62991152889197,17.991529725320902,-1.3800581655232236e-07,17.99152986332672,316.6214413922187,300.29493756324877,300.29493756456327,16.32650382896992,1.3145040611561853e-09,16.326503827655415,0.8904347826086956,256.93,317.79291666666666,7,6
2022-08-01,2022,181.43129038944033,38.7077563813744,38.70775662142117,142.72353400806594,2.400467664642747e-07,142.72353376801917,181.43129038944033,80.03196020015847,41.29121926345955,101.39933018928187,-38.74074093669891,140.1400711259808,0.5095652173913043,210.01999999999998,424.6216666666667,8,0
2022-08-02,2022,438.36984974130746,85.15519015645333,258.36054546677457,353.21465958485413,173.20535531032124,180.0093042745329,438.36984974130746,412.1606189044571,412.16061890313017,26.209230836850338,-1.3269527698867023e-09,26.20923083817729,0.6843478260869565,314.78,380.5125,8,1
2022-08-03,2022,570.2615049478063,469.5907332884854,469.5907334714911,100.6707716593209,1.8300568171980558e-07,100.67077147631522,570.2615049478063,471.19585648517284,471.1958565024749,99.06564846263348,1.7302056676271604e-08,99.06564844533142,0.9208695652173912,384.37,384.82666666666665,8,2
2022-08-04,2022,247.55113956421485,234.62649862428492,235.09668307070135,12.92464093992993,0.4701844464164253,12.454456493513504,247.55113956421485,240.94053138465907,240.94053141445002,6.610608179555783,2.979095370392315e-08,6.610608149764829,0.952815852052503,229.72000000000003,414.15958333333333,8,3
2022-08-05,2022,240.3445438342337,96.55135438299668,98.3180031121741,143.79318945123703,1.7666487291774189,142.0265407220596,240.3445438342337,81.89212258395213,81.89212262416231,158.45242125028156,4.021018185085268e-08,158.45242121007138,0.6844966458834504,231.47000000000003,380.31125000000003,8,4
2022-08-06,2022,372.9007098475598,173.99233863606312,173.9923391215595,198.9083712114967,4.854963719935768e-07,198.90837072600033,372.9007098475598,348.99849972845516,320.1286853382301,23.902210119104666,-28.86981439022503,52.7720245093297,0.5452173913043478,280.79,273.80916666666667,8,5
2022-08-07,2022,553.4004285589361,539.7687174393967,539.7687160168149,13.631711119539432,-1.4225818176782923e-06,13.63171254212125,553.4004285589361,539.768716549018,539.7687161531003,13.631712009918147,-3.9591770928382175e-07,13.631712405835856,0.954782608695652,352.25,214.92499999999998,8,6
2022-08-08,2022,307.08035617019397,160.494632905619,160.49463319384736,146.58572326457497,2.882283638427907e-07,146.5857229763466,307.08035617019397,160.49463326833995,160.49463320731468,146.585722901854,-6.102527549955994e-08,146.5857229628793,0.5173913043478261,224.32999999999998,359.5479166666667,8,0
2022-08-09,2022,298.049446638257,272.4857051671897,272.4857051082082,25.563741471067317,-5.898147037441959e-08,25.563741530048787,298.049446638257,296.42039644107484,296.4203975413246,1.6290501971821527,1.10024973309919e-06,1.6290490969324196,0.8669565217391304,210.86,344.87208333333336,8,1
2022-08-10,2022,247.50622800449037,240.85845075681854,240.8584508301483,6.647777247671826,7.332977247642702e-08,6.647777174342053,247.50622800449037,239.28739330032602,239.28739329033283,8.218834704164351,-9.99318672256777e-09,8.218834714157538,0.9643478260869565,201.73000000000002,335.08,8,2
2022-08-11,2022,361.4780996100833,359.6551971484747,359.65519729208575,1.822902461608578,1.4361103239934891e-07,1.8229023179975457,361.4780996100833,346.1552379124853,346.1552379279333,15.322861697598,1.544799488328863e-08,15.322861682150005,0.9643478260869565,272.03999999999996,368.1458333333333,8,3
2022-08-12,2022,230.25343485222686,214.41416759947728,219.10391588880194,15.839267252749579,4.689748289324655,11.149518963424924,230.25343485222686,179.82453856465952,178.1370649160283,50.42889628756734,-1.6874736486312258,52.116369936198566,0.946086956521739,236.95,436.79833333333335,8,4
2022-08-13,2022,401.2577088718078,305.17776841702243,229.5993797079337,96.07994045478534,-75.57838870908873,171.65832916387407,401.2577088718078,393.66778401852406,393.6677852771661,7.589924853283719,1.2586420439220092e-06,7.589923594641675,0.8078260869565217,312.59,377.74499999999995,8,5
2022-08-14,2022,594.2422108274064,587.8791201364625,587.8791204325535,6.363090690943977,2.9609100238303654e-07,6.363090394852975,594.2422108274064,593.862291327923,593.8622911897336,0.3799194994834352,-1.3818942079524277e-07,0.37991963767285597,0.9330434782608694,388.58000000000004,330.4558333333333,8,6
2022-08-15,2022,157.8433630736071,66.13985508077869,66.13985504638723,91.7035079928284,-3.4391462122584926e-08,91.70350802721987,157.8433630736071,55.90064069106224,55.90064044624842,101.94272238254484,-2.4481382610019864e-07,101.94272262735868,0.3947826086956522,205.72000000000003,426.6045833333333,8,0
2022-08-16,2022,229.42511122521984,194.8525753996424,194.8525753918324,34.57253582557743,-7.810001534380717e-09,34.572535833387434,229.42511122521984,199.36849772349663,215.76318709314796,30.056613501723206,16.39468936965133,13.661924132071874,0.7904347826086956,254.82999999999998,490.7929166666666,8,1
2022-08-17,2022,208.8062135964003,140.54193561414735,140.54193567535236,68.26427798225296,6.120501438999781e-08,68.26427792104795,208.8062135964003,122.40255860640906,122.40255858692409,86.40365498999125,-1.948497185821907e-08,86.40365500947622,0.8443478260869565,288.7099999999999,551.9525,8,2
2022-08-18,2022,68.12624396965687,68.10931349240136,68.1093134778725,0.016930477255513665,-1.4528851011164079e-08,0.016930491784364676,68.12624396965687,-85.09366809788585,-11.171589926031277,153.21991206754274,73.92207817185458,79.29783389568814,0.9286956521739129,183.52000000000004,563.76,8,3
2022-08-19,2022,31.860218531948824,6.8736718525158835,6.87367183977908,24.98654667943294,-1.2736803611801406e-08,24.986546692169746,31.860218531948824,0.944831799320415,0.9448331043103568,30.91538673262841,1.3049899418859923e-06,30.91538542763847,0.8713043478260868,153.41999999999996,515.0970833333333,8,4
2022-08-20,2022,176.98169585797203,-163.17702950188158,-181.39706523206664,340.15872535985363,-18.22003573018506,358.37876109003867,176.98169585797203,147.37742712684363,147.37742712914573,29.6042687311284,2.302101620443864e-09,29.6042687288263,0.5043478260869565,213.20000000000005,457.97375000000005,8,5
2022-08-21,2022,850.4982905179547,687.0570774970386,687.0570772708313,163.44121302091617,-2.2620724848820828e-07,163.44121324712341,850.4982905179547,832.3747097953504,832.374710225262,18.123580722604288,4.299115516914753e-07,18.123580292692736,0.7686956521739129,546.43,364.13208333333336,8,6
2022-08-22,2022,167.30922738702031,-60.76706284351831,-60.76705124704763,228.07629023053863,1.1596470677943671e-05,228.07627863406793,167.30922738702031,-79.67367627437586,-79.67367624387472,246.98290366139616,3.050114116831537e-08,246.98290363089504,0.41739130434782606,232.04000000000002,563.81375,8,0
2022-08-23,2022,249.01173129978963,231.58034293663493,231.58034292222712,17.431388363154696,-1.4407817161554703e-08,17.431388377562513,249.01173129978963,231.58034313356598,231.58034313294633,17.431388166223655,-6.196501090016682e-10,17.431388166843305,0.9669565217391304,294.38000000000005,605.1279166666667,8,1
2022-08-24,2022,243.04869165506756,232.7065639406818,219.84586093958694,10.342127714385754,-12.860703001094862,23.202830715480616,243.04869165506756,217.14054055781497,217.1405405379872,25.908151097252585,-1.9827780306513887e-08,25.908151117080365,0.9695652173913042,333.88,624.3416666666667,8,2
2022-08-25,2022,226.03534435684438,198.71429018839711,210.03303488760977,27.32105416844726,11.318744699212658,16.002309469234604,226.03534435684438,170.04089363148844,170.04089361812734,55.99445072535593,-1.3361102446651785e-08,55.994450738717035,0.9704347826086955,264.2,599.8304166666667,8,3
2022-08-26,2022,103.24778938470848,-33.39334415830386,-67.96788730663036,136.64113354301236,-34.5745431483265,171.21567669133884,103.24778938470848,61.6778466969937,73.91935754967234,41.569942687714786,12.241510852678644,29.32843183503614,0.8084366357670483,233.77999999999997,699.4416666666666,8,4
2022-08-27,2022,152.90757871062556,-104.19234926458529,-104.19234929058001,257.09992797521085,-2.599472281872295e-08,257.09992800120557,152.90757871062556,105.9356844814952,105.93568450590847,46.971894229130356,2.4413267851741693e-08,46.97189420471709,0.5892585483939485,242.89,607.8391666666666,8,5
2022-08-28,2022,1076.0198759222103,1004.9062412529145,866.7592690541586,71.11363466929583,-138.14697219875586,209.2606068680517,1076.0198759222103,1055.5772181789766,1055.5772184958603,20.442657743233667,3.168836428812938e-07,20.442657426350024,0.7817391304347826,687.46,401.0329166666667,8,6
2022-08-29,2022,479.2501899017592,279.67607273739407,279.6760715002452,199.57411716436513,-1.2371488651297113e-06,199.574118401514,479.2501899017592,275.51428990104137,275.5142898779518,203.73590000071783,-2.3089569367584772e-08,203.7359000238074,0.5469565217391303,354.92999999999995,658.4104166666666,8,0
2022-08-30,2022,234.24444499417228,192.86856706166267,192.8685670655379,41.37587793250961,3.875214815707295e-09,41.375877928634395,234.24444499417228,189.4590851429288,189.45908514237988,44.78535985124347,-5.48936895938823e-10,44.78535985179241,0.7939130434782607,301.48,660.23625,8,1
2022-08-31,2022,261.59505639460025,207.9927547724207,207.99275478709887,53.60230162217954,1.4678164461656706e-08,53.602301607501374,261.59505639460025,181.15115515212182,203.18653851221256,80.44390124247843,22.035383360090748,58.408517882387684,0.8278260869565216,253.01999999999998,604.4908333333333,8,2
2022-09-01,2022,217.79247424720538,143.40829413366595,143.40829419465115,74.38418011353943,6.098520088926307e-08,74.38418005255423,217.79247424720538,194.95791344395954,194.9579133854693,22.834560803245836,-5.8490229548624484e-08,22.834560861736065,0.8565217391304346,249.88,571.1979166666666,9,3
2022-09-02,2022,580.2673004497963,537.7487951606527,537.7487952011567,42.518505289143604,4.0504005482944194e-08,42.5185052486396,580.2673004497963,135.06793218809236,568.8118845232284,445.1993682617039,433.74395233513604,11.455415926567866,0.7,371.91,422.25250000000005,9,4
2022-09-03,2022,890.6586157502352,859.3100817332922,859.3100805959855,31.34853401694295,-1.1373067536624148e-06,31.348535154249703,890.6586157502352,810.0051121639829,845.6989524897346,80.65350358625233,35.693840325751694,44.95966326050063,0.6269565217391303,478.99,287.75124999999997,9,5
2022-09-04,2022,728.1713668482137,585.7104489750421,585.7104483847139,142.46091787317152,-5.903282271901844e-07,142.46091846349975,728.1713668482137,728.1713669258318,661.2745261814716,-7.761809683870524e-08,-66.89684074436013,66.89684066674204,0.8788867352798303,457.02,242.71208333333334,9,6
2022-09-05,2022,951.9073228976067,518.9737193698364,518.9936068345585,432.9336035277703,0.01988746472204639,432.91371606304824,951.9073228976067,914.1888913632461,914.1888885828834,37.71843153436066,-2.780362706289452e-06,37.71843431472337,0.6436181930797372,419.06,357.45374999999996,9,0
2022-09-06,2022,812.7065231509187,744.3677848161428,744.3677848393312,68.33873833477583,2.3188363229564857e-08,68.33873831158746,812.7065231509187,757.1771082687235,757.1771073109827,55.52941488219517,-9.577407809047145e-07,55.52941583993595,0.8869565217391304,378.80000000000007,417.26875,9,1
2022-09-07,2022,274.01828712326176,227.9089976045843,227.9089975902766,46.10928951867746,-1.430768747923139e-08,46.109289532985144,274.01828712326176,225.97347699857028,225.97347714428952,48.04481012469148,1.4571924111805856e-07,48.04480997897224,0.906086956521739,267.38,462.47166666666664,9,2
2022-09-08,2022,69.45033235721752,2.655234923283551,2.6552348265339774,66.79509743393396,-9.674957368588366e-08,66.79509753068353,69.45033235721752,0.7990023818459981,2.6552347773488307,68.65132997537152,1.8562323955028326,66.7950975798687,0.7652173913043477,180.65000000000003,443.51708333333335,9,3
2022-09-09,2022,440.4724789738336,409.5901227954242,421.1421964280417,30.882356178409395,11.552073632617521,19.330282545791874,440.4724789738336,411.68578300521074,411.68578298574454,28.786695968622837,-1.9466199319140287e-08,28.786695988089036,0.7504347826086956,274.75,345.7,9,4
2022-09-10,2022,66.7589693482742,1.5788532169057277,1.578853079471255,65.18011613136848,-1.3743447269121134e-07,65.18011626880295,66.7589693482742,-2.653985548822668,-2.6539871013641765,69.41295489709688,-1.5525415086869998e-06,69.41295644963839,0.8939130434782607,143.79000000000002,404.3179166666667,9,5
2022-09-11,2022,265.36932020139596,90.44147326340139,90.44147326316363,174.92784693799456,-2.377618102400447e-10,174.92784693823234,265.36932020139596,263.7489062233084,263.7489061510729,1.6204139780875835,-7.223547981993761e-08,1.6204140503230633,0.8641009119252958,265.40000000000003,391.4891666666667,9,6
2022-09-12,2022,255.88800246610384,162.88468975939017,162.8846897632226,93.00331270671367,3.832440143014537e-09,93.00331270288123,255.88800246610384,249.25929784913944,249.25929777593882,6.628704616964399,-7.320062422877527e-08,6.628704690165023,0.6605784022217033,210.72999999999996,408.0308333333333,9,0
2022-09-13,2022,304.4325406694673,234.7374771489565,234.73747711547549,69.69506352051081,-3.3481001082691364e-08,69.69506355399182,304.4325406694673,248.25823810872353,248.25823816695606,56.17430256074377,5.823252990921901e-08,56.17430250251124,0.8139130434782607,238.84999999999997,392.37000000000006,9,1
2022-09-14,2022,296.69600038122826,225.5833291402966,236.00603814593183,71.11267124093166,10.422709005635227,60.689962235296434,296.69600038122826,253.4524422155107,251.86063374850565,43.24355816571756,-1.5918084670050519,44.83536663272261,0.8573913043478261,300.78,455.81375,9,2
2022-09-15,2022,384.01305643972694,131.42811396460087,178.80179147079892,252.58494247512607,47.37367750619805,205.21126496892802,384.01305643972694,177.8208769837331,241.9383561989428,206.19217945599385,64.11747921520973,142.07470024078413,0.7339130434782607,246.01000000000002,369.36583333333334,9,3
2022-09-16,2022,933.6265316632155,824.4435563139006,824.4435547590151,109.18297534931492,-1.5548854435110115e-06,109.18297690420036,933.6265316632155,932.2392696555693,932.2392720484722,1.3872620076462,2.3929029566716054e-06,1.3872596147432432,0.863478260869565,407.81,201.19666666666663,9,4
2022-09-17,2022,201.7135899224936,183.51756536058383,138.32356346798056,18.19602456190978,-45.19400189260327,63.39002645451305,201.7135899224936,183.56740809121334,183.56740807864443,18.146181831280273,-1.2568904139698134e-08,18.146181843849178,0.8826086956521739,142.33,68.76666666666667,9,5
2022-09-18,2022,355.4974418297004,298.8972762672284,272.43595735650865,56.600165562472,-26.46131891071974,83.06148447319174,355.4974418297004,285.18713140032867,309.9896266546288,70.31031042937173,24.80249525430014,45.507815175071585,0.248695652173913,194.66,77.93208333333332,9,6
2022-09-19,2022,874.7592271530763,496.89390370443465,193.906596271202,377.8653234486416,-302.9873074332327,680.8526308818742,874.7592271530763,870.2652825426427,870.2652798349291,4.493944610433573,-2.707713633753883e-06,4.493947318147207,0.7686956521739129,358.23,261.68375,9,0
2022-09-20,2022,424.2934478963719,417.9475191160664,417.9475188704803,6.345928780305485,-2.4558613631597837e-07,6.345929025891621,424.2934478963719,406.9161862807199,406.91618435846743,17.377261615652003,-1.922252465647034e-06,17.37726353790447,0.9806479901316267,320.51,363.425,9,1
2022-09-21,2022,497.98311363411625,484.30770347688923,484.30770343496454,13.67541015722702,-4.192469305053237e-08,13.675410199151713,497.98311363411625,371.2610816470088,371.2610817376876,126.72203198710747,9.067883866009652e-08,126.72203189642863,0.9336668116572422,277.23,379.94041666666664,9,2
2022-09-22,2022,513.4368589692501,488.9404836027975,488.9469899062411,24.49637536645264,0.006506303443586603,24.489869063009053,513.4368589692501,486.27405718102824,486.2740571867191,27.162801788221884,5.690878879249794e-09,27.162801782531005,0.8827751196172249,324.16,387.8904166666666,9,3
2022-09-23,2022,203.1519108105251,178.45873258717407,178.45873261359088,24.693178223351026,2.641681362547388e-08,24.693178196934213,203.1519108105251,176.32549494715929,176.325494925361,26.82641586336581,-2.1798285843033227e-08,26.826415885164096,0.920634942398516,177.71999999999997,368.33166666666665,9,4
2022-09-24,2022,55.91330787529995,-17.072407191882036,-17.072407210159945,72.98571506718199,-1.827790896413717e-08,72.9857150854599,55.91330787529995,10.861486852202212,54.081431811565295,45.05182102309774,43.21994495936308,1.8318760637346543,0.8504347826086956,129.46999999999997,351.1145833333333,9,5
2022-09-25,2022,264.4808640853329,184.98098788703822,210.24710907896508,79.49987619829466,25.266121191926857,54.2337550063678,264.4808640853329,192.22659504850097,192.22659503780125,72.25426903683191,-1.0699721997298184e-08,72.25426904753164,0.806086956521739,217.62999999999997,276.50416666666666,9,6
2022-09-26,2022,652.3273482988968,493.1593015616069,566.9972577871583,159.1680467372899,73.83795622555141,85.33009051173849,652.3273482988968,607.6789755390414,607.6789826341591,44.64837275985542,7.095117666722217e-06,44.64836566473775,0.8913043478260868,320.78999999999996,245.92499999999998,9,0
2022-09-27,2022,435.0853866062525,416.2182933989212,416.21829361322625,18.867093207331266,2.1430503238661913e-07,18.867092993026233,435.0853866062525,427.31383607815553,427.31383590312873,7.771550528096952,-1.750267983879894e-07,7.771550703123751,0.8878260869565217,292.21,310.2083333333333,9,1
2022-09-28,2022,527.444634624661,503.0091100190029,496.56584356847594,24.435524605658145,-6.443266450526949,30.878791056185094,527.444634624661,503.71172506931106,503.71172454603675,23.732909555349977,-5.232743092165038e-07,23.732910078624286,0.9695652173913042,397.43999999999994,386.1991666666667,9,2
2022-09-29,2022,497.02161756397476,487.5124561330237,487.5124565150867,9.509161430951053,3.820629785877827e-07,9.509161048888075,497.02161756397476,485.0304908206254,485.0304908625024,11.991126743349355,4.187700142210815e-08,11.991126701472353,0.9565217391304346,289.81,417.13708333333335,9,3
2022-09-30,2022,368.76552550410895,314.48507221306835,314.48507003779747,54.2804532910406,-2.175270878979063e-06,54.28045546631148,368.76552550410895,312.3379516597364,312.33795176065917,56.427573844372546,1.0092276170325931e-07,56.427573743449784,0.437391304347826,446.96999999999997,315.48625,9,4
2022-10-01,2022,311.2512731065341,160.68936576599728,77.62645898273537,150.5619073405368,-83.06290678326191,233.62481412379873,311.2512731065341,164.49576121778586,144.04032693173596,146.75551188874823,-20.455434286049893,167.21094617479812,-0.29739130434782607,180.75,82.82041666666667,10,5
2022-10-02,2022,396.15189136182534,337.66162123140293,337.66162167023884,58.4902701304224,4.388359116092033e-07,58.49026969158649,396.15189136182534,375.77444090741426,345.2418182014928,20.377450454411075,-30.532622705921483,50.91007316033256,0.7086956521739128,255.35000000000002,114.74583333333332,10,6
2022-10-03,2022,835.3404827525866,549.5822163192795,481.71782292275844,285.7582664333071,-67.86439339652105,353.62265982982814,835.3404827525866,781.5399851864358,781.5399888803511,53.80049756615074,3.693915232361178e-06,53.800493872235506,0.7573913043478261,385.78,209.34916666666666,10,0
2022-10-04,2022,782.0257771248638,719.6959322720603,719.6959321962418,62.32984485280349,-7.581854788440978e-08,62.32984492862204,782.0257771248638,761.1838511879462,761.1838512362691,20.84192593691762,4.832293143408606e-08,20.841925888594687,0.571304347826087,359.27,246.30625,10,1
2022-10-05,2022,474.85543916407414,449.69674399164484,449.6968035017667,25.158695172429304,5.951012184368665e-05,25.15863566230746,474.85543916407414,449.6968123482195,449.6968135932258,25.158626815854632,1.245006274075422e-06,25.158625570848358,0.8695652173913043,225.86,103.19,10,2
2022-10-06,2022,780.1918576661132,701.5049579208521,701.5049579198801,78.68689974526103,-9.72022462519817e-10,78.68689974623305,780.1918576661132,710.6906625543905,710.6906625692355,69.50119511172261,1.4844999896013178e-08,69.50119509687761,0.3408695652173913,359.97999999999996,100.79875,10,3
2022-10-07,2022,463.56466270420185,452.753745048668,452.75374611612,10.810917655533842,1.0674519899112056e-06,10.810916588081852,463.56466270420185,452.6062838284053,452.6062840292608,10.95837887579654,2.0085548158021993e-07,10.95837867494106,0.6078260869565217,237.64000000000004,163.89000000000001,10,4
2022-10-08,2022,400.8789216924606,354.9567410858492,354.9567408396119,45.92218060661139,-2.462373345224478e-07,45.922180852848726,400.8789216924606,344.3833989454571,344.3833989668187,56.49552274700352,2.136158627763507e-08,56.49552272564193,0.7408695652173911,256.12,145.33791666666664,10,5
2022-10-09,2022,278.10551083189324,170.94542071417743,170.94542070673745,107.16009011771581,-7.4399792993062874e-09,107.16009012515579,278.10551083189324,179.64532633383826,170.94542072335534,98.46018449805499,-8.699905610482915,107.1600901085379,0.5808695652173912,207.14000000000001,146.72458333333336,10,6
2022-10-10,2022,417.2427025830028,317.8454694382048,290.6732263953681,99.39723314479801,-27.172243042836726,126.56947618763473,417.2427025830028,391.9645955357062,391.9645955419158,25.2781070472966,6.2095750763546675e-09,25.278107041087026,0.3304347826086956,207.37,162.09,10,0
2022-10-11,2022,532.7328171081513,525.324686695708,525.3246867002736,7.408130412443256,4.565549716062378e-09,7.408130407877707,532.7328171081513,505.65085915272687,505.6508588866205,27.0819579554244,-2.661063831510546e-07,27.081958221530783,0.9371602743829959,329.75,259.87375000000003,10,1
2022-10-12,2022,624.5445173872347,439.79601511289763,439.79601491114744,184.74850227433706,-2.0175019699308905e-07,184.74850247608725,624.5445173872347,584.945440296329,584.9454423587925,39.599077090905666,2.0624635226340615e-06,39.599075028442144,0.8171341789167745,281.13,282.53583333333336,10,2
2022-10-13,2022,158.14409744596,101.11146620628364,101.1114661797114,57.03263123967636,-2.6572237743494043e-08,57.0326312662486,158.14409744596,101.11977300234676,101.119773001746,57.02432444361324,-6.007638830851647e-10,57.024324444214,0.7834782608695651,160.73999999999998,257.4558333333334,10,3
2022-10-14,2022,193.35968116461132,143.10197196225667,143.10197192783954,50.25770920235465,-3.441712692620058e-08,50.257709236771774,193.35968116461132,173.32811756076282,173.32811766679845,20.031563603848497,1.0603562827782298e-07,20.03156349781287,0.9156521739130434,219.64999999999998,260.6458333333333,10,4
2022-10-15,2022,78.45259035469331,-13.239394261525,-3.578090153695328,91.69198461621832,9.661304107829672,82.03068050838864,78.45259035469331,-9.351374556385046,-9.351374558068596,87.80396491107837,-1.683549299968945e-09,87.80396491276191,0.577391304347826,80.55000000000001,156.63458333333332,10,5
2022-10-16,2022,311.5122891761222,227.53691323979155,226.77386683227218,83.97537593633064,-0.7630464075193686,84.73842234385,311.5122891761222,254.91695714463575,237.49550248418646,56.595332031486436,-17.421454660449285,74.01678669193572,0.3834782608695652,210.38,95.86083333333333,10,6
2022-10-17,2022,286.04178431293803,189.28548543167003,189.28548518388334,96.75629888126801,-2.477866871686274e-07,96.7562991290547,286.04178431293803,239.5486647357268,239.54866471128355,46.493119577211246,-2.4443238544336054e-08,46.493119601654485,0.7356521739130434,186.08000000000004,152.60625000000002,10,0
2022-10-18,2022,239.18949248775058,184.9846397500896,157.68347423473097,54.204852737660985,-27.301165515358633,81.50601825301962,239.18949248775058,191.78076502195694,191.7807650407803,47.408727465793646,1.882335709524341e-08,47.40872744697029,0.7713043478260868,141.59,183.17541666666668,10,1
2022-10-19,2022,213.54692235819203,208.51815325461823,208.51815345685236,5.028769103573808,2.0223413343956054e-07,5.028768901339674,213.54692235819203,211.6415682646155,211.64156840016938,1.905354093576534,1.355538756797614e-07,1.9053539580226584,0.9330434782608694,126.32000000000001,168.45374999999999,10,2
2022-10-20,2022,163.43936819103274,149.574731136822,149.574720868552,13.864637054210732,-1.026827001737729e-05,13.86464732248075,163.43936819103274,149.57473343450943,149.57473356170703,13.864634756523316,1.2719760889012832e-07,13.864634629325707,0.9313043478260868,123.84,140.2179166666667,10,3
2022-10-21,2022,98.2928361900433,49.373440177424044,74.84920545207069,48.91939601261926,25.475765274646648,23.44363073797261,98.2928361900433,56.76446294024642,56.76446272836169,41.528373249796886,-2.1188472487665422e-07,41.52837346168161,0.9365217391304346,98.92999999999999,163.45000000000002,10,4
2022-10-22,2022,48.10995054675719,16.281096572527847,16.281096378331725,31.828853974229343,-1.9419612229398808e-07,31.828854168425465,48.10995054675719,13.199216490180385,13.199216538486324,34.91073405657681,4.8305938804560355e-08,34.910734008270865,0.5739130434782608,68.38,139.86708333333334,10,5
2022-10-23,2022,21.101074632604842,14.707604395929522,14.707604343350294,6.39347023667532,-5.257922808254989e-08,6.393470289254548,21.101074632604842,17.905781769795237,17.9057817703834,3.1952928628096053,5.881624076664593e-10,3.195292862221443,0.7608695652173912,47.92999999999999,95.75041666666668,10,6
2022-10-24,2022,183.14283965533355,113.48126265174969,113.48126270566117,69.66157700358386,5.391147794853168e-08,69.66157694967238,183.14283965533355,173.39789064212385,180.65548680911562,9.744949013209691,7.25759616699176,2.487352846217931,0.49391304347826087,109.22000000000001,80.61541666666666,10,0
2022-10-25,2022,232.09976745686888,203.5134386569618,203.5134386557455,28.58632879990708,-1.2163070550741395e-09,28.586328801123386,232.09976745686888,218.21393409809318,218.21393414739646,13.885833358775699,4.9303281457468984e-08,13.885833309472417,0.9617391304347825,135.74,105.39708333333333,10,1
2022-10-26,2022,75.12071045555624,60.00506050940679,61.869745361358895,15.115649946149446,1.8646848519521058,13.25096509419734,75.12071045555624,64.21516463310992,64.21516463228451,10.905545822446314,-8.25409074423078e-10,10.905545823271723,0.737391304347826,73.86999999999999,121.39583333333333,10,2
2022-10-27,2022,123.59211251964955,95.63388564915672,95.63388574530978,27.958226870492823,9.615305884835834e-08,27.958226774339764,123.59211251964955,68.03226959718144,97.42717827456748,55.55984292246811,29.39490867738604,26.164934245082065,0.9243478260869564,85.34,124.68625000000002,10,3
2022-10-28,2022,37.162213625576804,33.5003260476832,33.50032606117624,3.6618875778936015,1.349303602182772e-08,3.6618875644005655,37.162213625576804,34.44607949642413,34.02366421373134,2.716134129152671,-0.42241528269279627,3.1385494118454673,0.9658621667770921,46.39,105.5175,10,4
2022-10-29,2022,48.185743456081816,27.801207604572234,27.803172605904606,20.384535851509582,0.001965001332372651,20.38257085017721,48.185743456081816,41.5320452072278,28.28582889690039,6.653698248854013,-13.246216310327412,19.899914559181425,0.6903001304915181,58.45,101.06291666666668,10,5
2022-10-31,2022,70.65095401216863,-33.8869289107165,-33.886929529889976,104.53788292288513,-6.191734769345203e-07,104.53788354205861,70.65095401216863,-33.886929489144805,-33.88692952774618,104.53788350131343,-3.8601378093972016e-08,104.53788353991482,,100.77999999999999,145.2225,10,0
2022-11-01,2022,154.2314310573672,110.16744903798605,143.41266230565736,44.06398201938114,33.24521326767132,10.818768751709825,154.2314310573672,110.16744892241528,151.08266312316775,44.063982134951914,40.91521420075247,3.148767934199441,0.7530434782608695,97.91999999999999,68.855,11,1
2022-11-02,2022,274.1386579714564,260.3295770687767,260.3295770188039,13.809080902679682,-4.997281166652101e-08,13.809080952652494,274.1386579714564,262.4678938291246,262.4678935577024,11.670764142331791,-2.714222091526608e-07,11.670764413754,0.80234835556224,133.65,71.97166666666666,11,2
2022-11-03,2022,127.97392165367945,55.90616124734524,55.906161593239105,72.06776040633422,3.4589386643801845e-07,72.06776006044035,127.97392165367945,51.91853051082724,51.918531033722275,76.05539114285222,5.228950357150097e-07,76.05539061995718,0.7988693383023494,93.63000000000001,103.00624999999998,11,3
2022-11-04,2022,207.55076942650834,155.13773588819038,155.13773475065747,52.41303353831796,-1.1375329052043526e-06,52.41303467585087,207.55076942650834,176.60401272556123,176.60401246894287,30.946756700947105,-2.5661836389190285e-07,30.94675695756547,0.7669565217391304,152.44,178.53708333333336,11,4
2022-11-05,2022,16.555934474461548,-27.72113061581308,-27.721130566632468,44.27706509027463,4.918061335956736e-08,44.27706504109402,16.555934474461548,-27.721130515432918,-27.72113050488084,44.27706498989447,1.0552078322234593e-08,44.277064979342384,0.5161991859362488,97.15,132.28708333333336,11,5
2022-11-06,2022,135.28962367990178,24.491866387491964,24.491866379506934,110.79775729240981,-7.985029526480503e-09,110.79775730039485,135.28962367990178,3.3990514081174403,3.399051486777749,131.89057227178435,7.866030848902028e-08,131.89057219312403,0.5427266925429135,80.96000000000001,51.09375,11,6
2022-11-07,2022,275.41309367256565,118.45276691693422,135.2420461390631,156.96032675563143,16.78927922212887,140.17104753350256,275.41309367256565,242.09106214021733,242.0910620852784,33.32203153234832,-5.49389369552955e-08,33.322031587287256,0.5630985596506389,156.4,76.09541666666667,11,0
2022-11-08,2022,141.98507677115913,119.78054022767137,115.61874747567596,22.204536543487762,-4.1617927519954065,26.36632929548317,141.98507677115913,138.46292692702949,134.02708309622815,3.5221498441296433,-4.435843830801332,7.957993674930975,0.838990744208989,79.10999999999999,95.15458333333333,11,1
2022-11-09,2022,190.02184268265148,170.87096719531922,170.87096710553678,19.150875487332257,-8.9782446366371e-08,19.150875577114704,190.02184268265148,170.87096724212674,170.87096722752236,19.150875440524743,-1.4604381703975378e-08,19.150875455129125,0.8573913043478261,134.99,126.71875,11,2
2022-11-10,2022,217.05845589283314,177.4683645630089,177.46836456546825,39.59009132982425,2.459358938722289e-09,39.59009132736489,217.05845589283314,111.49636702852716,111.49636700963651,105.56208886430598,-1.889064549231989e-08,105.56208888319662,0.8599999999999999,119.13000000000001,137.25083333333333,11,3
2022-11-11,2022,206.89555766164668,186.62718921593324,186.62718935736947,20.268368445713435,1.4143623161544383e-07,20.268368304277203,206.89555766164668,194.1944279024873,192.9238608692729,12.701129759159386,-1.2705670332144052,13.971696792373791,0.7997390926173222,140.54,125.37583333333333,11,4
2022-11-12,2022,121.29443399088564,110.08187048927394,110.08534499710196,11.212563501611697,0.0034745078280167263,11.20908899378368,121.29443399088564,119.53048213159546,119.53048232269896,1.7639518592901737,1.9110349569473328e-07,1.763951668186678,0.9319417484931601,113.89999999999999,162.2541666666667,11,5
2022-11-13,2022,53.54892469919678,16.34726125577692,4.016567042944221,37.20166344341986,-12.3306942128327,49.53235765625256,53.54892469919678,32.3849851998966,32.38498521342042,21.163939499300184,1.3523823838568205e-08,21.16393948577636,0.5649054275747153,77.55000000000001,144.88333333333333,11,6
2022-11-14,2022,232.35453076032854,64.38502722745613,64.3850272308812,167.9695035328724,3.4250717817485565e-09,167.96950352944734,232.35453076032854,154.09778480430495,154.09778465489228,78.2567459560236,-1.49412670680249e-07,78.25674610543626,0.3609480407136364,160.3,160.79666666666665,11,0
2022-11-15,2022,128.73209700523506,5.588156937704383,5.588156972844057,123.14394006753068,3.513967428148135e-08,123.143940032391,128.73209700523506,5.588156946020781,5.5881569502731026,123.14394005921429,4.252321161857253e-09,123.14394005496196,0.8530434782608695,113.93,177.28875000000002,11,1
2022-11-16,2022,243.8586937680743,171.7861871679575,171.78618729952572,72.07250660011678,1.3156821410120756e-07,72.07250646854857,243.8586937680743,218.05870318280282,218.05870319971493,25.799990585271473,1.691211082288646e-08,25.799990568359362,0.8812528019399893,176.5,143.75666666666666,11,2
2022-11-17,2022,294.9963254487481,271.40374322269616,271.4037292038893,23.592582226051945,-1.4018806837157172e-05,23.592596244858782,294.9963254487481,271.40374643218087,271.40374649675925,23.592579016567242,6.457838708229247e-08,23.592578951988855,0.6789909298264182,189.05,99.89708333333334,11,3
2022-11-18,2022,131.42489383704037,63.78415645221578,63.78415847993875,67.64073738482459,2.0277229708653977e-06,67.64073535710162,131.42489383704037,63.78415854678728,63.78415855627891,67.64073529025309,9.491628816249431e-09,67.64073528076146,0.34311807725669774,115.54,171.03333333333333,11,4
2022-11-19,2022,172.2086779895185,18.54259931385084,18.509426959997782,153.66607867566765,-0.0331723538530575,153.69925102952072,172.2086779895185,119.13173081409542,119.13173639334714,53.07694717542307,5.579251720178036e-06,53.07694159617135,0.3718199696507941,148.31000000000003,198.6208333333333,11,5
2022-11-20,2022,74.74835251564957,62.73150853072451,62.731508525438606,12.01684398492506,-5.285905047003325e-09,12.016843990210965,74.74835251564957,62.73150856080778,62.73150854891003,12.01684395484179,-1.1897753893208574e-08,12.016843966739543,0.8480104570983024,103.55000000000001,210.28291666666667,11,6
2022-11-21,2022,257.3083829168974,196.85014538876192,196.85014121846208,60.4582375281355,-4.170299831685043e-06,60.45824169843533,257.3083829168974,218.44932015210952,218.4493200153155,38.85906276478789,-1.3679402854904765e-07,38.85906290158192,0.5909980570238937,196.04,253.81916666666666,11,0
2022-11-22,2022,298.59442128481373,213.4871016849399,213.48710170969028,85.10731959987385,2.475039195815043e-08,85.10731957512346,298.59442128481373,243.11736314982826,243.1173631585252,55.47705813498547,8.696929398865905e-09,55.47705812628854,0.8330434782608694,212.74999999999997,203.87875,11,1
2022-11-23,2022,184.38006503330925,103.39681255342977,103.39681265781398,80.98325247987948,1.0438421327307879e-07,80.98325237549527,184.38006503330925,103.96956998485797,103.96957003505268,80.41049504845128,5.019471416289889e-08,80.41049499825657,0.7026086956521739,148.61,177.98041666666666,11,2
2022-11-24,2022,273.36711195977176,181.06733886508846,240.4383671080175,92.2997730946833,59.37102824292904,32.92874485175426,273.36711195977176,154.51105550859026,263.4373936344101,118.8560564511815,108.92633812581985,9.929718325361648,0.8573913043478261,204.99,237.4625,11,3
2022-11-25,2022,238.9274309800773,227.43160261221396,227.43160260488685,11.49582836786334,-7.327116691158153e-09,11.495828375190456,238.9274309800773,212.09632452740482,212.0963245695044,26.831106452672486,4.2099571828657645e-08,26.831106410572914,0.9278260869565217,198.07999999999998,257.9266666666667,11,4
2022-11-26,2022,90.41624994100073,89.69354491084664,89.69354499809978,0.7227050301540885,8.725314160074049e-08,0.7227049429009469,90.41624994100073,89.69354504881214,89.69354505219088,0.7227048921885881,3.378744395376998e-09,0.7227048888098437,0.884105261169666,142.23000000000002,239.17333333333332,11,5
2022-11-27,2022,83.33272995846319,60.13811147530415,60.138111280209124,23.19461848315904,-1.950950263562845e-07,23.194618678254066,83.33272995846319,78.92013513623714,78.92013497516768,4.412594822226055,-1.6106945111005189e-07,4.412594983295506,0.754458460200087,82.47999999999999,146.64916666666667,11,6
2022-11-28,2022,424.26603942644,386.2717957198217,386.27179573847417,37.994243706618306,1.865248577814782e-08,37.99424368796582,424.26603942644,423.9612935068428,423.9612932154677,0.3047459195971669,-2.913751018240873e-07,0.3047462109722687,0.8641009119252957,296.0,291.6366666666667,11,0
2022-11-29,2022,338.5388464690287,332.7239720688756,332.72397075401614,5.814874400153144,-1.3148594462109031e-06,5.81487571501259,338.5388464690287,332.72397692249774,332.7239757998025,5.814869546530986,-1.1226952665310819e-06,5.814870669226252,0.9808695652173912,274.86,371.6425,11,1
2022-11-30,2022,271.1409072309357,271.14090820762567,271.14090803923966,-9.766899893293157e-07,-1.6838600913615664e-07,-8.083039801931591e-07,271.1409072309357,271.14090779432445,271.1409074419649,-5.633887667499948e-07,-3.523595637489052e-07,-2.1102920300108963e-07,0.9356521739130433,242.76,393.70208333333335,11,2
2022-12-01,2022,209.075927160585,198.1864737767055,198.18647377674588,10.889453383879498,4.0387249100604095e-11,10.889453383839111,209.075927160585,198.1864733583825,198.18647467614508,10.889453802202496,1.3177625817206717e-06,10.889452484439914,0.9121739130434783,212.15999999999997,394.355,12,3
2022-12-02,2022,111.09636643168021,-51.41500453895512,-51.41500460381205,162.5113709706353,-6.485693404556514e-08,162.51137103549226,111.09636643168021,-48.92284150589596,-48.92284150586129,160.01920793757617,3.466738007773529e-11,160.0192079375415,0.4356521739130434,190.20000000000002,339.20166666666665,12,4
2022-12-03,2022,95.83399895610987,-178.13194387527602,-178.13194399058318,273.96594283138586,-1.1530715937624336e-07,273.9659429466931,95.83399895610987,-57.28064704937461,-57.28064672271563,153.11464600548447,3.266589772010775e-07,153.1146456788255,0.24874973408216872,134.79000000000002,281.92041666666665,12,5
2022-12-04,2022,111.87050531313434,93.0024288362394,93.00242881194305,18.86807647689494,-2.4296355149999727e-08,18.868076501191297,111.87050531313434,93.00242870745049,93.00242870357894,18.868076605683854,-3.871548415190773e-09,18.868076609555402,0.9384649058554547,138.9,268.50500000000005,12,6
2022-12-05,2022,362.8753091171082,342.5754870396581,342.57548705907647,20.299822077450074,1.9418337160459487e-08,20.299822058031737,362.8753091171082,349.5830034982137,349.5830032719838,13.292305618894488,-2.2622992901233374e-07,13.292305845124417,0.9095652173913044,281.32000000000005,341.25916666666666,12,0
2022-12-06,2022,192.40846365862893,175.35561948119735,175.3556194573073,17.05284417743158,-2.389003839198267e-08,17.05284420132162,192.40846365862893,175.35561954355848,175.35561950506758,17.052844115070457,-3.849089580398868e-08,17.052844153561352,0.8478260869565216,205.12,386.44416666666666,12,1
2022-12-07,2022,307.56851566674044,288.0208632982731,288.020863353587,19.54765236846731,5.531387614610139e-08,19.547652313153435,307.56851566674044,288.0208606959519,288.0208604974421,19.54765497078853,-1.985098379009287e-07,19.547655169298366,0.7426086956521739,254.10999999999999,324.8254166666666,12,2
2022-12-08,2022,225.25162691969365,188.10203602201733,188.10204305923418,37.14959089767632,7.03721684658376e-06,37.14958386045947,225.25162691969365,188.10204412393216,188.1020446122509,37.14958279576149,4.883187330051442e-07,37.149582307442756,0.8843478260869565,228.53999999999996,387.5275,12,3
2022-12-09,2022,184.5966269113465,177.37636420167587,177.37636416959046,7.220262709670635,-3.2085409884530236e-08,7.220262741756045,184.5966269113465,177.23631623302788,177.23631622343447,7.360310678318626,-9.593406957719708e-09,7.360310687912033,0.8973913043478261,209.42000000000002,411.0420833333333,12,4
2022-12-10,2022,130.53565060472565,101.34486830356389,101.34486834686943,29.19078230116176,4.330554759235383e-08,29.190782257856213,130.53565060472565,101.34486863646184,101.34486863674337,29.190781968263806,2.815312427628669e-10,29.190781967982275,0.8756521739130434,165.02000000000004,354.6425,12,5
2022-12-11,2022,126.72537551216413,124.4070015910681,124.4070018976306,2.3183739210960397,3.065624980536086e-07,2.3183736145335416,126.72537551216413,121.68232226977341,121.68232226875962,5.043053242390727,-1.0137881645277957e-09,5.043053243404515,0.8808695652173912,161.63,326.7654166666667,12,6
2022-12-12,2022,384.67675348487825,367.2867713647768,367.2867710266057,17.389982120101422,-3.3817110534073436e-07,17.389982458272527,384.67675348487825,378.85005179665075,378.8500516400238,5.826701688227502,-1.56626924763259e-07,5.826701844854426,0.7156521739130434,320.17,433.93333333333334,12,0
2022-12-13,2022,461.1717561211469,461.1717564247419,461.17175642654286,-3.0359495895027067e-07,1.8009700397669803e-09,-3.0539592899003765e-07,461.1717561211469,456.5501658162265,456.5501657814818,4.621590304920403,-3.474474397080485e-08,4.621590339665147,0.9782608695652173,388.03,444.47666666666663,12,1
2022-12-14,2022,393.5065250081322,365.39762238373663,365.39762238394303,28.10890262439557,2.063984538835939e-10,28.10890262418917,393.5065250081322,365.630686954989,365.6306870306077,27.875838053143184,7.561868642369518e-08,27.875837977524498,0.8904347826086956,321.31,443.87583333333333,12,2
2022-12-15,2022,250.25969152455343,212.93720855515772,212.9372085566857,37.32248296939571,1.5279795206879498e-09,37.32248296786773,250.25969152455343,217.984177412721,217.98417751071705,32.27551411183242,9.799603617466346e-08,32.275514013836386,0.9130434782608695,229.81,396.96250000000003,12,3
2022-12-16,2022,334.35679363151655,238.61770744199742,238.617707415853,95.73908618951913,-2.6144419962292886e-08,95.73908621566355,334.35679363151655,238.61770772573055,238.61770772642566,95.739085905786,6.951097475393908e-10,95.73908590509089,0.8862796469570976,291.39000000000004,411.31374999999997,12,4
2022-12-17,2022,38.021991334491446,-47.1611567917918,-47.29219156820019,85.18314812628324,-0.13103477640839145,85.31418290269164,38.021991334491446,-43.0424430396895,-43.042442854827364,81.06443437418095,1.8486213804180807e-07,81.0644341893188,0.7031963636553615,135.56,268.9691666666667,12,5
2022-12-18,2022,29.176233543843995,8.227022854515294,8.227022816655207,20.9492106893287,-3.78600866213219e-08,20.949210727188788,29.176233543843995,4.796250763612273,4.7962507616097305,24.37998278023172,-2.0025421321179238e-09,24.379982782234265,0.7260869565217389,124.58000000000001,189.75958333333332,12,6
2022-12-19,2022,246.676675677709,115.44114012816073,115.44114013423815,131.23553554954827,6.077428338358004e-09,131.23553554347086,246.676675677709,203.79250073255602,203.79249711229374,42.88417494515298,-3.6202622766268178e-06,42.884178565415255,0.7594789266232547,173.47,191.9275,12,0
2022-12-20,2022,213.12239514272545,201.53042248219796,201.5304225492585,11.591972660527489,6.706054023197794e-08,11.591972593466949,213.12239514272545,211.54693176471818,211.54693214300303,1.5754633780072709,3.782848523314897e-07,1.5754629997224185,0.7172130311083632,158.08,185.8216666666667,12,1
2022-12-21,2022,87.13728090419286,17.836446614864805,17.836446526721005,69.30083428932807,-8.814379981458842e-08,69.30083437747186,87.13728090419286,34.43284286773239,34.432842734280975,52.70443803646047,-1.3345141525178406e-07,52.70443816991189,0.5539130434782608,132.91,214.60041666666666,12,2
2022-12-22,2022,90.25969325889403,87.64375540306017,87.64375541646102,2.615937855833863,1.3400850207290205e-08,2.615937842433013,90.25969325889403,87.64375524387022,87.6437553569407,2.615938015023815,1.1307048453090829e-07,2.6159379019533304,0.9112274991564435,97.18,192.63708333333332,12,3
2022-12-23,2022,75.13971962218143,43.040240506579025,43.04024347767836,32.099479115602406,2.9710993345588577e-06,32.09947614450307,75.13971962218143,68.30762748813302,68.30762718487756,6.832092134048409,-3.032554616311245e-07,6.832092437303871,0.7886835195599237,109.00999999999999,185.88875,12,4
2022-12-24,2022,195.46391702408823,161.50218657672,161.50218605111516,33.96173044736824,-5.25604832546378e-07,33.96173097297307,195.46391702408823,169.95343750222773,169.9534377047605,25.510479521860503,2.025327603405458e-07,25.510479319327743,0.8036529870346989,133.82,111.86666666666667,12,5
2022-12-25,2022,20.839077985257518,9.023058126767896,9.023058138774834,11.816019858489621,1.200693766634231e-08,11.816019846482684,20.839077985257518,9.023057918454072,9.023058115710583,11.816020066803446,1.9725651156932145e-07,11.816019869546935,0.5660869565217391,44.77999999999999,106.01125,12,6
2022-12-26,2022,79.3308180016761,51.09676423419717,66.38821981978597,28.23405376747894,15.291455585588807,12.942598181890133,79.3308180016761,46.60257242359825,63.94750391479113,32.72824557807786,17.34493149119288,15.38331408688498,0.7669565217391304,42.97,40.5325,12,0
2022-12-27,2022,254.89864002509944,77.73553615355857,143.23883223845777,177.16310387154087,65.5032960848992,111.65980778664166,254.89864002509944,204.9716273198618,204.97162866180003,49.927012705237644,1.3419382298707205e-06,49.927011363299414,0.6101326519532914,159.69,91.73416666666667,12,1
2022-12-28,2022,145.406456972116,126.40945624528932,97.53979062977051,18.99700072682667,-28.869665615518812,47.86666634234548,145.406456972116,126.40945712818099,113.6755481779878,18.996999843935,-12.733908950193182,31.730908794128183,0.8945423129493375,89.67999999999999,45.897083333333335,12,2
2022-12-29,2022,82.43426830494126,65.25085156816638,57.7844038606151,17.183416736774873,-7.466447707551282,24.649864444326155,82.43426830494126,68.21312002163428,58.61743865038933,14.221148283306974,-9.59568137124495,23.816829654551924,0.7921739130434783,53.589999999999996,13.57875,12,3
2022-12-30,2022,41.872489304540906,21.871030475090457,21.871030474138358,20.00145882945045,-9.520988442091038e-10,20.001458830402548,41.872489304540906,21.611449305379722,21.6114496870592,20.261039999161184,3.816794773570109e-07,20.261039617481707,0.29565217391304344,30.78,14.625416666666666,12,4
2022-12-31,2022,0.07999999969033222,-9.165716157895792,-10.482542872252953,9.245716157586124,-1.3168267143571608,10.562542871943286,0.07999999969033222,-9.491877964494453,-9.485419024802578,9.571877964184786,0.006458939691874832,9.565419024492911,0.07409042858736059,4.41,-0.7920833333333333,12,5
2023-01-01,2023,97.92157616444743,33.16192866820951,3.5282687756331314e-09,64.75964749623792,-33.16192866468124,97.92157616091916,97.92157616444743,7.196943932253034e-11,1.9092135292185563e-09,97.92157616437547,1.837244089896026e-09,97.92157616253822,-0.3986918495999357,60.97,14.913333333333336,1,6
2023-01-02,2023,182.42566917209675,128.3145153734348,145.93862584998607,54.111153798661945,17.624110476551266,36.48704332211068,182.42566917209675,97.2892433682475,97.28924369719464,85.13642580384925,3.2894713797304576e-07,85.13642547490211,0.7362927070547767,130.65,123.82000000000001,1,0
2023-01-03,2023,34.30662875693129,31.60072481785292,31.600724690693593,2.705903939078368,-1.2715932840023925e-07,2.7059040662376965,34.30662875693129,31.600724954774172,31.600725200568377,2.705903802157117,2.45794204545291e-07,2.7059035563629124,0.7791304347826087,77.52000000000001,145.95458333333332,1,1
2023-01-04,2023,125.52486716075583,124.43148589628454,124.43148596602452,1.0933812644712901,6.973998267767456e-08,1.0933811947313075,125.52486716075583,116.25056427556032,116.25056453743174,9.27430288519551,2.61871420548232e-07,9.27430262332409,0.8090474884542844,85.31,58.94166666666667,1,2
2023-01-05,2023,322.808380310352,241.99109235084674,241.99109245644715,80.81728795950525,1.056004066413152e-07,80.81728785390484,322.808380310352,241.9910934486752,241.99109273338564,80.81728686167679,-7.152895591389097e-07,80.81728757696635,0.2658255446841283,194.64999999999998,107.45541666666666,1,3
2023-01-06,2023,85.53710421731759,40.35558626246115,40.32177106219395,45.18151795485644,-0.033815200267198975,45.21533315512364,85.53710421731759,66.75768500380767,66.7576849965577,18.779419213509925,-7.2499659609093214e-09,18.77941922075989,0.8984562073667142,81.57,117.47333333333334,1,4
2023-01-07,2023,1.4697749303416954,-26.063100188566885,-26.063100201214567,27.53287511890858,-1.2647682012811856e-08,27.532875131556263,1.4697749303416954,-26.063100081983983,-26.06310008361272,27.53287501232568,-1.6287380333324109e-09,27.532875013954417,0.011304347826086955,73.75,88.80874999999999,1,5
2023-01-08,2023,185.5877774552941,85.33192018561094,90.55810526856352,100.25585726968315,5.226185082952583,95.02967218673056,185.5877774552941,1.3692015601395855e-08,85.33192016834323,185.58777744160207,85.33192015465121,100.25585728695086,0.02826701523661008,118.45,68.94166666666666,1,6
2023-01-09,2023,203.11775375508037,192.12811751138415,192.12811540370762,10.989636243696225,-2.1076765222005633e-06,10.989638351372747,203.11775375508037,199.36588595875813,199.36588571929508,3.7518677963222444,-2.394630485014204e-07,3.751868035785293,0.7553816225537187,142.77,129.29166666666666,1,0
2023-01-10,2023,67.52715862568827,48.01870876039148,45.114076934304556,19.50844986529679,-2.904631826086927,22.413081691383717,67.52715862568827,48.01870887842749,48.018708878025606,19.508449747260784,-4.0188297134591267e-10,19.508449747662667,0.6936290661906628,122.37,123.13041666666665,1,1
2023-01-11,2023,217.42478614696148,210.31430560899466,210.3143055490036,7.110480537966822,-5.99910663368064e-08,7.1104805979578884,217.42478614696148,210.3475332969884,210.34753343669928,7.0772528499730925,1.3971089174447116e-07,7.077252710262201,0.6840617687259638,132.87,84.08083333333333,1,2
2023-01-12,2023,194.5314778406102,186.36275150005423,186.36275371242056,8.168726340555963,2.212366325693438e-06,8.168724128189638,194.5314778406102,183.5571513870068,183.55715063019426,10.974326453603396,-7.568125397483527e-07,10.974327210415936,0.7913043478260868,119.39,70.74291666666666,1,3
2023-01-13,2023,163.85504414486795,138.35748972204559,138.35748995748096,25.49755442282236,2.3543537963632843e-07,25.49755418738698,163.85504414486795,150.61436860071188,139.25252178176382,13.240675544156062,-11.361846818948067,24.60252236310413,0.8991304347826086,103.93,66.64208333333333,1,4
2023-01-14,2023,17.969851005447033,-25.35197585304405,-63.19256072512499,43.32182685849108,-37.84058487208094,81.16241173057202,17.969851005447033,-7.130298713678194,-40.896233330668494,25.100149719125227,-33.7659346169903,58.86608433611553,0.047826086956521734,49.82,29.344166666666666,1,5
2023-01-15,2023,61.05314085985762,1.0070394347136018,5.003278264097446,60.046101425144016,3.9962388293838442,56.049862595760175,61.05314085985762,1.2626127898838053,21.355167340522236,59.79052806997382,20.092554550638432,39.697973519335385,-0.1391304347826087,37.18,9.259166666666667,1,6
2023-01-16,2023,173.4214696860297,-77.46297874589048,-6.061664801897491e-08,250.8844484319202,77.46297868527384,173.42146974664635,173.4214696860297,96.34613263512999,76.33763736609983,77.0753370508997,-20.008495269030163,97.08383231992987,0.042617961433658286,129.89000000000001,128.74875,1,0
2023-01-17,2023,109.31254930631323,39.10206443274048,39.104396426042925,70.21048487357275,0.0023319933024481543,70.2081528802703,109.31254930631323,40.87010292739485,40.8701029273973,68.44244637891838,2.4442670110147446e-12,68.44244637891593,0.6527506133869497,99.32000000000001,133.56666666666666,1,1
2023-01-18,2023,44.824186249886196,-0.4467829262053531,-0.44678369864169554,45.27096917609155,-7.724363424443936e-07,45.27096994852789,44.824186249886196,-0.4467829512714605,-0.4467829292583456,45.270969201157655,2.2013114886476615e-08,45.270969179144544,0.6095652173913042,75.98999999999998,143.75625,1,2
2023-01-19,2023,110.28013849218799,32.81182728192425,32.81182725077428,77.46831121026374,-3.1149973267474707e-08,77.46831124141372,110.28013849218799,42.071586990395346,42.07158699063897,68.20855150179264,2.4362378781006555e-10,68.20855150154901,0.5705588306220373,99.58999999999999,148.21375,1,3
2023-01-20,2023,71.47637290188617,34.19187704539622,34.19187698436654,37.28449585648995,-6.102968086452165e-08,37.28449591751963,71.47637290188617,34.19187712467337,34.19187702900838,37.2844957772128,-9.566498704316473e-08,37.284495872877784,0.6484018418120866,92.62,180.65958333333333,1,4
2023-01-21,2023,8.151324059860956,-31.530312428183667,-31.530312428047026,39.681636488044624,1.3664092080034607e-10,39.68163648790798,8.151324059860956,-31.530312429805697,-31.53031243850317,39.68163648966665,-8.697472964058761e-09,39.68163649836413,0.7104347826086955,61.12999999999998,144.39166666666665,1,5
2023-01-22,2023,78.65460503304881,57.98748753444444,32.7958054518776,20.66711749860437,-25.191682082566842,45.85879958117121,78.65460503304881,32.7958054394001,4.111586997099715e-08,45.85879959364871,-32.79580539828423,78.65460499193294,0.3698869982249174,85.3,151.15083333333334,1,6
2023-01-23,2023,120.56800275889486,70.62713697303354,70.62713697291095,49.94086578586132,-1.2259704362804769e-10,49.94086578598392,120.56800275889486,73.11841751831767,73.11841751262297,47.44958524057719,-5.694701599168184e-09,47.449585246271894,0.5265450210025294,122.63000000000002,202.73416666666665,1,0
2023-01-24,2023,94.85093458553531,92.0077305208512,92.00773052085879,2.843204064684116,7.58859641791787e-12,2.8432040646765273,94.85093458553531,92.8170064157995,92.81700640403677,2.033928169735816,-1.1762722351704724e-08,2.0339281814985384,0.952815852052503,107.38,202.69291666666663,1,1
2023-01-25,2023,54.985287306732154,54.71880186355172,54.71880188536182,0.26648544318043577,2.1810102168728918e-08,0.2664854213703336,54.985287306732154,54.71880189366539,54.718801890534806,0.26648541306676066,-3.130587344912783e-09,0.266485416197348,0.9589041322573112,78.34,181.7420833333333,1,2
2023-01-26,2023,39.98277559916749,37.23394672743411,37.233946723560976,2.74882887173338,-3.873132925491518e-09,2.748828875606513,39.98277559916749,37.233946727458324,37.233946730721996,2.748828871709165,3.2636719993206498e-09,2.748828868445493,0.917391304347826,68.28,167.66875000000002,1,3
2023-01-27,2023,56.50495162279175,51.85278933571873,51.852789333831915,4.652162287073018,-1.8868178131015156e-09,4.652162288959836,56.50495162279175,51.852789470650656,51.852789439715814,4.652162152141095,-3.093484224336862e-08,4.652162183075937,0.8512397499489432,75.58999999999999,168.76125000000002,1,4
2023-01-28,2023,11.405953536794355,-0.391104802157356,-0.39110520891140155,11.797058338951711,-4.067540455565677e-07,11.797058745705757,11.405953536794355,-0.3911047888861745,-0.39110478483223154,11.79705832568053,4.053942959103551e-09,11.797058321626587,0.8816877737079755,51.230000000000004,144.69875,1,5
2023-01-29,2023,5.247620814133121,-12.241289192687391,-13.778427134268437,17.48891000682051,-1.5371379415810456,19.02604794840156,5.247620814133121,-7.951419148675471,-13.082585344270473,13.199039962808591,-5.131166195595003,18.330206158403595,0.29130434782608694,91.77999999999999,123.58791666666667,1,6
2023-01-30,2023,169.86110922965003,-23.814357053128553,24.126806873045513,193.6754662827786,47.94116392617407,145.7343023566045,169.86110922965003,1.6946546892398368e-08,107.11699675524257,169.86110921270347,107.11699673829602,62.74411247440746,0.3278260869565217,113.47,74.21375,1,0
2023-01-31,2023,85.25256092424895,78.35256068929877,78.35256113322333,6.900000234950184,4.439245628873323e-07,6.899999791025621,85.25256092424895,77.21661247612093,77.21661175191525,8.035948448128025,-7.242056767609029e-07,8.035949172333702,0.374429232595712,113.41999999999999,117.32166666666667,1,1
2023-02-01,2023,56.422057159612606,33.297177219067876,33.29418122802792,23.12487994054473,-0.0029959910399597334,23.12787593158469,56.422057159612606,32.81251829320401,32.81251807916846,23.6095388664086,-2.140355448432274e-07,23.609539080444144,0.6392694215048741,63.14999999999999,93.07791666666668,2,2
2023-02-02,2023,147.75025876377387,84.0113504747622,84.01135049666314,63.738908289011675,2.1900945057495846e-08,63.73890826711073,147.75025876377387,114.33956613106554,114.33956613514233,33.41069263270833,4.076795789842436e-09,33.41069262863154,0.8582608695652173,115.35000000000001,136.14666666666668,2,3
2023-02-03,2023,1.2312283751526651,-30.19905264821675,-30.19905223395986,31.430281023369414,4.142568883480635e-07,31.430280609112526,1.2312283751526651,-30.19905263443239,-30.1990523047032,31.430281009585055,3.2972918972973275e-07,31.430280679855866,0.5093519403118103,29.489999999999995,102.61083333333333,2,4
2023-02-04,2023,77.01096856082133,15.239061105834065,-1.1346807554614237e-09,61.77190745498726,-15.239061106968744,77.010968561956,77.01096856082133,1.3855758933070687e-09,-4.555531904185941e-10,77.01096855943575,-1.8411290837256627e-09,77.01096856127688,0.6354937530278009,84.8,146.01125,2,5
2023-02-05,2023,47.0798598007431,-11.308380586923292,-11.308380397251682,58.38824038766639,1.8967160997362953e-07,58.38824019799478,47.0798598007431,-11.308380356772396,-11.30838063386862,58.3882401575155,-2.7709622330007733e-07,58.38824043461172,0.3878260869565217,64.42999999999999,131.36666666666667,2,6
2023-02-06,2023,48.74822975458626,-1.6686878072099702,-1.6686876709673797,50.41691756179623,1.3624259054267895e-07,50.41691742555364,48.74822975458626,20.962772375513875,20.962772138263844,27.785457379072387,-2.3725003117647248e-07,27.785457616322418,0.178734511726873,73.4,172.96333333333334,2,0
2023-02-07,2023,137.04549897496835,85.28985788101961,85.28985788143177,51.75564109394874,4.121574193050037e-10,51.75564109353658,137.04549897496835,75.39052121604485,75.39052121607553,61.65497775892351,3.0681235330121126e-11,61.65497775889283,0.8197434418616925,110.73999999999998,172.92249999999999,2,1
2023-02-08,2023,66.58893307706211,38.74882176799947,38.74882176970365,27.840111309062635,1.7041799083017395e-09,27.840111307358455,66.58893307706211,38.748821782103406,38.74882177459119,27.840111294958703,-7.51221307382366e-09,27.840111302470916,0.540552306755482,97.25,152.10458333333335,2,2
2023-02-09,2023,84.09802081837361,57.676227727930545,57.67622771986794,26.421793090443067,-8.06260658237079e-09,26.421793098505674,84.09802081837361,66.96239430758428,69.99252983753263,17.135626510789336,3.0301355299483532,14.105490980840983,0.5214177118260844,64.9,132.54458333333335,2,3
2023-02-10,2023,75.69119507831995,32.92572959995954,32.925729576697684,42.76546547836041,-2.3261854664724524e-08,42.765465501622266,75.69119507831995,37.18806235826531,37.18806240007426,38.50313272005464,4.180894563887705e-08,38.50313267824569,0.33391304347826084,151.23,125.92291666666667,2,4
2023-02-11,2023,76.09136081605241,-7.991284380688187,-7.9912843822376765,84.0826451967406,-1.5494894256562475e-09,84.0826451982901,76.09136081605241,-12.58248739874804,-7.991284380034735,88.67384821480046,4.591203018713305,84.08264519608716,-0.2008695652173913,73.06,106.26791666666668,2,5
2023-02-12,2023,34.32022252940416,1.9548213824011267,1.9548214701813365,32.365401147003034,8.778020976762946e-08,32.365401059222826,34.32022252940416,14.12322384651527,14.123223900055327,20.196998682888893,5.3540057720624645e-08,20.196998629348833,0.7688628144357941,61.47000000000001,136.30875,2,6
2023-02-13,2023,117.94649737440315,-26.401945515493054,-26.40194550987035,144.3484428898962,5.622702303753613e-09,144.3484428842735,117.94649737440315,37.734188568517084,37.734188462482,80.21230880588607,-1.0603508115991644e-07,80.21230891192116,0.6296215745976511,92.76000000000002,163.49625,2,0
2023-02-14,2023,103.80280129574017,87.15925017264371,87.15846306048138,16.643551123096458,-0.0007871121623281851,16.644338235258786,103.80280129574017,100.82060466948647,100.82060466902807,2.982196626253696,-4.5839954054827103e-10,2.9821966267120956,0.8728779973947821,81.57,154.49291666666667,2,1
2023-02-15,2023,49.059928868106596,45.365739841932154,45.36422311227934,3.694189026174442,-0.0015167296528133534,3.6957057558272552,49.059928868106596,48.503362926776745,48.50336292244136,0.5565659413298505,-4.335383607667609e-09,0.5565659456652341,0.8796523162048546,69.66,143.52124999999998,2,2
2023-02-16,2023,54.38863273999418,39.08091907139061,39.08091903757006,15.307713668603569,-3.382054813982904e-08,15.307713702424117,54.38863273999418,44.88796544487488,47.785277602452766,9.5006672951193,2.897312157577886,6.6033551375414135,0.8408695652173912,67.27000000000001,136.73125,2,3
2023-02-17,2023,85.58605053233443,-31.491129187242024,-27.724067008919036,117.07717971957645,3.7670621783229876,113.31011754125346,85.58605053233443,-34.425710159475926,-29.250940133734183,120.01176069181035,5.1747700257417435,114.8369906660686,0.29130434782608694,107.68,81.14916666666666,2,4
2023-02-18,2023,177.59447764432122,88.73433511630576,88.84092024168811,88.86014252801546,0.10658512538235243,88.7535574026331,177.59447764432122,88.84091964124002,68.20289968412722,88.7535580030812,-20.638019957112803,109.391577960194,-0.33652173913043476,121.80999999999999,94.67291666666667,2,5
2023-02-19,2023,59.40999681747338,23.113357249982837,35.270554284008625,36.296639567490544,12.157197034025788,24.139442533464752,59.40999681747338,31.457662954670468,31.457662976983094,27.95233386280291,2.231262641316789e-08,27.952333840490283,0.7956521739130433,66.14999999999999,114.05416666666667,2,6
2023-02-20,2023,184.0816703486029,110.96420647540158,104.86457758761443,73.11746387320132,-6.099628887787148,79.21709276098846,184.0816703486029,110.9642064648881,134.94480611650147,73.1174638837148,23.980599651613375,49.13686423210143,0.657391304347826,90.53,61.417083333333345,2,0
2023-02-21,2023,196.5921172634241,158.11840931303848,158.11840928715733,38.4737079503856,-2.5881149667839054e-08,38.47370797626675,196.5921172634241,158.11840912303506,158.11840910015945,38.47370814038902,-2.287561073899269e-08,38.47370816326463,0.748695652173913,132.12,122.44583333333333,2,1
2023-02-22,2023,20.339791384177317,16.05973433690765,10.191699160718159,4.280057047269668,-5.86803517618949,10.148092223459159,20.339791384177317,16.059734322793265,10.191699163972643,4.280057061384053,-5.868035158820621,10.148092220204674,0.834529265216227,51.040000000000006,148.64791666666665,2,2
2023-02-23,2023,16.632674393926102,-17.923445833168017,-17.911677078911712,34.55612022709412,0.011768754256305414,34.54435147283782,16.632674393926102,-1.428931300464491,-1.4289312972610997,18.061605694390593,3.2033913299756023e-09,18.061605691187204,0.8862796469570976,53.30000000000001,146.12041666666667,2,3
2023-02-24,2023,5.337152666260554,3.300722165558007,3.300722147520956,2.036430500702547,-1.803705096392605e-08,2.036430518739598,5.337152666260554,3.2572648457437676,3.3007221365607684,2.0798878205167863,0.04345729081700078,2.0364305296997856,0.381387267115493,76.47000000000001,118.3025,2,4
2023-02-25,2023,104.66716558695227,13.646062299279595,23.922909897198824,91.02110328767267,10.276847597919229,80.74425568975344,104.66716558695227,12.907674877239696,23.205455688923912,91.75949070971257,10.297780811684216,81.46170989802835,0.041748207118685654,91.57999999999998,89.29041666666666,2,5
2023-02-26,2023,131.55215767312424,106.40194215813055,106.40194216760223,25.15021551499369,9.471676776229287e-09,25.150215505522013,131.55215767312424,106.40194220348788,106.40194219828331,25.150215469636365,-5.204569220040867e-09,25.150215474840934,0.855838245933056,101.91,109.82208333333335,2,6
2023-02-27,2023,81.33591425053943,32.00136074489096,32.00136074506216,49.33455350564847,1.7119816675403854e-10,49.334553505477274,81.33591425053943,32.001360756264326,32.001360736149735,49.334553494275106,-2.011459088180345e-08,49.3345535143897,0.67275496263132,78.08000000000001,152.27458333333334,2,0
2023-02-28,2023,97.11437967088379,65.31483343422288,65.31483343523604,31.799546236660916,1.0131628869203269e-09,31.799546235647753,97.11437967088379,65.31483339813964,65.31483339768735,31.799546272744152,-4.5228887302073417e-10,31.79954627319644,0.8582608695652173,77.16000000000001,148.045,2,1
2023-03-01,2023,89.93172006331713,88.10418998016364,88.10418998779548,1.8275300831534906,7.63184004881623e-09,1.8275300755216506,89.93172006331713,88.10419013585013,88.1041901366277,1.8275299274669976,7.775611265969928e-10,1.8275299266894365,0.9638974378573625,71.91,142.96833333333333,3,2
2023-03-02,2023,77.65452167037478,72.79822286342926,72.79845912901033,4.856298806945517,0.00023626558106570883,4.856062541364452,77.65452167037478,70.632121393992,70.63212139195815,7.022400276382783,-2.0338433159849956e-09,7.022400278416626,0.9460635953699293,71.27,144.30666666666664,3,3
2023-03-03,2023,62.430102242283674,39.789482300079754,39.78948233007784,22.64061994220392,2.999808401682458e-08,22.640619912205835,62.430102242283674,41.84145384722362,41.8414538631471,20.588648395060055,1.592348297663193e-08,20.588648379136572,0.6340508956150385,93.75999999999999,136.76375,3,4
2023-03-04,2023,48.37729365108732,-12.319909865734395,-12.281333773726594,60.697203516821716,0.03857609200780132,60.658627424813915,48.37729365108732,-10.58205639346448,-10.58205639886286,58.9593500445518,-5.39838040936047e-09,58.95935004995018,0.21048054422337356,62.28999999999999,107.47166666666665,3,5
2023-03-05,2023,52.52761516994006,43.89733450192106,43.89733449320978,8.630280668019005,-8.711275256700901e-09,8.63028067673028,52.52761516994006,43.10668214170213,43.106682113211775,9.420933028237933,-2.849035496410579e-08,9.420933056728288,0.6931941890331764,67.38000000000001,121.78666666666668,3,6
2023-03-06,2023,71.2841022739635,-18.10140715660121,-18.101407565945873,89.38550943056471,-4.093446648312238e-07,89.38550983990937,71.2841022739635,28.880759993100206,28.880760202706647,42.40334228086329,2.0960644064871303e-07,42.40334207125685,0.19221570360894855,108.51,150.67291666666665,3,0
2023-03-07,2023,89.74881998546628,-16.413105098114876,18.874709709339292,106.16192508358117,35.28781480745417,70.874110276127,89.74881998546628,39.73066179726403,18.874709756628548,50.01815818820226,-20.85595204063548,70.87411022883774,0.2857764515669166,85.56000000000002,106.86791666666666,3,1
2023-03-08,2023,42.88169387240714,24.513116511682163,24.51311653027822,18.368577360724977,1.8596058026787432e-08,18.36857734212892,42.88169387240714,24.513116496007154,24.51311653334265,18.368577376399987,3.7335496472223895e-08,18.36857733906449,0.5755927915173513,62.099999999999994,138.89041666666665,3,2
2023-03-09,2023,16.820007484808006,12.071180105654388,12.071180112039329,4.748827379153617,6.384940576253939e-09,4.748827372768677,16.820007484808006,12.008537426003926,12.00853742497812,4.81147005880408,-1.0258052185463384e-09,4.811470059829885,0.9119373992487899,49.68000000000001,127.19916666666666,3,3
2023-03-10,2023,13.732000188405703,13.498586458993074,13.498586471130873,0.2334137294126286,1.2137798321987248e-08,0.2334137172748303,13.732000188405703,9.233189182180048,13.707079313339428,4.4988110062256546,4.473890131159379,0.024920875066275272,0.9321739130434782,53.31999999999999,115.61375,3,4
2023-03-11,2023,127.30168955574266,12.363841110884504,12.363841136540124,114.93784844485815,2.565561985079512e-08,114.93784841920254,127.30168955574266,44.361813067078295,43.985147997955025,82.93987648866437,-0.3766650691232698,83.31654155778763,0.40086956521739125,85.0,98.60500000000002,3,5
2023-03-12,2023,71.48769584545933,-35.203609468774516,-35.20360946855351,106.69130531423384,2.2100721253082156e-10,106.69130531401284,71.48769584545933,-32.780020630618246,-32.78002066783273,104.26771647607757,-3.721448393889659e-08,104.26771651329206,0.4805392590223714,72.08,95.53250000000001,3,6
2023-03-13,2023,247.2494042811365,143.62171666867914,143.62171668831348,103.62768761245735,1.9634342152130557e-08,103.62768759282301,247.2494042811365,143.62171654495307,143.62171670032095,103.62768773618342,1.5536787145720155e-07,103.62768758081555,0.7620704654197478,95.03,37.13916666666667,3,0
2023-03-14,2023,265.3599106264801,248.2736216979448,248.28394682487067,17.086288928535282,0.010325126925863515,17.07596380160942,265.3599106264801,251.25792973974126,251.25792974234304,14.10198088673883,2.6017801246780436e-09,14.101980884137049,0.6131767920556956,150.37,71.47958333333334,3,1
2023-03-15,2023,156.11425217510507,142.5195706690146,119.54242944699664,13.594681506090467,-22.977141222017963,36.57182272810843,156.11425217510507,119.54242952229713,89.03576253351216,36.57182265280794,-30.50666698878497,67.07848964159291,0.72,108.44,127.72458333333333,3,2
2023-03-16,2023,56.277182826364545,43.802418237854354,43.802418264387065,12.47476458851019,2.6532710251103708e-08,12.47476456197748,56.277182826364545,46.451696080151684,46.451696095620974,9.82548674621286,1.546928984907936e-08,9.82548673074357,0.7278260869565217,63.86,105.57458333333334,3,3
2023-03-17,2023,127.40349764928365,86.96445394859438,86.96445308088421,40.43904370068927,-8.677101703824519e-07,40.43904456839944,127.40349764928365,27.54272942921004,41.00156102300514,99.86076822007361,13.458831593795097,86.40193662627851,0.3695652173913043,85.91000000000001,92.34750000000001,3,4
2023-03-18,2023,91.0984428319275,39.70596806029491,45.183310275154945,51.39247477163259,5.4773422148600375,45.915132556772555,91.0984428319275,47.58871121730807,47.58871121684272,43.50973161461943,-4.653486485040048e-10,43.50973161508478,0.7295652173913043,89.11999999999999,109.33749999999998,3,5
2023-03-19,2023,40.227659855793846,38.250604744472135,38.250604744277595,1.977055111321711,-1.9453949562375783e-10,1.9770551115162505,40.227659855793846,38.2506047590188,38.25060476566502,1.9770550967750466,6.646217798333964e-09,1.9770550901288289,0.962818026674688,58.86999999999999,111.99208333333333,3,6
2023-03-20,2023,48.55627360202614,42.585566224034736,42.58556621405411,5.970707377991403,-9.980624326999532e-09,5.970707387972027,48.55627360202614,42.58556623348967,40.89057232212837,5.970707368536466,-1.6949939113613013,7.6657012798977675,0.7788649890579792,65.51,125.1729166666667,3,0
2023-03-21,2023,14.719165015443929,6.13392226195737,5.923117656393085,8.58524275348656,-0.2108046055642845,8.796047359050844,14.719165015443929,6.034950335119371,6.034950330274416,8.684214680324558,-4.844954659688483e-09,8.684214685169513,0.7721739130434783,52.900000000000006,115.0525,3,1
2023-03-22,2023,203.13515735043163,118.308368677536,133.03469101653553,84.82678867289563,14.726322338999537,70.1004663338961,203.13515735043163,5.4399565023701095e-09,90.65547655753129,203.13515734499168,90.65547655209133,112.47968079290034,0.6034782608695652,122.86,80.17791666666666,3,2
2023-03-23,2023,215.91198949032454,201.39461932480398,201.39461931819687,14.51737016552056,-6.607109526157728e-09,14.51737017212767,215.91198949032454,177.92731314278342,200.94101122751493,37.984676347541125,23.013698084731516,14.97097826280961,0.96,111.21,74.70958333333333,3,3
2023-03-24,2023,218.69198349972177,188.2339307466868,188.2339307746343,30.458052753034963,2.7947493208557717e-08,30.45805272508747,218.69198349972177,184.96858629397775,188.2339307815973,33.72339720574402,3.265344487619558,30.458052718124463,0.8793216124373165,114.16000000000001,53.115833333333335,3,4
2023-03-25,2023,125.20280735343215,124.42056860877088,118.58697019069385,0.7822387446612709,-5.833598418077031,6.615837162738302,125.20280735343215,124.54891284615555,124.54891272649634,0.653894507276604,-1.1965920521106455e-07,0.6538946269358092,0.937799043062201,83.06,14.66625,3,5
2023-03-27,2023,158.67959087717188,129.96482072095154,79.86054138979259,28.71477015622034,-50.10427933115895,78.81904948737929,158.67959087717188,72.09300758764803,72.09300758270112,86.58658328952384,-4.946912213199539e-09,86.58658329447076,,108.57,92.31833333333333,3,0
2023-03-28,2023,153.40250208331202,127.10720187893443,127.10720186524642,26.295300204377583,-1.3688008948520292e-08,26.29530021806559,153.40250208331202,127.10720169260627,127.1072018643831,26.295300390705748,1.7177683275804156e-07,26.295300218928915,0.6918895575607176,82.32,113.15125,3,1
2023-03-29,2023,54.453127290862746,40.22681162338709,40.22680688101438,14.226315667475653,-4.74237270964295e-06,14.226320409848363,54.453127290862746,42.19316715627692,42.19316713059463,12.259960134585825,-2.5682290072381875e-08,12.259960160268115,0.8062622499796167,57.2,116.53916666666667,3,2
2023-03-30,2023,211.36235913228316,176.95292637054933,176.9529263750946,34.409432761733825,4.54525661552907e-09,34.40943275718857,211.36235913228316,106.90581595386807,173.3319998612074,104.45654317841509,66.42618390733934,38.03035927107575,0.5605566559998522,123.55000000000001,81.44083333333333,3,3
2023-03-31,2023,105.0133575712597,44.4930050065372,44.49300500942217,60.5203525647225,2.8849669320152316e-09,60.520352561837534,105.0133575712597,44.49300670218409,19.460347965193627,60.520350869075614,-25.032658736990463,85.55300960606607,0.48445315343974815,89.01999999999998,97.59375,3,4
2023-04-01,2023,84.9783657735529,-8.126524156661562,53.18521481058087,93.10488993021445,61.31173896724243,31.793150962972028,84.9783657735529,-14.895519879795273,50.514236950202466,99.87388565334817,65.40975682999775,34.46412882335043,0.17134160004960572,57.39,55.765833333333326,4,5
2023-04-02,2023,180.94273427041617,152.71516453688972,152.51578272838307,28.22756973352645,-0.19938180850664367,28.426951542033095,180.94273427041617,119.08893040950066,119.19441245378931,61.853803860915505,0.10548204428864949,61.748321816626856,0.7858078729663749,117.28999999999999,67.33083333333333,4,6
2023-04-03,2023,150.70676929350958,95.79482491279023,95.79482484218914,54.91194438071935,-7.060108941914223e-08,54.91194445132044,150.70676929350958,96.0624953536551,96.06249541902541,54.644273939854486,6.537031538300653e-08,54.64427387448417,0.895756787110139,95.88,114.79791666666667,4,0
2023-04-04,2023,119.13695461614392,108.54999543719212,108.54999535731541,10.586959178951801,-7.987671324372059e-08,10.586959258828514,119.13695461614392,108.40608670958264,108.40608662705782,10.730867906561286,-8.252482075477019e-08,10.730867989086107,0.9182608695652172,73.07,132.06958333333333,4,1
2023-04-05,2023,145.3977486020832,135.70499579963186,135.70499579932698,9.692752802451338,-3.048796770599438e-10,9.692752802756218,145.3977486020832,131.64964324960482,131.64964321673,13.748105352478376,-3.287482286395971e-08,13.748105385353199,0.9519460977375304,94.32999999999998,140.97166666666666,4,2
2023-04-06,2023,29.54073999996703,14.836073209061052,14.836070560487222,14.704666790905979,-2.6485738295889405e-06,14.704669439479808,29.54073999996703,13.338746744557607,13.338746744114417,16.201993255409423,-4.431903732893261e-10,16.201993255852614,0.8767123494923988,58.53,124.28458333333333,4,3
2023-04-07,2023,38.65213519250281,-13.548131477761729,-16.42416753763308,52.20026667026454,-2.8760360598713497,55.07630273013589,38.65213519250281,-42.536274089585746,-45.41231016281354,81.18840928208856,-2.8760360732277945,84.06444535531635,0.606086956521739,53.55000000000001,108.63041666666668,4,4
2023-04-08,2023,21.296415782397684,9.803010062080148,9.803009810194297,11.493405720317536,-2.5188585084379156e-07,11.493405972203387,21.296415782397684,11.062635882054062,9.77322804368088,10.233779900343622,-1.2894078383731813,11.523187738716803,0.8007830248625472,45.370000000000005,116.89416666666666,4,5
2023-04-09,2023,94.98022618538634,89.82625218177198,89.826252195317,5.1539740036143655,1.3545019328375929e-08,5.153973990069346,94.98022618538634,94.9802261985229,94.98022615447111,-1.3136556731296878e-08,-4.405178799515852e-08,3.091523126386164e-08,0.7792038470200878,78.46000000000001,105.04750000000001,4,6
2023-04-10,2023,104.36280787307848,93.95256443248805,93.95256462376891,10.410243440590435,1.9128086137243372e-07,10.410243249309573,104.36280787307848,93.95256462422323,93.95256454241061,10.410243248855252,-8.181261534900841e-08,10.410243330667868,0.7532072367662871,107.03,39.974583333333335,4,0
2023-04-11,2023,443.1141432795257,243.71434385914912,243.71434386768453,199.39979942037658,8.535408824172919e-09,199.39979941184117,443.1141432795257,270.6191591163278,270.6191591241869,172.4949841631979,7.859114248276455e-09,172.49498415533878,0.17529362249842828,165.48,59.98541666666667,4,1
2023-04-12,2023,67.34165258192739,47.65922989173053,47.65923751160868,19.68242269019686,7.619878147124837e-06,19.68241507031871,67.34165258192739,45.998530013706734,45.99852989595605,21.343122568220657,-1.1775068742281292e-07,21.343122685971345,0.74815144093622,66.29,107.6925,4,2
2023-04-13,2023,138.20804233463235,60.70235674557425,60.70235676004394,77.5056855890581,1.4469691222984693e-08,77.50568557458841,138.20804233463235,85.02881018327206,85.02881018286452,53.179232151360296,-4.0753889152256306e-10,53.179232151767835,0.737391304347826,109.66000000000001,108.41375000000001,4,3
2023-04-14,2023,64.52341199989091,11.867690091965109,4.655233847648798,52.6557219079258,-7.212456244316311,59.86817815224211,64.52341199989091,4.655233836506918,4.655233862843973,59.868178163383995,2.6337055203384807e-08,59.86817813704694,0.6133101928605059,70.87000000000002,128.79583333333335,4,4
2023-04-15,2023,39.1283760023905,-37.53767472524849,-37.5376746784525,76.666050727639,4.6795996411219676e-08,76.666050680843,39.1283760023905,-60.62968164151942,-30.626288818541955,99.75805764390992,30.003392822977464,69.75466482093246,0.6015659551248792,52.33999999999999,106.79708333333333,4,5
2023-04-16,2023,20.853333598956844,15.605239182392191,15.60523919950109,5.248094416564653,1.71088991862689e-08,5.248094399455754,20.853333598956844,15.605239214162053,15.605239213037125,5.248094384794792,-1.1249277065417118e-09,5.248094385919719,0.7405957991991842,45.739999999999995,110.09958333333334,4,6
2023-04-17,2023,103.51300342432731,17.58093347172749,17.580933497082082,85.93206995259982,2.5354591315362995e-08,85.93206992724522,103.51300342432731,22.81797032707032,2.016608805557183e-09,80.69503309725698,-22.81797032505371,103.5130034223107,0.6966732062930668,103.74999999999999,124.23583333333333,4,0
2023-04-18,2023,71.69722087819538,71.03904933248721,71.03904933364356,0.6581715457081714,1.1563514590307022e-09,0.6581715445518199,71.69722087819538,66.01334202516078,66.01334202906422,5.683878853034599,3.903437573171686e-09,5.683878849131162,0.9808695652173912,77.25,108.22541666666666,4,1
2023-04-19,2023,219.4582964670046,189.48603565329412,189.4860356804708,29.972260813710477,2.717666802709573e-08,29.97226078653381,219.4582964670046,185.4248219813781,191.46339774592826,34.0334744856265,6.03857576455016,27.99489872107634,0.8678260869565216,139.19,87.51583333333333,4,2
2023-04-20,2023,79.07318369895535,73.2145005789234,73.21449911247981,5.858683120031941,-1.4664435923350538e-06,5.858684586475533,79.07318369895535,41.134008648962755,41.13400863107186,37.93917504999259,-1.7890897652250715e-08,37.93917506788349,0.8756521739130434,59.76999999999998,111.70625,4,3
2023-04-21,2023,255.47556721356975,249.38319102510175,249.38319102865302,6.092376188467995,3.5512641716195503e-09,6.092376184916731,255.47556721356975,249.11399672791583,249.11399673721127,6.361570485653914,9.295433756051352e-09,6.36157047635848,0.9199999999999999,143.82999999999998,89.47500000000001,4,4
2023-04-22,2023,194.76535927636726,154.80349418980327,154.8034941568365,39.96186508656399,-3.2966767093967064e-08,39.961865119530756,194.76535927636726,193.8973346626236,193.89733466294297,0.8680246137436711,3.1937474886944983e-10,0.8680246134242964,0.9165217391304347,126.22,84.46708333333333,4,5
2023-04-23,2023,205.24918491863528,205.11543448170627,205.11543448019748,0.1337504369290059,-1.5087948668224271e-09,0.13375043843780077,205.24918491863528,205.11543399126336,205.11543404742346,0.13375092737192062,5.616010412268224e-08,0.1337508712118165,0.9182608695652172,133.26,85.80083333333334,4,6
2023-04-24,2023,91.66551647822051,25.556184779538125,25.5561845988132,66.10933169868238,-1.8072492480314395e-07,66.1093318794073,91.66551647822051,25.55618509935193,25.556185082261386,66.10933137886857,-1.7090542314690538e-08,66.10933139595912,0.5034782608695652,60.89,104.60333333333334,4,0
2023-04-25,2023,108.24389869870386,98.90795290593367,98.90795293740301,9.33594579277019,3.14693409109168e-08,9.335945761300849,108.24389869870386,98.90795289488472,98.90795293919501,9.335945803819143,4.431029765328276e-08,9.335945759508846,0.7686956521739129,79.67999999999999,100.99624999999999,4,1
2023-04-26,2023,73.7804418958344,64.38866968677138,64.38866968666568,9.39177220906302,-1.057003373716725e-10,9.391772209168721,73.7804418958344,45.3108150893469,45.310815093208916,28.469626806487497,3.8620129316768725e-09,28.469626802625484,0.7391304347826086,66.74,110.72083333333335,4,2
2023-04-27,2023,81.91024881136491,73.08844548458816,73.08844548598734,8.821803326776745,1.3991723335493589e-09,8.821803325377573,81.91024881136491,70.61435391921262,69.2698256356543,11.29589489215229,-1.3445282835583185,12.640423175710609,0.8166993017592881,72.6,112.08583333333333,4,3
2023-04-28,2023,16.26228542888026,4.33297730506872,4.332977310191833,11.929308123811541,5.123112600813329e-09,11.929308118688429,16.26228542888026,2.635141432727675,2.6351414345060924,13.627143996152586,1.7784174133339548e-09,13.627143994374169,0.7610350256010406,37.81,106.00333333333333,4,4
2023-04-29,2023,46.92735851110773,2.1383051289179207,2.1383051631578773,44.789053382189806,3.423995664775248e-08,44.789053347949846,46.92735851110773,38.61601698314844,38.61601698390958,8.311341527959286,7.611404839735769e-10,8.311341527198145,0.6947826086956521,53.8,100.64625000000001,4,5
2023-04-30,2023,209.84603594910348,203.59523022791663,203.59523019905768,6.25080572118685,-2.8858949008281343e-08,6.250805750045799,209.84603594910348,202.9875352713401,202.98753529193044,6.858500677763374,2.0590334770531626e-08,6.858500657173039,0.8069565217391305,128.93,68.28666666666668,4,6
2023-05-01,2023,133.27738461637102,128.73003805881777,128.73003713067035,4.547346557553254,-9.281474149247515e-07,4.547347485700669,133.27738461637102,131.00549158761103,131.0054915881345,2.2718930287599903,5.23471044289181e-10,2.2718930282365193,0.9652173913043477,95.81,87.54916666666666,5,0
2023-05-02,2023,84.18052595270365,31.872010938923115,31.872010929535147,52.308515013780536,-9.38796773652939e-09,52.308515023168496,84.18052595270365,31.872010957049877,31.872010956913428,52.308514995653766,-1.3644907426169084e-10,52.30851499579022,0.41739130434782606,61.96000000000001,106.10125000000001,5,1
2023-05-03,2023,100.30621119055338,81.11002254354915,81.11002244589119,19.196188647004234,-9.76579599409888e-08,19.196188744662194,100.30621119055338,57.13968280977734,57.13968280561793,43.16652838077604,-4.1594105937292625e-09,43.166528384935454,0.7399999999999999,98.08000000000001,107.79875,5,2
2023-05-04,2023,74.98433013705915,67.30417838590878,68.01287828051703,7.680151751150362,0.7086998946082446,6.971451856542117,74.98433013705915,64.38821216379272,64.38821216514262,10.59611797326643,1.3499033002517535e-09,10.596117971916527,0.9365217391304346,73.31,97.49958333333332,5,3
2023-05-05,2023,52.510185948176094,41.09614755585291,41.096146641083166,11.414038392323185,-9.147697426215018e-07,11.414039307092928,52.510185948176094,34.65765197911756,34.65765198434699,17.852533969058534,5.2294311103651125e-09,17.852533963829103,0.7806044976879246,51.55999999999999,96.05000000000001,5,4
2023-05-06,2023,63.19535468130425,0.5191491450052084,0.519149056865988,62.676205536299044,-8.813922036665645e-08,62.67620562443827,63.19535468130425,63.195354665069544,63.19535466786432,1.6234707800322212e-08,2.794777742565202e-09,1.343993005775701e-08,0.77903436276642,61.81,89.52458333333334,5,5
2023-05-07,2023,172.86104704073523,170.23190522494292,170.23190521940825,2.629141815792309,-5.534673164220294e-09,2.629141821326982,172.86104704073523,170.23190513684034,170.23190516975177,2.62914190389489,3.291143002570607e-08,2.62914187098346,0.884105261169666,107.44,66.9825,5,6
2023-05-08,2023,60.6542028370223,38.00174486145342,38.00174483184084,22.65245797556888,-2.9612579055537935e-08,22.652458005181458,60.6542028370223,43.25173927512942,43.2517391081109,17.40246356189288,-1.6701851990319483e-07,17.4024637289114,0.717391304347826,58.81,96.37249999999999,5,0
2023-05-09,2023,71.38093873581255,62.794217930238474,62.794218109342964,8.586720805574075,1.791044894616789e-07,8.586720626469585,71.38093873581255,45.82462145605791,46.86103582291502,25.556317279754637,1.0364143668571089,24.51990291289753,0.9591304347826086,60.02000000000001,94.63791666666667,5,1
2023-05-10,2023,57.79095524899846,47.989367032986394,47.989367256738944,9.801588216012064,2.2375255070983258e-07,9.801587992259513,57.79095524899846,31.90605327463276,31.906053271087814,25.884901974365697,-3.544947446698643e-09,25.884901977910644,0.7678260869565217,61.30000000000001,107.89375000000001,5,2
2023-05-11,2023,67.1088263602927,52.2406537762032,52.24065368535432,14.868172584089493,-9.084888574761862e-08,14.868172674938378,67.1088263602927,10.861275692782446,10.861275622456333,56.247550667510254,-7.032611293311675e-08,56.24755073783636,0.8695652173913043,71.78,116.13541666666667,5,3
2023-05-12,2023,65.6318251426928,61.02273572413897,61.0227364428975,4.609089418553836,7.187585282508735e-07,4.609088699795308,65.6318251426928,43.89594339934502,43.89594342232555,21.735881743347782,2.2980529479355027e-08,21.735881720367253,0.7939130434782607,65.02999999999999,100.50624999999998,5,4
2023-05-13,2023,179.35832101507026,117.70797163591857,117.7079716285588,61.65034937915169,-7.359773235293687e-09,61.650349386511465,179.35832101507026,176.7829902212681,176.78299014173908,2.575330793802152,-7.952903047225846e-08,2.5753308733311826,0.6095652173913042,114.25999999999999,78.35333333333334,5,5
2023-05-14,2023,206.6342401513312,206.4523300345167,206.45233003554367,0.18191011681449254,1.026961626848788e-09,0.1819101157875309,206.6342401513312,206.45233004466812,206.45233005262224,0.18191010666308216,7.954128022902296e-09,0.18191009870895414,0.9660869565217389,127.83,72.0025,5,6
2023-05-15,2023,51.048816671581754,13.571307788494893,13.57130816900028,37.47750888308686,3.8050538719858196e-07,37.47750850258147,51.048816671581754,14.491224813417023,14.49122475430078,36.55759185816473,-5.9116242567824884e-08,36.55759191728097,0.5052173913043477,79.36999999999999,113.84041666666667,5,0
2023-05-16,2023,185.5283657245208,153.85479345686866,153.85479310688535,31.673572267652133,-3.499833098885574e-07,31.673572617635443,185.5283657245208,108.54480522153386,134.83568451488622,76.98356050298693,26.29087929335236,50.69268120963457,0.8043478260869565,106.95,79.29541666666667,5,1
2023-05-17,2023,224.58660248350972,216.6525877219519,216.65258772279938,7.934014761557819,8.474785317957867e-10,7.93401476071034,224.58660248350972,208.4286465968872,208.42864629377323,16.157955886622517,-3.0311397836157994e-07,16.157956189736495,0.9321739130434782,124.93,78.58375,5,2
2023-05-18,2023,119.3332219132668,67.51672760050397,67.51672762947926,51.81649431276283,2.89752932758347e-08,51.816494283787534,119.3332219132668,71.48584892816433,71.48584927612991,47.84737298510247,3.4796558168181946e-07,47.847372637136885,0.8443478260869565,96.46000000000001,86.73416666666667,5,3
2023-05-19,2023,72.06146606646251,49.23198451570115,49.2319845161184,22.829481550761365,4.1725201072040363e-10,22.829481550344113,72.06146606646251,58.000557837732835,58.00055785638972,14.06090822872968,1.8656884037682175e-08,14.060908210072796,0.8408695652173912,58.50000000000001,87.28458333333333,5,4
2023-05-20,2023,138.60336842152373,90.06571324376284,85.19778076441453,48.53765517776088,-4.867932479348312,53.405587657109194,138.60336842152373,135.2096516402487,135.2096504725407,3.3937167812750317,-1.167708006732937e-06,3.3937179489830385,0.6713043478260868,89.12,46.80916666666666,5,5
2023-05-21,2023,216.73259044469128,186.50784915961265,187.80869925847628,30.224741285078636,1.3008500988636342,28.923891186215002,216.73259044469128,216.2687024964826,216.26870258968532,0.4638879482086793,9.320271487922582e-08,0.4638878550059644,0.9417391304347826,132.37,28.464166666666667,5,6
2023-05-22,2023,128.78739007578875,69.28341081168001,85.333957248516,59.503979264108736,16.050546436835987,43.45343282727275,128.78739007578875,90.1592220252874,90.15922193767798,38.628168050501344,-8.760942193930532e-08,38.628168138110766,0.6695652173913044,93.50999999999999,97.33125,5,0
2023-05-23,2023,169.9582940006055,129.96213288855463,129.96213360754524,39.996161112050856,7.189906057192275e-07,39.99616039306025,169.9582940006055,155.2088248798466,155.2088248677091,14.749469120758903,-1.2137491012254031e-08,14.749469132896394,0.8547826086956521,101.85,72.78541666666666,5,1
2023-05-24,2023,151.2110507011279,120.34146030587614,116.4642297999513,30.869590395251763,-3.8772305059248424,34.746820901176605,151.2110507011279,118.59746764378205,98.31388259339768,32.61358305734585,-20.283585050384374,52.897168107730224,0.6720313815386395,107.55000000000001,102.27333333333335,5,2
2023-05-25,2023,169.83937226843614,109.98729484194303,109.98729486866047,59.85207742649311,2.6717444256973977e-08,59.852077399775666,169.83937226843614,154.41768998490463,158.19493232272887,15.42168228353151,3.777242337824248,11.644439945707262,0.6211396846842571,114.53,81.64999999999999,5,3
2023-05-26,2023,193.4039221421664,188.48797499889088,188.48797498077064,4.915947143275531,-1.8120232425644645e-08,4.9159471613957635,193.4039221421664,183.7529543194221,188.17758544492193,9.65096782274432,4.424631125499843,5.226336697244477,0.9521739130434782,115.62,69.98416666666667,5,4
2023-05-27,2023,203.55473320013132,135.78338977364686,135.78338974743377,67.77134342648446,-2.6213086812276742e-08,67.77134345269755,203.55473320013132,198.03563979201763,198.03563977529373,5.51909340811369,-1.6723902263038326e-08,5.5190934248375925,0.8121739130434782,130.96,62.67166666666666,5,5
2023-05-28,2023,424.7162898892581,394.42073320035115,415.1336544420962,30.29555668890697,20.71292124174505,9.58263544716192,424.7162898892581,402.77760721234523,417.33014634464985,21.93868267691289,14.552539132304616,7.386143544608274,0.8173913043478259,217.05,26.553333333333338,5,6
2023-05-29,2023,376.4492235736751,375.33801191374494,375.33801216596487,1.1112116599301771,2.5221993382729124e-07,1.1112114077102433,376.4492235736751,343.4899678428162,363.12027903553496,32.9592557308589,19.63031119271875,13.32894453814015,0.7808695652173911,195.32999999999998,21.4525,5,0
2023-05-30,2023,142.17211465946897,36.552516687577594,103.73387927670066,105.61959797189138,67.18136258912307,38.43823538276831,142.17211465946897,89.39957864883648,103.73387961448249,52.77253601063249,14.334300965646008,38.438235044986484,0.7356521739130434,98.08000000000001,87.73875,5,1
2023-05-31,2023,213.15369153330076,199.1338721308657,199.1338722150028,14.019819402435047,8.413709906562872e-08,14.019819318297948,213.15369153330076,201.12685932808063,201.12685928789324,12.026832205220131,-4.0187387639889494e-08,12.026832245407519,0.9043478260869565,120.41,72.3175,5,2
2023-06-01,2023,191.04744513132454,179.11301596707722,179.11301596721688,11.93442916424732,1.396642801410053e-10,11.934429164107655,191.04744513132454,175.7874855370056,175.7874852032839,15.259959594318929,-3.3372171515111404e-07,15.259959928040644,0.954782608695652,117.03,72.90041666666667,6,3
2023-06-02,2023,115.61928018032665,96.1754025062976,96.1754025470291,19.443877674029054,4.073149284522515e-08,19.44387763329756,115.61928018032665,105.55648044332673,105.55648047486261,10.06279973699992,3.1535876132693375e-08,10.062799705464045,0.9634782608695651,88.75999999999999,81.01666666666667,6,4
2023-06-03,2023,161.6120378038318,113.29973625355535,113.29973629044025,48.31230155027646,3.688489869091427e-08,48.31230151339156,161.6120378038318,161.612038280994,135.7720146794287,-4.771621888721711e-07,-25.840023601565292,25.840023124403103,0.7458143250890198,99.81,56.36708333333333,6,5
2023-06-04,2023,239.66556229951584,238.99170313202953,239.0025247691884,0.673859167486313,0.010821637158869635,0.6630375303274434,239.66556229951584,239.55551434125036,239.55551433573982,0.11004795826548275,-5.510543132913881e-09,0.11004796377602588,0.9752066115702479,146.14000000000001,49.67291666666667,6,6
2023-06-05,2023,133.07981838280517,87.81793471786614,87.81793466105934,45.261883664939035,-5.680679748820694e-08,45.26188372174583,133.07981838280517,87.73666853589562,87.73666851774418,45.343149846909554,-1.8151439462599228e-08,45.343149865060994,0.689715171773286,89.30000000000001,90.75708333333334,6,0
2023-06-06,2023,153.83691733535252,152.16113859488752,152.16113843841524,1.675778740465006,-1.5647228224224818e-07,1.6757788969372882,153.83691733535252,151.12251946496298,151.12251906629535,2.714397870389547,-3.9866762335805106e-07,2.7143982690571704,0.9530434782608694,82.67,98.13916666666667,6,1
2023-06-07,2023,99.23213200950227,98.61342664785415,98.61342667366384,0.6187053616481109,2.5809683279476303e-08,0.6187053358384276,99.23213200950227,99.18229028147394,99.18229028014542,0.049841728028326315,-1.3285159639053745e-09,0.04984172935684228,0.9660869565217389,71.24999999999999,100.93083333333334,6,2
2023-06-08,2023,39.850910336374206,4.79205011935905,4.792049958081655,35.05886021701515,-1.6127739499438576e-07,35.05886037829255,39.850910336374206,24.1628781850601,24.162878179134665,15.688032151314104,-5.925436141751561e-09,15.68803215723954,0.8991304347826086,50.0,84.51791666666666,6,3
2023-06-09,2023,33.7521520991462,30.209327292575047,30.209327243252105,3.5428248065711543,-4.9322942174967466e-08,3.5428248558940965,33.7521520991462,30.48698681631347,30.486986816216643,3.265165282832733,-9.682565860202885e-11,3.2651652829295585,0.9565029178015975,42.39,86.68374999999999,6,4
2023-06-10,2023,179.2069927055858,142.2812020814528,138.27118595454837,36.925790624133015,-4.010016126904418,40.93580675103743,179.2069927055858,173.3353577845636,173.33535784746786,5.871634921022206,6.290426313171338e-08,5.871634858117943,0.7746847187833766,109.06,55.1275,6,5
2023-06-11,2023,247.23038108391256,239.08851279897996,237.97918729531008,8.141868284932599,-1.1093255036698793,9.251193788602478,247.23038108391256,240.1016312844672,240.10163130593048,7.128749799445359,2.1463279153977055e-08,7.12874977798208,0.7652173913043477,141.94,40.74666666666667,6,6
2023-06-12,2023,116.43314649931875,63.12998986336282,78.1777455439616,53.30315663595593,15.047755680598783,38.255400955357146,116.43314649931875,78.1777462988618,78.17774640459976,38.25540020045695,1.0573795350410364e-07,38.25540009471899,0.7101543981751425,81.88,96.39874999999999,6,0
2023-06-13,2023,99.96912022062892,95.5638095642353,95.56380956433027,4.405310656393624,9.497114206169499e-11,4.405310656298653,99.96912022062892,97.13015490618668,97.13015490641683,2.838965314442248,2.3015900296741165e-10,2.838965314212089,0.9593390094147974,71.58,90.02708333333332,6,1
2023-06-14,2023,109.20793066827122,101.70762057381768,101.70762050935897,7.500310094453539,-6.445870326388103e-08,7.500310158912242,109.20793066827122,94.40886976038192,94.40886975110675,14.799060907889299,-9.275169077227474e-09,14.799060917164468,0.96,78.05000000000001,102.93958333333335,6,2
2023-06-15,2023,150.7898388599395,117.5061818677733,117.50618186724391,33.2836569921662,-5.29382759850705e-10,33.28365699269558,150.7898388599395,107.49437352044579,81.40823510237152,43.2954653394937,-26.08613841807427,69.38160375756797,0.9728202012968731,89.28,120.30833333333334,6,3
2023-06-16,2023,72.7922093154501,67.60681113678108,67.60681112362622,5.185398178669018,-1.3154860312170058e-08,5.185398191823879,72.7922093154501,67.6068111096246,67.60681106334206,5.185398205825493,-4.6282536914077355e-08,5.18539825210803,0.9719504469819006,75.78999999999999,127.52,6,4
2023-06-17,2023,151.9512664853835,110.00932653472648,80.67503485970117,41.94193995065703,-29.334291675025312,71.27623162568234,151.9512664853835,150.7956779364404,150.79567793072883,1.1555885489431148,-5.7115698837151285e-09,1.1555885546546847,0.8053924956646442,115.62,104.53833333333334,6,5
2023-06-18,2023,166.1131496465824,165.1730014274707,165.17300117274047,0.9401482191117054,-2.547302244693128e-07,0.9401484738419299,166.1131496465824,165.7130830433902,165.71308301423153,0.4000666031921867,-2.9158684355934383e-08,0.40006663235087103,0.9930404523705959,115.26,93.02458333333334,6,6
2023-06-19,2023,143.49485070977727,105.49736948185937,105.49769242394602,37.9974812279179,0.00032294208665462065,37.99715828583125,143.49485070977727,112.52793890129242,112.52793885457554,30.966911808484852,-4.671687747759279e-08,30.96691185520173,0.5575125158974481,109.34,116.97291666666668,6,0
2023-06-20,2023,82.20505881176217,69.56708615704433,69.56708617719937,12.637972654717842,2.0155042079750274e-08,12.6379726345628,82.20505881176217,69.56708611156105,59.69454850805595,12.637972700201118,-9.872537603505101,22.51051030370622,0.9260869565217391,70.46000000000001,121.1475,6,1
2023-06-21,2023,112.110170816148,101.27668019053934,101.27668033514462,10.833490625608661,1.446052806386433e-07,10.83349048100338,112.110170816148,100.28370889465339,99.47885007252262,11.826461921494612,-0.8048588221307682,12.63132074362538,0.9686956521739128,98.35000000000001,123.46916666666668,6,2
2023-06-22,2023,41.26325820764251,32.78212021249169,28.96032570455664,8.481137995150817,-3.8217945079350493,12.302932503085867,41.26325820764251,32.689637719512554,27.83554059709698,8.573620488129954,-4.854097122415574,13.427717610545528,0.957391304347826,50.97000000000001,125.71124999999999,6,3
2023-06-23,2023,64.6048861206877,45.68722141056328,45.687222136232236,18.917664710124413,7.256689542600725e-07,18.91766398445546,64.6048861206877,45.38434640433426,52.6951921536154,19.220539716353436,7.3108457492811425,11.909693967072293,0.894107435791851,57.8,106.40625,6,4
2023-06-24,2023,237.07426434100014,162.1304524445612,162.071984045229,74.94381189643894,-0.05846839933221304,75.00228029577116,237.07426434100014,230.34563158827146,230.34563107588528,6.728632752728686,-5.123861797073914e-07,6.7286332651148655,0.6418786844497921,150.41,81.81708333333333,6,5
2023-06-25,2023,262.5306872428758,262.53068719245675,262.53068725594505,5.0419032504578354e-08,6.348830083879875e-08,-1.3069268334220396e-08,262.5306872428758,262.53068717422445,262.53068723268126,6.865133173050708e-08,5.845680561833433e-08,1.0194526112172753e-08,0.9934755180804223,163.54,75.48333333333333,6,6
2023-06-26,2023,114.50868064043684,81.25919073306449,81.25919401311118,33.24948990737235,3.2800466982507714e-06,33.24948662732565,114.50868064043684,76.54812588984593,76.54812608157242,37.9605547505909,1.9172648535459302e-07,37.960554558864416,0.7277077678408699,81.12,97.48958333333333,6,0
2023-06-27,2023,87.67563667021516,54.606777517723444,54.606777555197716,33.06885915249171,3.74742725739452e-08,33.06885911501744,87.67563667021516,70.84316914368972,72.27954064779934,16.832467526525434,1.4363715041096157,15.396096022415819,0.8982608695652173,71.32999999999998,101.94625,6,1
2023-06-28,2023,87.70942666394828,76.70077243069102,76.70077245279282,11.00865423325726,2.210180127804051e-08,11.00865421115546,87.70942666394828,69.64458060406002,60.158388728935975,18.064846059888254,-9.48619187512405,27.551037935012303,0.7504347826086956,81.33,112.51583333333333,6,2
2023-06-29,2023,66.50613880214465,52.29166358123734,52.44080373366391,14.21447522090731,0.1491401524265754,14.065335068480735,66.50613880214465,64.05208142621935,64.29092849322525,2.454057375925302,0.2388470670059064,2.2152103089193957,0.8523592286731656,73.50000000000001,118.08083333333333,6,3
2023-06-30,2023,37.423834505774664,8.605752621840619,15.443841105273838,28.818081883934045,6.83808848343322,21.979993400500824,37.423834505774664,12.784671561840526,12.784671561963737,24.63916294393414,1.2321166309448017e-10,24.639162943810927,0.8406175454210352,50.510000000000005,110.02666666666666,6,4
2023-07-01,2023,148.09250539911008,57.522724585384694,57.522724569999134,90.56978081372539,-1.538555949309739e-08,90.56978082911095,148.09250539911008,142.5703822909132,142.57038206017742,5.522123108196894,-2.3073576471688284e-07,5.5221233389326585,0.3660869565217391,109.67,66.41458333333334,7,5
2023-07-02,2023,1217.0750371081954,1090.2663069365706,1145.254854796159,126.8087301716248,54.98854785958838,71.82018231203642,1217.0750371081954,1068.8480379344294,1135.808452441358,148.226999173766,66.9604145069286,81.26658466683739,0.8836703840121798,594.9,-53.87083333333333,7,6
2023-07-03,2023,363.8208074945207,176.54871183994322,192.7197171023904,187.27209565457747,16.17100526244718,171.1010903921303,363.8208074945207,270.69353157939713,210.05080432139283,93.12727591512356,-60.6427272580043,153.77000317312786,0.8197434418616925,133.77,53.22083333333333,7,0
2023-07-04,2023,327.9265890200069,318.69009512767155,318.69009919823776,9.236493892335318,4.070566205882642e-06,9.236489821769112,327.9265890200069,318.98654993336027,318.986550355729,8.940039086646607,4.223687142257404e-07,8.940038664277893,0.9495652173913043,173.93,85.12333333333335,7,1
2023-07-05,2023,227.8363341166768,145.39869073418822,145.39869074416788,82.43764338248857,9.979657988878898e-09,82.43764337250892,227.8363341166768,162.29006098971814,162.29006108967903,65.54627312695865,9.996088579100615e-08,65.54627302699777,0.7391304347826086,134.25,69.79916666666666,7,2
2023-07-06,2023,162.85456469810026,101.23366249056552,91.40411102572804,61.62090220753474,-9.829551464837479,71.45045367237222,162.85456469810026,129.64624487397228,129.64624483730591,33.20831982412798,-3.666636416710389e-08,33.20831986079435,0.6321739130434781,107.71,107.20458333333333,7,3
2023-07-07,2023,130.85458007775728,93.76328855529025,93.76328886165328,37.09129152246703,3.06363034496826e-07,37.091291216104,130.85458007775728,96.23344592313309,96.23344592066908,34.62113415462419,-2.4640058882141602e-09,34.62113415708819,0.8017391304347825,108.26,102.96791666666667,7,4
2023-07-08,2023,175.98960260571482,116.28967073115916,116.2896706900363,59.69993187455566,-4.112285978408181e-08,59.69993191567852,175.98960260571482,154.49648032642207,154.49648032649299,21.49312227929275,7.0912165028858e-11,21.493122279221836,0.8493150885707613,116.15,82.19166666666666,7,5
2023-07-09,2023,128.8275165401556,128.82751651773157,128.82751637761825,2.2424046619562432e-08,-1.4011331472829625e-07,1.6253736134785868e-07,128.8275165401556,69.0593416821431,102.13442147822137,59.768174858012515,33.07507979607827,26.693095061934244,0.9952153110047847,97.10999999999999,89.33208333333334,7,6
2023-07-10,2023,152.52011643885083,120.07661590764589,120.06303486120177,32.44350053120495,-0.013581046444116396,32.45708157764906,152.52011643885083,141.60734805091528,125.18666047185224,10.912768387935557,-16.420687579063042,27.3334559669986,0.7645140428609313,107.85,113.98625,7,0
2023-07-11,2023,189.11069152452205,118.19886471931467,118.19886493275483,70.91182680520738,2.1344015976865194e-07,70.91182659176722,189.11069152452205,137.17282741584393,137.17282741731265,51.93786410867813,1.4687202565255575e-09,51.93786410720941,0.8695652173913043,134.60000000000002,105.95791666666668,7,1
2023-07-12,2023,228.1092241205868,184.764844893227,184.76484490435362,43.34437922735978,1.1126616072942852e-08,43.344379216233165,228.1092241205868,184.7648448563643,184.76484486176975,43.34437926422248,5.405439651440247e-09,43.34437925881704,0.8921739130434782,138.97,87.5075,7,2
2023-07-13,2023,99.6319571604675,71.09184853337673,71.0918485265914,28.54010862709076,-6.785327855141077e-09,28.540108633876088,99.6319571604675,71.34513867335932,71.34513871747207,28.286818487108178,4.4112752561886737e-08,28.286818442995425,0.9713043478260868,87.86999999999998,97.71,7,3
2023-07-14,2023,73.42664779909285,48.70085621678899,47.22333614281115,24.725791582303856,-1.4775200739778427,26.2033116562817,73.42664779909285,58.71601267821473,58.71601267856542,14.710635120878116,3.5068836723439745e-10,14.710635120527428,0.7497282195063967,70.2,96.96708333333333,7,4
2023-07-15,2023,146.68339690409925,138.65618719012448,117.24681017880984,8.02720971397477,-21.409377011314646,29.436586725289416,146.68339690409925,140.09672868450602,140.09672870241315,6.586668219593236,1.7907126448335475e-08,6.586668201686109,0.8001739697748085,89.39,33.32375,7,5
2023-07-16,2023,315.731685460898,269.29597344407915,279.4658686828877,46.435712016818854,10.169895238808522,36.26581677801033,315.731685460898,286.46966046407675,286.46966074597486,29.262024996821253,2.8189811018819455e-07,29.262024714923143,0.9330434782608694,174.42,14.529583333333333,7,6
2023-07-17,2023,214.2589352510137,134.80214679719407,191.29962269321788,79.45678845381963,56.497475896023815,22.959312557795812,214.2589352510137,196.55076245470963,196.55076227461458,17.70817279630407,-1.8009504287874734e-07,17.708172976399112,0.7713043478260868,129.66,81.91875,7,0
2023-07-18,2023,124.50080813276472,61.72054420045877,61.72054423047015,62.78026393230595,3.001138537683801e-08,62.780263902294564,124.50080813276472,111.6028033293494,111.6028031925631,12.898004803415319,-1.3678629784408258e-07,12.898004940201616,0.7747826086956522,109.19,106.46458333333332,7,1
2023-07-19,2023,70.56052614562418,29.095342296844855,25.965722663893516,41.465183848779326,-3.1296196329513393,44.594803481730665,70.56052614562418,50.828521278152344,50.828521285640115,19.732004867471836,7.487770403713512e-09,19.732004859984066,0.7399999999999999,66.34,97.31708333333334,7,2
2023-07-20,2023,84.20770230932214,76.87044865822197,76.8704486581493,7.33725365110017,-7.267431101354305e-11,7.337253651172844,84.20770230932214,76.2588358720678,76.2588358701456,7.948866437254338,-1.9222028413423686e-09,7.948866439176541,0.8852173913043477,74.14000000000001,96.50875,7,3
2023-07-21,2023,55.05538418752607,51.76878484843555,54.58188777875539,3.2865993390905217,2.813102930319836,0.47349640877068566,55.05538418752607,27.112663209796082,27.112663223785063,27.94272097772999,1.3988980640533555e-08,27.94272096374101,0.9521739130434782,69.85000000000001,104.39999999999999,7,4
2023-07-22,2023,137.79597170508217,94.83593998083366,63.871975769838684,42.96003172424851,-30.963964210994973,73.92399593524348,137.79597170508217,84.37534252219106,84.3753425418991,53.420629182891105,1.9708039644683595e-08,53.420629163183065,0.6817391304347826,99.23,76.73416666666667,7,5
2023-07-23,2023,177.07390426019293,165.58901872899975,165.58901830737855,11.484885531193186,-4.2162119484601135e-07,11.48488595281438,177.07390426019293,175.25234399645367,175.2523440853732,1.8215602637392578,8.891953484635451e-08,1.821560174819723,0.961513395202229,111.83,30.923333333333332,7,6
2023-07-24,2023,81.72926495906461,-1.6579093160673422,-1.6579085524033035,83.38717427513195,7.636640386721183e-07,83.3871735114679,81.72926495906461,7.647516079385243,7.647516082455146,74.08174887967937,3.0699034425651917e-09,74.08174887660947,0.326592745272218,54.73,90.53000000000002,7,0
2023-07-25,2023,69.22126827100303,61.451235049878996,61.4512350719115,7.770033221124031,2.203250204502183e-08,7.770033199091529,69.22126827100303,51.436425615036285,23.32118329587421,17.78484265596674,-28.115242319162075,45.90008497512882,0.9397695373279137,66.95,104.15458333333333,7,1
2023-07-26,2023,56.373712019503614,36.18797509377359,38.04875208959287,20.185736925730026,1.860776995819279,18.324959929910747,56.373712019503614,50.03264120492655,50.032641197617814,6.341070814577066,-7.308734950584039e-09,6.3410708218858005,0.8771472266498852,51.31999999999999,95.24458333333332,7,2
2023-07-27,2023,33.27421216959751,17.053361798812123,17.053361803290766,16.22085037078539,4.47864323405156e-09,16.220850366306745,33.27421216959751,11.233000899120642,11.23300089030518,22.04121127047687,-8.815462138045405e-09,22.041211279292334,0.84,45.89,93.91125000000001,7,3
2023-07-28,2023,53.59385888134945,13.007647751278633,13.007647675760815,40.586211130070815,-7.551781777692668e-08,40.58621120558863,53.59385888134945,42.24297943869409,42.24297943972577,11.350879442655355,1.031679630614235e-09,11.350879441623675,0.8793216124373165,54.349999999999994,95.91916666666667,7,4
2023-07-29,2023,117.87790683125357,57.17116527596576,57.117815783493995,60.706741555287806,-0.053349492471767235,60.76009104775957,117.87790683125357,100.59113507748756,100.59113504107161,17.286771753766004,-3.641595469616732e-08,17.28677179018196,0.5011964443144283,84.89,76.67541666666666,7,5
2023-07-30,2023,244.31415689152846,234.49050803151155,234.49266150005218,9.823648860016903,0.0021534685406265908,9.821495391476276,244.31415689152846,235.3016913837419,235.30169149116932,9.012465507786544,1.0742741096692043e-07,9.012465400359133,0.9756416755929892,135.07,31.75458333333333,7,6
2023-07-31,2023,106.3658860566688,-3.5269120891493166,28.656054844265533,109.89279814581812,32.182966933414846,77.70983121240326,106.3658860566688,32.18336211730805,32.183362085062086,74.18252393936075,-3.224596412110259e-08,74.18252397160671,0.3,71.06,70.96916666666667,7,0
2023-08-01,2023,87.56621026534731,71.7579439434498,71.7579439149325,15.808266321897506,-2.851730585007317e-08,15.808266350414812,87.56621026534731,68.06394122968648,68.06394132333043,19.50226903566083,9.364394770727813e-08,19.502268942016883,0.8756521739130434,55.0,79.42791666666666,8,1
2023-08-02,2023,109.21598335083809,94.88816744866702,94.88816751707088,14.327815902171068,6.840386390649655e-08,14.327815833767204,109.21598335083809,97.92851292560593,97.92851322564553,11.287470425232158,3.0003960205249314e-07,11.287470125192556,0.45183736662827495,90.72,68.28791666666666,8,2
2023-08-03,2023,212.9177219849713,192.76512016899892,192.76512018380097,20.15260181597239,1.4802054693063837e-08,20.152601801170334,212.9177219849713,163.08003252827555,207.35791599853056,49.837689456695756,44.277883470255006,5.55980598644075,0.33442053410697153,93.37,45.41458333333333,8,3
2023-08-04,2023,82.96659741636755,76.36225798604256,76.36225828929801,6.604339430324984,3.032554474202698e-07,6.604339127069537,82.96659741636755,77.92366970804548,77.92366971349404,5.042927708322068,5.44855538464617e-09,5.042927702873513,0.917391304347826,62.72000000000001,98.59458333333332,8,4
2023-08-05,2023,78.71739411247947,24.90116725358277,24.90116725464678,53.8162268588967,1.0640093250913196e-09,53.81622685783269,78.71739411247947,62.01866013160842,62.01866014854762,16.698733980871047,1.6939196711973636e-08,16.69873396393185,0.6904347826086955,70.95000000000002,90.30708333333332,8,5
2023-08-06,2023,99.80165313151242,89.54684861660493,89.54684860784384,10.254804514907491,-8.761091407905042e-09,10.254804523668582,99.80165313151242,93.75068128952815,93.75068129211391,6.050971841984278,2.585764491414011e-09,6.050971839398514,0.6660869565217391,80.00999999999999,57.90958333333333,8,6
2023-08-07,2023,175.93215512840413,68.86984319924623,63.17641977330494,107.0623119291579,-5.69342342594129,112.75573535509919,175.93215512840413,67.2695769421551,160.61258461437126,108.66257818624904,93.34300767221616,15.319570514032876,0.6939130434782607,83.36999999999999,19.435416666666665,8,0
2023-08-08,2023,205.40655225555415,180.2822279724425,180.28221330407305,25.124324283111633,-1.4668369459513997e-05,25.124338951481093,205.40655225555415,180.14215565855235,180.14215565884325,25.26439659700179,2.90896196020185e-10,25.264396596710895,0.468797575770241,110.95,12.057083333333333,8,1
2023-08-09,2023,134.97022960457952,105.92591945297181,93.78518025449192,29.044310151607704,-12.140739198479892,41.185049350087596,134.97022960457952,109.64552610068071,94.0856075136545,25.324703503898803,-15.559918587026218,40.88462209092502,0.9215046967134886,97.06,88.34875,8,2
2023-08-10,2023,308.53958455635575,233.9201599520639,233.92015995200993,74.61942460429185,-5.397282620833721e-11,74.61942460434582,308.53958455635575,234.45685542363296,234.45685489848248,74.08272913272279,-5.251504830994236e-07,74.08272965787327,0.9139130434782607,164.73000000000002,102.17250000000001,8,3
2023-08-11,2023,201.55903223933416,198.75026925071745,198.7502692523677,2.8087629886167065,1.6502497146575479e-09,2.8087629869664568,201.55903223933416,196.69014441822418,196.69014453714675,4.868887821109979,1.1892257134604733e-07,4.868887702187408,0.9441183089027766,136.47,100.44416666666666,8,4
2023-08-12,2023,165.6043486125829,89.81379345183271,89.81328301000958,75.79055516075019,-0.000510441823124097,75.79106560257331,165.6043486125829,138.04365099071669,138.0436508608429,27.56069762186621,-1.2987379705009516e-07,27.56069775174001,0.8558382459330559,106.28,80.135,8,5
2023-08-13,2023,192.5980483433934,181.7025868423923,181.7025868503776,10.895461501001108,7.985306638147449e-09,10.895461493015802,192.5980483433934,181.70258682773843,181.70258683221283,10.895461515654972,4.4744012939190725e-09,10.89546151118057,0.8869565217391304,119.09,65.20875,8,6
2023-08-14,2023,176.14280466636694,53.48686907146907,53.48686907583318,122.65593559489787,4.364103745047032e-09,122.65593559053377,176.14280466636694,91.6069599667572,85.94901373574005,84.53584469960974,-5.657946231017149,90.19379093062689,0.7947826086956521,114.10999999999999,103.37166666666667,8,0
2023-08-15,2023,181.93439923950294,161.1573521153394,161.15735216352047,20.777047124163545,4.818107868231891e-08,20.777047075982466,181.93439923950294,161.15735222589808,166.1533944468322,20.777047013604857,4.996042220934129,15.781004792670728,0.9617391304347825,119.07000000000002,93.55666666666666,8,1
2023-08-16,2023,91.84652300538878,72.27336219185032,69.49244463571848,19.57316081353845,-2.7809175561318398,22.35407836967029,91.84652300538878,71.57597399856994,69.15437695648757,20.27054900681884,-2.421597042082368,22.692146048901208,0.954782608695652,73.12,110.80708333333332,8,2
2023-08-17,2023,64.35795241545229,60.828107002605506,60.82810700188699,3.5298454128467824,-7.185150252553285e-10,3.5298454135652975,64.35795241545229,56.930246801596375,56.9302468229947,7.427705613855913,2.1398321337073867e-08,7.427705592457592,0.9752067038250031,60.64999999999999,111.3625,8,3
2023-08-18,2023,82.34841204482713,69.38563469184909,69.3856347040992,12.962777352978037,1.2250112035872007e-08,12.962777340727925,82.34841204482713,69.4863230142363,77.76768714083421,12.862089030590823,8.281364126597907,4.580724903992916,0.9186603739868003,78.53,108.99000000000001,8,4
2023-08-19,2023,183.73851670347867,148.21941717503918,148.21941717859735,35.51909952843948,3.5581706470111385e-09,35.51909952488131,183.73851670347867,172.36578328659778,172.36578328832732,11.372733416880891,1.729546283968375e-09,11.372733415151345,0.7819091291603835,119.94,84.79208333333332,8,5
2023-08-20,2023,199.26994504315013,188.02117632962666,188.0211763288341,11.248768713523475,-7.925677891762462e-10,11.248768714316043,199.26994504315013,199.20374644669306,199.20374619340296,0.06619859645707038,-2.5329009645247424e-07,0.06619884974716683,0.9232442053434339,126.75,90.12208333333332,8,6
2023-08-21,2023,165.00427773598824,108.22870672295299,108.2287052958489,56.77557101303525,-1.4271040953417469e-06,56.77557244013934,165.00427773598824,121.67911862444993,121.67911864256932,43.32515911153831,1.8119393985216448e-08,43.32515909341892,0.7,113.49,121.10708333333332,8,0
2023-08-22,2023,144.50585202518565,140.43063011764784,140.43063011445957,4.075221907537809,-3.1882620987744303e-09,4.075221910726071,144.50585202518565,143.27488547177757,143.2748854984023,1.2309665534080807,2.6624746851666714e-08,1.2309665267833338,0.9452173913043478,114.03999999999999,123.15208333333334,8,1
2023-08-23,2023,291.08202078670047,289.4810562975396,278.5477800799679,1.6009644891608446,-10.933276217571745,12.53424070673259,291.08202078670047,278.5477801659718,262.2170423260669,12.534240620728667,-16.330737839904884,28.86497846063355,0.9382608695652173,194.38,146.5525,8,2
2023-08-24,2023,215.022929360068,209.33695323952375,209.33695322954458,5.68597612054424,-9.979174819818581e-09,5.685976130523414,215.022929360068,206.2799955835465,202.1071196287736,8.742933776521483,-4.1728759547729055,12.915809731294388,0.9226086956521738,157.43,146.94583333333333,8,3
2023-08-25,2023,70.40810149773102,35.80175007812667,35.80174986248187,34.60635141960435,-2.1564480334745895e-07,34.606351635249155,70.40810149773102,47.7667971686232,47.7667971884315,22.641304329107825,1.9808297224699345e-08,22.641304309299528,0.7947826086956521,67.99,116.26083333333334,8,4
2023-08-26,2023,104.83518198514334,2.4133093688402525,2.4133094036256004,102.42187261630309,3.478534793543986e-08,102.42187258151773,104.83518198514334,92.71127746889307,92.71127748241692,12.123904516250263,1.3523845154850278e-08,12.123904502726418,0.4869565217391304,88.75,96.51541666666667,8,5
2023-08-27,2023,19.397996676741947,15.249454254755689,15.24945425389685,4.148542421986258,-8.588383337837513e-10,4.148542422845097,19.397996676741947,15.24945419866853,15.249454190997792,4.148542478073416,-7.670738710885416e-09,4.148542485744155,0.8662752977127274,41.53,101.89916666666666,8,6
2023-08-28,2023,119.87054216805409,43.325577516030854,43.3255775114076,76.54496465202322,-4.623252891633456e-09,76.54496465664648,119.87054216805409,61.071055673464116,61.071055677840995,58.79948649458997,4.376879303435999e-09,58.79948649021309,0.3818221442729792,94.30000000000001,118.67208333333333,8,0
2023-08-29,2023,114.35205980519514,110.88782077160887,110.88782091451068,3.464239033586267,1.4290181127307733e-07,3.464238890684456,114.35205980519514,106.43671881647926,103.49482316807291,7.915340988715883,-2.9418956484063443,10.857236637122227,0.9519460977375304,76.77,122.90375000000002,8,1
2023-08-30,2023,99.07639543185383,83.19760756234811,83.1976075545587,15.878787869505715,-7.78941000589839e-09,15.878787877295125,99.07639543185383,98.18263655786168,98.18263656883039,0.8937588739921409,1.0968705055347527e-08,0.8937588630234359,0.861491648980378,74.91,114.9275,8,2
2023-08-31,2023,76.07117700917485,72.41809316073909,72.41809316723575,3.653083848435756,6.4966627633111784e-09,3.653083841939093,76.07117700917485,72.24032323700975,72.2403233532665,3.8308537721650993,1.1625675711002259e-07,3.830853655908342,0.961513395202229,62.290000000000006,104.29666666666668,8,3
2023-09-01,2023,61.53428814889786,57.820917593375356,57.82279016644049,3.713370555522502,0.001872573065135441,3.7114979824573666,61.53428814889786,58.14236000628325,58.14236013151148,3.39192814261461,1.2522823311655884e-07,3.391928017386377,0.9573727707699,62.620000000000005,108.57166666666667,9,4
2023-09-02,2023,73.54582704690159,23.03938533379772,23.054119941545824,50.50644171310387,0.014734607748103201,50.49170710535577,73.54582704690159,72.42841683434763,72.42841686872399,1.1174102125539633,3.4376355984022666e-08,1.1174101781776073,0.7797347433729519,71.44999999999999,95.13333333333334,9,5
2023-09-03,2023,198.22098751011856,198.22098758340485,198.22098751655287,-7.32862872609985e-08,-6.685198172817763e-08,-6.434305532820872e-09,198.22098751011856,198.2209876852195,198.2209877055202,-1.7510095062789333e-07,2.030068912972638e-08,-1.954016397576197e-07,0.9075886276739268,133.65,82.6475,9,6
2023-09-04,2023,175.45285123310632,147.36842671804408,147.36842651345995,28.08442451506224,-2.0458412564039463e-07,28.084424719646364,175.45285123310632,147.83401436348757,147.8340142319512,27.618836869618747,-1.315363817866455e-07,27.61883700115513,0.6971080834505533,126.24,108.44541666666669,9,0
2023-09-05,2023,123.25270428099442,119.27988813363828,119.27988813371489,3.9728161473561414,7.6610717769654e-11,3.9728161472795307,123.25270428099442,118.1516423567541,118.15164239060547,5.101061924240327,3.3851378589133674e-08,5.101061890388948,0.983478260869565,109.82000000000001,103.54208333333334,9,1
2023-09-06,2023,163.41447093204786,153.25524798058436,153.2552479067598,10.159222951463505,-7.382456601590093e-08,10.159223025288071,163.41447093204786,152.99773218705533,152.99773218923187,10.416738744992529,2.176534508180339e-09,10.416738742815994,0.9686956521739128,116.4,105.61791666666666,9,2
2023-09-07,2023,135.45229037322477,109.96456644769408,109.96456645352207,25.487723925530688,5.827985205542063e-09,25.487723919702702,135.45229037322477,121.15251199371238,121.15251199190986,14.29977837951239,-1.8025190229309374e-09,14.299778381314908,0.9321739130434782,102.07000000000001,100.98583333333335,9,3
2023-09-08,2023,233.11556491364854,227.18233690047697,227.18233722543383,5.933228013171572,3.2495685786670947e-07,5.933227688214714,233.11556491364854,225.44625808542514,221.41575654217766,7.669306828223398,-4.030501543247482,11.69980837147088,0.9217391304347825,159.09,108.22708333333333,9,4
2023-09-09,2023,237.19693799393718,180.11160077864838,180.11160089302794,57.0853372152888,1.1437956004556327e-07,57.08533710090924,237.19693799393718,236.86594734427257,236.86594684157092,0.33099064966461356,-5.027016527492378e-07,0.3309911523662663,0.7756521739130434,151.32,91.51291666666668,9,5
2023-09-10,2023,247.76027191984159,247.7602715535586,247.76027160188542,3.6628298971663753e-07,4.8326825208278024e-08,3.179561645083595e-07,247.76027191984159,247.76027140487778,247.76027143040014,5.149638013790536e-07,2.5522354007989634e-08,4.89441447371064e-07,0.9356521739130433,151.9,85.29791666666667,9,6
2023-09-11,2023,702.0120463340083,622.7420291842075,622.7420291477374,79.27001714980088,-3.647005542006809e-08,79.27001718627093,702.0120463340083,633.69925217762,633.6992521286253,68.31279415638835,-4.899470695818309e-08,68.31279420538306,0.7843478260869564,437.82,152.865,9,0
2023-09-12,2023,289.46410726089744,284.4239034992697,284.4239036414885,5.0402037616277084,1.4221876654119114e-07,5.040203619408942,289.46410726089744,284.423903709206,284.4239036980294,5.040203551691434,-1.1176609859830933e-08,5.040203562868044,0.8645357890827823,190.42999999999998,131.45416666666665,9,1
2023-09-13,2023,67.07385932543376,35.95939146748152,35.95939149240311,31.114467857952242,2.492159012490447e-08,31.114467833030652,67.07385932543376,36.2549723058914,36.25497221158386,30.81888701954236,-9.43075377790592e-08,30.818887113849897,0.8606218946654054,61.480000000000004,109.93666666666667,9,2
2023-09-14,2023,233.23853688454443,224.3661149631152,224.36611496169914,8.872421921429236,-1.4160548289510189e-09,8.872421922845291,233.23853688454443,224.36611483634377,205.32881409364376,8.872422048200661,-19.037300742700012,27.909722790900673,0.8695652173913043,147.60000000000002,120.46541666666667,9,3
2023-09-15,2023,169.3994302711626,143.7985247502368,143.7985253371093,25.600905520925807,5.868725168056699e-07,25.60090493405329,169.3994302711626,144.8668422138048,144.86684222905097,24.5325880573578,1.524617232462333e-08,24.532588042111627,0.96,126.98,108.18583333333333,9,4
2023-09-16,2023,194.74778585716558,159.58337588643786,159.58337588134003,35.16440997072772,-5.097831490274984e-09,35.16440997582555,194.74778585716558,194.74778578526087,194.7477858398704,7.190470796558657e-08,5.460952934299712e-08,1.7295178622589447e-08,0.9199999999999999,148.8,95.20041666666667,9,5
2023-09-17,2023,222.7495164091572,218.71145994598479,218.7114599280814,4.03805646317241,-1.7903374782690662e-08,4.038056481075785,222.7495164091572,218.71145996560978,218.71145996734714,4.038056443547418,1.7373622540617362e-09,4.038056441810056,0.8904347826086956,147.82,87.61541666666666,9,6
2023-09-18,2023,204.84232915693948,171.19533761904455,171.19533762003792,33.646991537894934,9.933671663020505e-10,33.64699153690157,204.84232915693948,178.65941968365507,178.65941966810297,26.18290947328441,-1.55521036049322e-08,26.182909488836515,0.6852173913043478,131.34,95.30250000000001,9,0
2023-09-19,2023,368.6056079956321,358.14007767911045,358.1400780624388,10.465530316521665,3.8332836993504316e-07,10.465529933193295,368.6056079956321,358.1383827111143,358.13838502104466,10.467225284517838,2.3099303803064686e-06,10.467222974587457,0.9045444875715226,120.16,37.5225,9,1
2023-09-20,2023,460.0452341420619,447.0993043390321,447.09930365970143,12.945929803029799,-6.79330639741238e-07,12.945930482360438,460.0452341420619,446.17723117783436,446.17723122588893,13.868002964227514,4.8054573653644184e-08,13.86800291617294,0.9491083079599826,201.20000000000002,49.45791666666667,9,2
2023-09-21,2023,319.7320322920724,271.76321117657216,271.76322089422166,47.96882111550025,9.717649504636938e-06,47.96881139785074,319.7320322920724,255.99845846657468,255.99845838299396,63.73357382549773,-8.358071568181913e-08,63.733573909078444,0.8192692474989124,234.99,103.0575,9,3
2023-09-22,2023,114.89877238660227,98.15891594633257,98.15896961146548,16.739856440269705,5.366513290994135e-05,16.739802775136795,114.89877238660227,102.20939116376155,102.20939113053191,12.689381222840723,-3.322963948448887e-08,12.689381256070362,0.7649489200184175,85.7,103.97833333333331,9,4
2023-09-23,2023,113.12961824211133,60.64552884838272,60.645528841635056,52.48408939372862,-6.747661984718434e-09,52.48408940047628,113.12961824211133,92.86919362617283,111.62449989883251,20.260424615938504,18.75530627265968,1.5051183432788235,0.8339130434782607,103.1,99.51958333333334,9,5
2023-09-24,2023,247.11752994345886,247.11753018788121,247.1175301007708,-2.444223525799316e-07,-8.7110407775981e-08,-1.573119448039506e-07,247.11752994345886,247.10906497017976,247.10906474764636,0.00846497327910356,-2.225334014838154e-07,0.008465195812505044,0.9034782608695651,159.75,68.815,9,6
2023-09-25,2023,600.8817743935907,360.1888630168406,360.18886319726164,240.6929113767501,1.8042101146420464e-07,240.69291119632908,600.8817743935907,324.53840119111027,324.53839685970286,276.34337320248045,-4.331407410518295e-06,276.34337753388786,0.5408695652173913,379.51,105.80375,9,0
2023-09-26,2023,332.5314840165766,298.54823147124034,298.5482317222013,33.983252545336256,2.5096096578636207e-07,33.98325229437529,332.5314840165766,298.5482323480789,298.5482322603161,33.9832516684977,-8.776277127253707e-08,33.98325175626047,0.6592737707492444,205.60000000000002,128.765,9,1
2023-09-27,2023,298.0394807079599,297.9048283142597,297.9048282063047,0.13465239370020754,-1.0795497473736759e-07,0.13465250165518228,298.0394807079599,296.1603684009261,296.1603683931598,1.8791123070338358,-7.766288945276756e-09,1.8791123148001248,0.9097630134613583,172.42999999999998,124.48125,9,2
2023-09-28,2023,248.69135495394727,228.60038958551593,228.60038986041525,20.09096536843134,2.748993210843764e-07,20.09096509353202,248.69135495394727,241.4903064584194,241.49030643116026,7.201048495527857,-2.7259147827862762e-08,7.201048522787005,0.7026086956521739,192.85000000000002,112.51958333333333,9,3
2023-09-29,2023,79.64975149038739,70.84419574344389,70.8441957517069,8.805555746943497,8.263015160991927e-09,8.805555738680482,79.64975149038739,75.00597982162628,75.0059798216368,4.643771668761104,1.0516032489249483e-11,4.643771668750588,0.8310502479563364,68.03,105.27416666666666,9,4
2023-09-30,2023,218.17563676357645,202.86211124549448,202.86211125745075,15.313525518081974,1.1956274192925775e-08,15.3135255061257,218.17563676357645,216.378351728779,216.37835174046853,1.7972850347974543,1.1689536449921434e-08,1.7972850231079178,0.9580343779423386,155.14000000000001,91.50291666666665,9,5
2023-10-01,2023,215.63526608846243,207.90149261706597,207.90149239555905,7.733773471396461,-2.2150692302602693e-07,7.733773692903384,215.63526608846243,207.90149313092866,207.9014929937687,7.733772957533773,-1.371599580579641e-07,7.733773094693731,0.8138321779021324,131.93,74.04416666666667,10,6
2023-10-02,2023,217.9752834078076,145.0702236299235,145.13538587356413,72.9050597778841,0.0651622436406285,72.83989753424348,217.9752834078076,181.3456685948871,181.34566887444672,36.62961481292052,2.7955962877967977e-07,36.62961453336089,0.6263593459000912,157.13,118.15041666666667,10,0
2023-10-03,2023,147.03143888449475,-8.617686384402234,-8.617686441197709,155.64912526889697,-5.67954749897126e-08,155.64912532569247,147.03143888449475,13.55286696653404,13.5528668897532,133.47857191796072,-7.678083946416336e-08,133.47857199474154,0.4539130434782608,108.65,22.955000000000002,10,1
2023-10-04,2023,291.04148372706044,124.44689480954221,124.44689481861765,166.59458891751822,9.07543551420531e-09,166.5945889084428,291.04148372706044,227.23410508055866,163.9327378578111,63.807378646501775,-63.30136722274756,127.10874586924933,0.09480322033201535,119.59,69.49208333333333,10,2
2023-10-05,2023,236.730317868432,216.90259752583998,216.8896724201558,19.827720342592016,-0.012925105684189475,19.840645448276206,236.730317868432,231.4054737739747,231.40547379803414,5.324844094457291,2.405943178018788e-08,5.324844070397859,0.9371602743829959,188.88,101.60916666666667,10,3
2023-10-06,2023,207.12201707084256,199.28865023006347,199.2886501483109,7.833366840779092,-8.175257448783668e-08,7.833366922531667,207.12201707084256,206.41601682806657,206.4160162117768,0.7060002427759855,-6.162897818740021e-07,0.7060008590657674,0.588695652173913,120.17,71.60125000000001,10,4
2023-10-07,2023,279.60371583835416,268.15272426230655,248.87633639270797,11.450991576047613,-19.27638786959858,30.727379445646193,279.60371583835416,223.736386261281,268.15272443080084,55.86732957707315,44.41633816951983,11.450991407553317,0.4052173913043478,108.86999999999999,44.95416666666667,10,5
2023-10-08,2023,137.13210336658221,137.02548920870274,137.02548928868586,0.10661415787947703,7.998312412382802e-08,0.10661407789635291,137.13210336658221,133.18576310372697,133.1857632958937,3.9463402628552444,1.9216673763366998e-07,3.946340070688507,0.9399999999999998,107.98000000000002,90.6425,10,6
2023-10-09,2023,177.80912613053331,149.3692198153495,141.26208155573676,28.439906315183805,-8.107138259612753,36.54704457479656,177.80912613053331,137.71485703210072,138.93875049426555,40.09426909843259,1.223893462164824,38.87037563626777,0.8408695652173912,146.7,116.01083333333334,10,0
2023-10-10,2023,142.14532360971967,3.859024289020665,3.859023409293796,138.28629932069902,-8.797268691296267e-07,138.28630020042587,142.14532360971967,-21.319418935682137,-21.319423875944388,163.4647425454018,-4.940262250840988e-06,163.46474748566405,0.23826086956521736,133.01999999999998,112.38541666666667,10,1
2023-10-11,2023,415.2374142050945,415.1236415097618,415.12364122535627,0.11377269533272738,-2.8440553023756365e-07,0.11377297973825762,415.2374142050945,411.3209077685771,411.3209061356704,3.916506436517409,-1.6329067307196965e-06,3.9165080694241396,0.5869565217391304,132.2,59.794999999999995,10,2
2023-10-12,2023,161.5103499909111,137.53196514481198,137.5319579408303,23.978384846099118,-7.203981681414007e-06,23.9783920500808,161.5103499909111,135.28908708542852,135.2890878237893,26.221262905482575,7.383607680822024e-07,26.221262167121807,0.7391304347826086,142.68,122.70916666666665,10,3
2023-10-13,2023,135.2877018386998,-15.55591985093691,74.12955520278364,150.8436216896367,89.68547505372055,61.15814663591617,135.2877018386998,111.91649236625517,111.91649225525373,23.371209472444633,-1.1100144092779374e-07,23.371209583446074,0.013043478260869565,146.06,68.40625,10,4
2023-10-14,2023,228.81557766841584,210.10588640303123,122.77950394335352,18.709691265384606,-87.32638245967772,106.03607372506232,228.81557766841584,210.5459494672486,210.54594924684596,18.26962820116725,-2.20402625927818e-07,18.269628421569877,-0.27304347826086955,132.18,26.528333333333336,10,5
2023-10-15,2023,255.85534258593887,253.10075964359177,253.1007595923717,2.754582942347099,-5.122006996316486e-08,2.754582993567169,255.85534258593887,242.07028574172028,250.62884622860275,13.785056844218587,8.55856048688247,5.226496357336117,0.7147826086956521,141.66,39.61708333333333,10,6
2023-10-16,2023,203.72112731225403,184.70174408048766,137.78590042783372,19.01938323176637,-46.91584365265393,65.9352268844203,203.72112731225403,190.34017920398668,168.39703341227226,13.380948108267347,-21.943145791714414,35.32409389998176,0.6147826086956522,145.57,133.69875000000002,10,0
2023-10-17,2023,120.05555467027551,116.90398925588099,116.90398929364218,3.1515654143945255,3.7761196836072486e-08,3.1515653766333287,120.05555467027551,117.06652153830163,117.0665215720534,2.9890331319738834,3.375177470843482e-08,2.9890330982221087,0.7913043478260868,92.68,130.12416666666667,10,1
2023-10-18,2023,133.31835823310644,101.36288275332008,101.3628827035568,31.955475479786358,-4.976327261374536e-08,31.95547552954963,133.31835823310644,97.82362998504233,97.82362998828918,35.494728248064106,3.246853452765208e-09,35.49472824481725,0.8026086956521737,119.43,98.44458333333334,10,2
2023-10-19,2023,206.56438087314754,118.2076627472203,118.20766315379271,88.35671812592724,4.065724112933822e-07,88.35671771935483,206.56438087314754,113.69244804987015,113.69244606819898,92.87193282327739,-1.981671175599331e-06,92.87193480494857,0.31130434782608696,130.72,93.40875,10,3
2023-10-20,2023,135.19924314880583,96.67818975708391,96.67818977122607,38.52105339172192,1.4142159443508717e-08,38.52105337757976,135.19924314880583,100.4088334679427,100.40883358837004,34.790409680863135,1.2042734454098536e-07,34.79040956043579,0.8808695652173912,101.71000000000001,87.23666666666668,10,4
2023-10-21,2023,210.48396739473142,58.30954064067191,197.05229656222812,152.1744267540595,138.7427559215562,13.4316708325033,210.48396739473142,149.69062704289877,155.39217083379455,60.793340351832654,5.701543790895784,55.09179656093687,0.5113043478260869,118.4,54.319583333333334,10,5
2023-10-22,2023,215.31152645594975,180.38485194439187,180.38485173977725,34.92667451155788,-2.0461462213461346e-07,34.9266747161725,215.31152645594975,194.24962297138674,194.24962177966262,21.061903484563004,-1.191724123827953e-06,21.061904676287128,0.7686956521739129,123.39000000000001,63.947916666666664,10,6
2023-10-23,2023,139.82552507861305,84.99167940500493,61.60354567042471,54.833845673608124,-23.388133734580222,78.22197940818835,139.82552507861305,111.40106525116553,48.24444888677043,28.42445982744752,-63.156616364395106,91.58107619184263,0.5608695652173912,105.62999999999998,125.02416666666666,10,0
2023-10-24,2023,54.88872690716377,-3.1551917278192505,-3.1551917306370143,58.04391863498302,-2.8177638000670413e-09,58.043918637800786,54.88872690716377,12.149047920984668,12.149047927156737,42.7396789861791,6.172069078047571e-09,42.739678980007035,0.7947826086956521,64.61,117.98583333333333,10,1
2023-10-25,2023,67.33587548272995,65.935503858679,65.93550385190602,1.4003716240509476,-6.772978622393566e-09,1.4003716308239262,67.33587548272995,57.79698281299184,59.1554095813224,9.538892669738104,1.3584267683305598,8.180465901407544,0.9339130434782608,71.65,124.30583333333334,10,2
2023-10-26,2023,58.946077577990906,47.81125852771764,47.811258458231116,11.134819050273265,-6.948652497840158e-08,11.13481911975979,58.946077577990906,58.87158348200281,58.871583495138466,0.07449409598809353,1.3135654342022463e-08,0.07449408285243919,0.8956521739130434,63.95,121.34541666666667,10,3
2023-10-27,2023,51.54653024942859,22.5188935603126,22.518893560912424,29.027636689115994,5.998259666739614e-10,29.027636688516168,51.54653024942859,31.849980680403903,31.849980641028043,19.69654956902469,-3.937585901780949e-08,19.69654960840055,0.8973913043478261,60.85000000000001,118.35000000000001,10,4
2023-10-28,2023,111.63329307079066,29.527181544109077,59.03601653631144,82.10611152668159,29.508834992202367,52.597276534479214,111.63329307079066,79.23827262886647,79.23827392285446,32.39502044192419,1.2939879923123954e-06,32.395019147936196,0.7,101.48000000000002,83.36583333333334,10,5
2023-10-30,2023,261.073470752115,252.44347160665382,252.4434695097482,8.62999914546117,-2.096905603821142e-06,8.630001242366774,261.073470752115,252.44346990401692,252.44347161961332,8.630000848098064,1.715596397389163e-06,8.629999132501666,,163.0,92.88625000000002,10,0
2023-10-31,2023,137.8997866096629,99.04901100228913,99.04900959347259,38.85077560737376,-1.4088165443126854e-06,38.85077701619031,137.8997866096629,74.42558828188191,74.42558824933045,63.47419832778098,-3.255146907577e-08,63.47419836033245,0.9382608695652173,110.07,104.95,10,1
2023-11-01,2023,34.69189922473143,0.5030469863312739,0.5030469971253488,34.18885223840016,1.0794074967179768e-08,34.18885222760608,34.69189922473143,-13.797430295843803,-13.797430285810794,48.48932952057523,1.0033009090193445e-08,48.48932951054222,0.3383344285243483,69.00999999999999,62.88833333333333,11,2
2023-11-02,2023,124.78690136215468,91.77544184417727,91.77544183216447,33.011459517977414,-1.2012790762128134e-08,33.011459529990205,124.78690136215468,102.35577982042662,110.5108376518902,22.43112154172806,8.15505783146358,14.27606371026448,0.42357035139166493,84.54,59.774166666666666,11,3
2023-11-03,2023,141.86070375939062,125.75192080736824,125.75192083663985,16.10878295202238,2.9271618018356094e-08,16.108782922750763,141.86070375939062,125.52763300486431,125.52763302223526,16.333070754526304,1.7370950899930904e-08,16.333070737155353,0.7791304347826087,89.28999999999999,56.572916666666664,11,4
2023-11-04,2023,39.49506435484197,-5.4228675781789235,-24.523607898883764,44.917931933020895,-19.10074032070484,64.01867225372574,39.49506435484197,-23.89194828122119,-31.159880992455157,63.38701263606316,-7.267932711233968,70.65494534729713,0.18268814255419327,41.71,24.81583333333333,11,5
2023-11-05,2023,114.09385704567137,9.133111688361353,8.711458952716042,104.96074535731002,-0.4216527356453117,105.38239809295533,114.09385704567137,109.1603987911751,69.20984154076129,4.933458254496273,-39.95055725041381,44.88401550491008,0.2905611410147645,71.97,29.91125,11,6
2023-11-06,2023,269.76730844073626,205.32445177054197,231.89215766874915,64.44285667019429,26.56770589820718,37.87515077198711,269.76730844073626,238.0582850378287,238.05828501205767,31.709023402907548,-2.577104396550567e-08,31.70902342867859,0.7139130434782608,150.91,72.04166666666667,11,0
2023-11-07,2023,116.64287994964656,102.83212580716045,102.83212604533325,13.810754142486104,2.3817280236926308e-07,13.810753904313302,116.64287994964656,85.9161175466824,85.9161176579211,30.726762402964155,1.1123870535811875e-07,30.72676229172545,0.8008695652173912,81.36999999999999,99.74583333333334,11,1
2023-11-08,2023,76.57403139807448,75.06304324933757,75.06304332604944,1.5109881487369137,7.671187063351681e-08,1.510988072025043,76.57403139807448,72.7620172136069,72.76201720759448,3.8120141844675857,-6.012413678035955e-09,3.8120141904799993,0.9678260869565216,65.11000000000001,89.72375,11,2
2023-11-09,2023,64.11560824921358,40.89101570042889,40.89101568319377,23.224592548784692,-1.7235116445135645e-08,23.22459256601981,64.11560824921358,38.65485058393136,38.654850586550225,25.460757665282216,2.6188615720457165e-09,25.460757662663354,0.9026086956521738,63.47000000000001,97.21791666666668,11,3
2023-11-10,2023,115.14082397972281,98.27682857325827,98.2768285543919,16.86399540646454,-1.8866373352466326e-08,16.863995425330913,115.14082397972281,105.37709939660584,105.37709941546692,9.763724583116968,1.8861072703657555e-08,9.763724564255895,0.8547826086956521,87.74,94.04875,11,4
2023-11-11,2023,36.326995480789655,15.58972802511171,35.13289012419788,20.737267455677944,19.543162099086167,1.194105356591777,36.326995480789655,35.13289015829348,35.13289029272147,1.1941053224961777,1.344279922932401e-07,1.1941051880681854,0.9530434782608694,53.05,96.79333333333334,11,5
2023-11-12,2023,39.96091574428749,38.73083332013196,38.73083332921395,1.2300824241555333,9.081993823656376e-09,1.2300824150735394,39.96091574428749,39.006799794116546,39.00679978457292,0.9541159501709444,-9.543626333652355e-09,0.9541159597145707,0.9139130434782607,54.920000000000016,97.99208333333333,11,6
2023-11-13,2023,53.8777066054124,-56.724887647959804,-56.72488764970502,110.6025942533722,-1.7452137512918853e-09,110.60259425511742,53.8777066054124,-53.926488116516175,-53.92648811272934,107.80419472192858,3.786837510233454e-09,107.80419471814173,-0.4382608695652173,141.69,94.89416666666666,11,0
2023-11-14,2023,194.06056577271912,126.5435977186317,104.34663716275652,67.51696805408741,-22.19696055587518,89.7139286099626,194.06056577271912,127.66682561577497,127.666825627398,66.39374015694415,1.1623029649854288e-08,66.39374014532112,-0.4356521739130434,119.89,65.50791666666667,11,1
2023-11-15,2023,55.58960747582364,53.718495362914325,53.71849541316366,1.8711121129093158,5.024933358299677e-08,1.8711120626599822,55.58960747582364,48.45890761193701,48.45890769380087,7.130699863886633,8.186385969111143e-08,7.1306997820227735,0.7460869565217391,59.21000000000001,102.40791666666667,11,2
2023-11-16,2023,120.53846346282252,61.35835239776521,61.35835280611792,59.18011106505731,4.083527116449659e-07,59.1801106567046,120.53846346282252,107.53899842940909,107.53899826447642,12.99946503341343,-1.6493267196437955e-07,12.999465198346101,0.874782608695652,108.32999999999998,117.63416666666667,11,3
2023-11-17,2023,39.12913535087782,23.399641022753865,23.399641023007923,15.729494328123952,2.540581078847026e-10,15.729494327869894,39.12913535087782,29.359469897372986,29.35946987919786,9.769665453504832,-1.817512540469579e-08,9.769665471679957,0.8460869565217389,56.83999999999999,121.34083333333332,11,4
2023-11-18,2023,-1.6243458478603633e-09,-17.84883079522927,-37.99813518084315,17.84883079360492,-20.14930438561388,37.99813517921881,-1.6243458478603633e-09,-11.09527818652992,-11.095278182783714,11.095278184905576,3.746206900245852e-09,11.095278181159369,0.49662971384936483,52.45,91.39666666666665,11,5
2023-11-19,2023,179.0070953765623,1.8470075979465943e-08,162.11178905133198,179.00709535809222,162.1117890328619,16.895306325230308,179.0070953765623,9.25388265307026e-09,160.74033759536698,179.0070953673084,160.7403375861131,18.26675778119531,0.2283105076803122,104.48,38.19583333333333,11,6
2023-11-20,2023,105.85968227714669,42.042631114506044,66.87578673338004,63.817051162640645,24.833155618873995,38.98389554376665,105.85968227714669,87.29610422124631,87.29610404576982,18.56357805590038,-1.7547648667459725e-07,18.563578231376866,0.6582608695652173,87.09,106.08458333333334,11,0
2023-11-21,2023,35.965977914163666,34.102220725896146,34.102220748674014,1.8637571882675203,2.2777868480261532e-08,1.8637571654896519,35.965977914163666,34.1022207170266,34.10222047663036,1.863757197137069,-2.4039623980343094e-07,1.8637574375333088,0.8617391304347826,55.8,123.29833333333333,11,1
2023-11-22,2023,45.47975467566684,12.737476404869971,12.737476338140624,32.74227827079687,-6.672934738105596e-08,32.742278337526216,45.47975467566684,12.892675817288412,12.89267572436655,32.587078858378426,-9.292186220477561e-08,32.58707895130029,0.7845183921053014,76.84999999999998,109.68791666666665,11,2
2023-11-23,2023,135.33176673979378,125.97388189336947,107.30237158881212,9.357884846424312,-18.671510304557344,28.029395150981657,135.33176673979378,82.1149922476921,72.77348818993674,53.21677449210168,-9.341504057755358,62.558278549857036,0.9302022398632149,110.07000000000001,61.64291666666668,11,3
2023-11-24,2023,168.93597106768928,161.971817110515,161.97181710470178,6.96415395717429,-5.813205916638253e-09,6.964153962987496,168.93597106768928,161.97181709601506,161.971817139306,6.964153971674222,4.329095304456132e-08,6.9641539283832685,0.7182608695652173,112.58000000000001,63.87125,11,4
2023-11-25,2023,54.333987551704446,-11.567035716827112,-11.567035075187892,65.90102326853156,6.41639219978174e-07,65.90102262689234,54.333987551704446,23.99246673643406,23.99246660295624,30.341520815270385,-1.334778190198449e-07,30.341520948748204,0.7147826086956521,57.21000000000001,94.59666666666665,11,5
2023-11-26,2023,29.951550062336743,26.289760335798555,26.289760332560668,3.6617897265381885,-3.2378864034399157e-09,3.661789729776075,29.951550062336743,27.961896806389298,27.96189665945918,1.9896532559474451,-1.469301196266315e-07,1.9896534028775648,0.8678260869565216,52.469999999999985,116.35083333333334,11,6
2023-11-27,2023,42.1645972841947,-0.19003892687575075,-0.1900389588625071,42.35463621107045,-3.1986756354740464e-08,42.35463624305721,42.1645972841947,10.516331154829228,10.516331153990667,31.64826612936547,-8.385612204619974e-10,31.648266130204032,0.3479017259890471,59.93000000000001,114.51041666666667,11,0
2023-11-28,2023,161.30873203957745,72.30899653769828,72.30899653386503,88.99973550187917,-3.833250161733304e-09,88.99973550571242,161.30873203957745,72.30899654028009,66.03830196271163,88.99973549929736,-6.270694577568463,95.27043007686582,0.5514242356926398,125.47999999999999,121.94125000000001,11,1
2023-11-29,2023,230.60247261405425,224.68792122940624,224.6879210971165,5.914551384648007,-1.3228975603851723e-07,5.914551516937763,230.60247261405425,230.602472508897,230.60247267660796,1.0515725534787634e-07,1.6771096511547512e-07,-6.255370976759878e-08,0.9360592447062474,165.09,140.02291666666667,11,2
2023-11-30,2023,207.66863386336763,206.83250997274962,206.83034100346524,0.836123890618012,-0.002168969284383593,0.8382928599023955,207.66863386336763,206.9744850825456,206.9744852281105,0.6941487808220188,1.4556488281414204e-07,0.694148635257136,0.8305416772536839,161.0,168.75791666666666,11,3
2023-12-01,2023,169.14744175328352,150.88671290656578,150.8867128809191,18.26072884671774,-2.564667056503822e-08,18.26072887236441,169.14744175328352,148.3697059213377,148.3697059118388,20.77773583194582,-9.498904773863615e-09,20.777735841444724,0.9749945870843046,134.81,156.39625,12,4
2023-12-02,2023,25.15724141181598,10.361853119929561,6.336687243749406,14.79538829188642,-4.025165876180155,18.820554168066575,25.15724141181598,10.361853362778225,10.361853358478362,14.795388049037756,-4.2998635763069615e-09,14.79538805333762,0.877391304347826,47.13000000000001,116.40500000000002,12,5
2023-12-03,2023,14.285789886035742,7.42700317711563,7.427003177244771,6.858786708920112,1.291411422243982e-10,6.858786708790971,14.285789886035742,9.079415801768628,9.079415708666986,5.2063740842671145,-9.310164195142079e-08,5.206374177368756,0.7945205667274864,40.19000000000001,104.71833333333335,12,6
2023-12-04,2023,28.71519128700607,-9.856023324669382,-9.85602331140834,38.57121461167545,1.3261042042245208e-08,38.571214598414414,28.71519128700607,-1.7164532997645007e-10,-7.865334068741813e-11,28.715191287177717,9.299198928903194e-11,28.715191287084725,0.5079365199440088,46.03999999999999,111.75791666666667,12,0
2023-12-05,2023,58.60656004827418,12.76193639121743,12.761936391198851,45.84462365705675,-1.857891618328722e-11,45.84462365707533,58.60656004827418,58.380622766019485,58.380622836976144,0.2259372822546979,7.09566592149713e-08,0.22593721129803868,0.7417391304347827,63.849999999999994,114.3925,12,1
2023-12-06,2023,88.85708396478582,85.67825089189574,85.67825086779065,3.1788330728900718,-2.4105091256387823e-08,3.178833096995163,88.85708396478582,85.67825088747657,85.67825088873742,3.1788330773092497,1.2608580846062978e-09,3.1788330760483916,0.8834782608695652,87.47999999999999,129.5404166666667,12,2
2023-12-07,2023,40.17498048694483,29.105686914217678,29.105686811626278,11.069293572727155,-1.0259140026391833e-07,11.069293675318555,40.17498048694483,6.036636255813971,6.036636407421254,34.13834423113086,1.516072831719839e-07,34.13834407952358,0.748695652173913,62.92,116.60208333333334,12,3
2023-12-08,2023,20.425394424053074,8.545402996655621,8.545402998507189,11.879991427397453,1.851567787980457e-09,11.879991425545885,20.425394424053074,13.789429978277624,13.78942992771656,6.63596444577545,-5.056106466838628e-08,6.6359644963365145,0.7782608695652173,39.230000000000004,103.67958333333333,12,4
2023-12-09,2023,-6.253218356529473e-10,-20.963306484343278,-20.963306294186175,20.963306483717957,1.9015710250869233e-07,20.963306293560855,-6.253218356529473e-10,-28.63316882540174,-32.230794516865586,28.63316882477642,-3.597625691463847,32.230794516240266,0.46086956521739125,48.82,78.41458333333334,12,5
2023-12-10,2023,115.33536657808519,8.362208230300452e-09,79.03899142260924,115.33536656972298,79.03899141424704,36.29637515547594,115.33536657808519,1.1144009356985662e-10,1.0854499951197572e-09,115.33536657797374,9.740099015499007e-10,115.33536657699973,-0.18612742340414024,79.43,55.8725,12,6
2023-12-11,2023,176.86433967340955,176.86433804733105,176.86434001408617,1.6260785002941702e-06,1.966755121429742e-06,-3.406766211355716e-07,176.86433967340955,174.25010697806113,174.2501069837635,2.61423269534842,5.702361249859678e-09,2.614232689646059,0.8932376814768785,114.02,79.05291666666666,12,0
2023-12-12,2023,44.767306184594204,-23.83961616886706,-23.83961600060789,68.60692235346127,1.682591701523961e-07,68.6069221852021,44.767306184594204,-23.839615963928452,-23.839616000712,68.60692214852266,-3.678354687508545e-08,68.6069221853062,0.3808695652173913,68.83000000000001,106.06208333333332,12,1
2023-12-13,2023,21.89241859383554,6.304375976349464,6.30437587914045,15.588042617486076,-9.720901417153982e-08,15.58804271469509,21.89241859383554,6.3043759679711915,6.3043759720582475,15.588042625864349,4.0870560269468115e-09,15.588042621777292,0.6636225423241073,38.72,93.04083333333334,12,2
2023-12-14,2023,47.64292856094252,44.75211674479384,44.75211674513022,2.890811816148684,3.3638514196354663e-10,2.890811815812299,47.64292856094252,25.027500701453782,1.3402639816857842e-08,22.61542785948874,-25.02750068805114,47.64292854753988,0.894107435791851,54.44000000000001,107.12374999999999,12,3
2023-12-15,2023,30.093411392880604,-6.637331010052119,-6.637330982326624,36.73074240293272,2.772549478891051e-08,36.73074237520723,30.093411392880604,-1.337495030767025,-1.33749523114275,31.430906423647627,-2.0037572490139155e-07,31.430906624023354,0.7939130434782607,46.34,93.23541666666667,12,4
2023-12-16,2023,21.797762925041113,8.39888741423502,8.398887412810094,13.398875510806093,-1.4249259550069837e-09,13.398875512231019,21.797762925041113,7.15229700935115e-10,8.146436918232842,21.797762924325884,8.146436917517612,13.65132600680827,0.7591304347826088,35.00000000000001,70.695,12,5
2023-12-17,2023,62.443009596422,58.41189818308932,58.41189810914152,4.031111413332681,-7.394780254799116e-08,4.031111487280484,62.443009596422,59.39211870958437,59.39211862936589,3.050890886837628,-8.02184842996212e-08,3.0508909670561124,0.7704347826086956,50.239999999999995,50.717083333333335,12,6
2023-12-18,2023,70.99606543764556,57.09582463953416,56.185551447638815,13.900240798111398,-0.9102731918953424,14.81051399000674,70.99606543764556,56.18555144474446,56.1855514446339,14.810513992901093,-1.1056044968427159e-10,14.810513993011654,0.6504347826086957,60.209999999999994,77.97416666666668,12,0
2023-12-19,2023,58.0589343449764,33.710478559478375,33.710478560350204,24.348455785498025,8.718288313502853e-10,24.348455784626196,58.0589343449764,48.96437807223566,48.96437808453877,9.09455627274074,1.2303111418532353e-08,9.094556260437628,0.9669565217391304,55.03999999999999,76.28958333333334,12,1
2023-12-20,2023,52.82822338007271,5.820774340712218,5.820774339731301,47.00744903936049,-9.809166812146941e-10,47.007449040341406,52.82822338007271,13.367816213072809,13.367816184329234,39.4604071669999,-2.8743574631562296e-08,39.46040719574347,0.8556521739130434,50.33,62.004999999999995,12,2
2023-12-21,2023,114.85005174403909,63.68158571747871,86.78964155569439,51.16846602656038,23.108055838215677,28.060410188344704,114.85005174403909,51.93122843691419,51.93122845482624,62.9188233071249,1.7912050509494293e-08,62.91882328921285,0.7399999999999999,48.89,25.280416666666667,12,3
2023-12-22,2023,74.61467130421545,42.15675568716049,42.15675568332177,32.45791561705496,-3.8387213407986565e-09,32.45791562089368,74.61467130421545,52.78222637919718,62.15252621598815,21.832444925018265,9.37029983679097,12.462145088227295,0.5913043478260869,50.61,22.655833333333334,12,4
2023-12-23,2023,106.50993000286228,62.44574977309914,68.4328273804422,44.06418022976314,5.987077607343068,38.07710262242007,106.50993000286228,106.2512952059284,106.25129521428322,0.25863479693387603,8.354817282452132e-09,0.25863478857905875,0.8163623631411117,68.14,30.74333333333333,12,5
2023-12-24,2023,3.341866066501095,-11.889996457198745,-32.68745360673617,15.231862523699839,-20.797457149537426,36.02931967323727,3.341866066501095,-8.992289800686285,-25.026474792777936,12.33415586718738,-16.034184992091653,28.36834085927903,-0.2950392762311694,9.07,-3.3708333333333336,12,6
2023-12-25,2023,52.655174490650424,-24.754985696136078,-14.091693597746701,77.4101601867865,10.663292098389377,66.74686808839712,52.655174490650424,2.0315175738168984e-08,34.05605947979642,52.65517447033525,34.05605945948124,18.599115010854007,-0.297021098563149,33.39,0.40708333333333346,12,0
2023-12-26,2023,89.57312888796204,88.95648705838872,88.95648705991509,0.6166418295733251,1.526373694105132e-09,0.6166418280469514,89.57312888796204,83.15990677880575,83.15990678740181,6.413222109156294,8.596060752097401e-09,6.413222100560233,0.9069160504567203,57.349999999999994,16.622083333333332,12,1
2023-12-27,2023,31.061632732275747,-50.36900512080871,-50.36900405398609,81.43063785308445,1.0668226195775787e-06,81.43063678626183,31.061632732275747,0.07946982876915243,0.07946974201119339,30.982162903506595,-8.675795903911876e-08,30.982162990264555,-0.06566645078043265,82.72,60.79833333333334,12,2
2023-12-28,2023,113.97517316817057,59.016831473002505,40.892313313074816,54.958341695168066,-18.12451815992769,73.08285985509576,113.97517316817057,42.50103070841745,65.8235494603993,71.47414245975312,23.322518751981853,48.151623707771265,0.6339130434782608,48.26,16.669999999999998,12,3
2023-12-29,2023,48.72401181693455,32.05347198050504,32.05347197568817,16.670539836429512,-4.8168686817007256e-09,16.67053984124638,48.72401181693455,33.28706480622199,33.28706482383572,15.436947010712558,1.7613729141885415e-08,15.436946993098829,0.7779952347430067,27.54,6.359583333333333,12,4
2023-12-30,2023,118.75305783426046,63.54903645378215,94.43128507225956,55.20402138047831,30.882248618477405,24.321772762000904,118.75305783426046,115.2298566923141,115.22985526126116,3.523201141946359,-1.4310529365957336e-06,3.5232025729992955,0.9315068713356737,77.37,34.055416666666666,12,5
2023-12-31,2023,35.32318237746156,20.464676259232576,-22.293097794506963,14.858506118228988,-42.75777405373954,57.616280171968526,35.32318237746156,20.414677493785838,20.4146774342136,14.908504883675725,-5.957223692121261e-08,14.908504943247962,0.4165217391304347,36.57,9.902916666666668,12,6
2024-01-01,2024,87.73928831620462,77.55888549109454,77.55888558194565,10.180402825110079,9.08511026409542e-08,10.180402734258976,87.73928831620462,83.1767867738164,83.17678677406057,4.562501542388219,2.4417090571660083e-10,4.562501542144048,0.6102653904846027,58.05,16.18166666666667,1,0
2024-01-02,2024,104.45283563172984,44.22191936731412,43.5939623498104,60.23091626441572,-0.627957017503725,60.85887328191944,104.45283563172984,78.42795931047371,78.42795900407897,26.02487632125613,-3.063947389136956e-07,26.02487662765087,0.45976515876138635,76.03,53.073333333333345,1,1
2024-01-03,2024,135.39751056414727,123.26081824383965,123.26081825601909,12.136692320307617,1.2179441455373308e-08,12.136692308128175,135.39751056414727,126.7495779099447,126.74957791662247,8.647932654202563,6.677765895801713e-09,8.647932647524797,0.6227440895203944,84.35,45.214999999999996,1,2
2024-01-04,2024,161.74110964416772,136.51352059597562,136.488419707254,25.2275890481921,-0.025100888721624415,25.252689936913725,161.74110964416772,149.67941915221243,149.6794208147176,12.06169049195529,1.662505155763938e-06,12.061688829450134,0.9806479901316266,119.17,85.40999999999998,1,3
2024-01-05,2024,15.37383722720891,15.207918707212007,15.207918690619419,0.165918519996902,-1.659258863639934e-08,0.16591853658949063,15.37383722720891,15.207918725835986,15.207918739575188,0.1659185013729232,1.3739201776274967e-08,0.1659184876337214,0.9417391304347826,35.24000000000001,91.37041666666669,1,4
2024-01-06,2024,10.086195380809688,9.9940937183882,9.994093722839953,0.09210166242148787,4.451752744216719e-09,0.09210165796973513,10.086195380809688,9.99409366379393,9.99409372666229,0.09210171701575831,6.286836118363226e-08,0.09210165414739713,0.8971515758942553,31.25999999999999,88.72458333333334,1,5
2024-01-07,2024,12.829999514858358,9.855479320671012,9.855479335501895,2.9745201941873454,1.4830883188210464e-08,2.974520179356462,12.829999514858358,9.855479369578383,5.726842934252636e-11,2.9745201452799748,-9.855479369521115,12.82999951480109,0.848880211413275,32.989999999999995,86.32666666666667,1,6
2024-01-08,2024,40.86339238253809,32.87810841626582,32.87810843780797,7.98528396627227,2.1542149397646426e-08,7.985283944730121,40.86339238253809,32.87810844488599,30.69565132633089,7.985283937652099,-2.1824571185550994,10.167741056207198,0.7565217391304346,51.52999999999999,102.22958333333334,1,0
2024-01-09,2024,43.11269155562239,42.013805733613886,42.013805733259446,1.098885822008505,-3.544400328792108e-10,1.098885822362945,43.11269155562239,41.29493849332488,41.29493849189129,1.8177530622975127,-1.4335910236695781e-09,1.8177530637311037,0.9739130434782608,53.7,109.39458333333334,1,1
2024-01-10,2024,51.44771842046744,50.84246066244708,46.03679546451961,0.6052577580203575,-4.805665197927475,5.410922955947832,51.44771842046744,45.49138060629808,45.49138061199578,5.956337814169359,5.697700089513091e-09,5.956337808471659,0.9895652173913043,57.69999999999999,111.83916666666666,1,2
2024-01-11,2024,67.21743685647263,66.39098552228008,66.39098559089578,0.826451334192555,6.861570511773607e-08,0.8264512655768499,67.21743685647263,57.59893779265009,57.59893818127372,9.61849906382254,3.886236257244491e-07,9.618498675198914,0.9904347826086956,68.14,109.64791666666667,1,3
2024-01-12,2024,43.336333599259845,22.93419923549814,22.934199235217488,20.402134363761704,-2.8065372248420317e-10,20.402134364042357,43.336333599259845,24.158368602320323,24.158368610398266,19.177964996939522,8.077943647322172e-09,19.17796498886158,0.9356521739130433,56.400000000000006,106.04458333333332,1,4
2024-01-13,2024,-1.1158125135776655e-11,-38.334564726143824,-38.33457000115072,38.33456472613267,-5.275006898841639e-06,38.33457000113957,-1.1158125135776655e-11,-37.135888316111654,-37.135888316074414,37.1358883161005,3.723954478118685e-11,37.13588831606326,-0.023478260869565212,26.840000000000003,74.56791666666668,1,5
2024-01-14,2024,16.969574227492735,3.6125800021742038e-12,3.768416159331212e-12,16.969574227489122,1.5583615715700786e-13,16.969574227488966,16.969574227492735,-1.5653931461337646e-11,-1.575869061903063e-11,16.96957422750839,-1.0475915769298403e-13,16.969574227508495,-0.4017391304347826,34.86,76.15416666666665,1,6
2024-01-15,2024,46.94536806299768,39.35710820841078,39.357107937372106,7.5882598545869016,-2.710386723947522e-07,7.588260125625574,46.94536806299768,39.35710807387083,36.36235066813377,7.588259989126847,-2.9947574057370616,10.583017394863909,0.8749728408624536,50.76,86.49666666666667,1,0
2024-01-16,2024,65.91299672349149,27.618923260700328,27.6189232330902,38.29407346279116,-2.761012751761882e-08,38.29407349040129,65.91299672349149,27.618923258289904,27.618923254399427,38.294073465201585,-3.890477273671422e-09,38.29407346909206,0.7833840800347976,67.14000000000001,101.13791666666667,1,1
2024-01-17,2024,70.37400755132879,-29.164563557656628,-29.164563683796978,99.53857110898542,-1.2614034972102672e-07,99.53857123512577,70.37400755132879,12.361352475557272,12.36135248140594,58.01265507577152,5.8486673282232005e-09,58.01265506992285,0.707980012387711,71.05000000000001,99.60666666666668,1,2
2024-01-18,2024,39.821930102327975,0.6879162499274258,0.687916278788073,39.13401385240055,2.886064720541981e-08,39.1340138235399,39.821930102327975,0.6879162151829785,0.6879162384546476,39.134013887144995,2.327166903626221e-08,39.13401386387333,0.5982608695652173,52.28,92.73625,1,3
2024-01-19,2024,31.099678436972205,28.566196400770707,28.566196402279076,2.533482036201498,1.508368541180971e-09,2.5334820346931295,31.099678436972205,29.180771975698196,29.180772047683455,1.918906461274009,7.198525864282601e-08,1.9189063892887503,0.9765217391304346,41.51,78.50958333333334,1,4
2024-01-20,2024,23.867539841516695,-12.863659495140565,-12.86365950030364,36.73119933665726,-5.163075300629316e-09,36.731199341820336,23.867539841516695,-12.863659529255017,-12.863659525462133,36.73119937077171,3.792884228914772e-09,36.73119936697883,0.6217391304347826,38.120000000000005,73.66208333333333,1,5
2024-01-21,2024,10.928486778001592,-13.849010535043538,-13.849010682043698,24.77749731304513,-1.470001596004522e-07,24.77749746004529,10.928486778001592,-13.849010694038563,-13.84901074966412,24.777497472040153,-5.56255574934994e-08,24.777497527665712,0.3678260869565217,29.14,50.25875,1,6
2024-01-22,2024,106.04579762327857,-3.266773235965509,-3.2667732370401046,109.31257085924409,-1.0745955236757254e-09,109.31257086031867,106.04579762327857,0.19619992073845793,-3.266773238415924,105.84959770254011,-3.462973159154382,109.3125708616945,0.1869565217391304,72.30999999999999,49.83708333333333,1,0
2024-01-23,2024,118.1187037965073,111.91485541211915,111.91485540720055,6.203848384388152,-4.918604190606857e-09,6.203848389306756,118.1187037965073,117.39229538024742,117.392295804351,0.7264084162598863,4.2410357536937227e-07,0.7264079921563109,0.8791304347826084,80.34,52.28458333333333,1,1
2024-01-24,2024,93.07771616121721,88.36511273482472,77.06664599911893,4.712603426392491,-11.298466735705787,16.011070162098278,93.07771616121721,89.17946731204576,89.17946775596509,3.898248849171452,4.439193332927971e-07,3.8982484052521187,0.8834782608695652,59.05,33.12291666666667,1,2
2024-01-25,2024,100.33453411357144,87.5769969644022,97.14203546684917,12.757537149169238,9.565038502446967,3.192498646722271,100.33453411357144,78.72569689425782,78.72569719521412,21.608837219313614,3.0095630165760667e-07,21.608836918357312,0.9026086956521738,80.03999999999999,78.01625,1,3
2024-01-26,2024,4.897254023907723,-37.41756907686458,-37.417569029348094,42.3148231007723,4.751648674528042e-08,42.314823053255815,4.897254023907723,-33.20594340706066,-33.205943305290845,38.10319743096838,1.0176981390941364e-07,38.103197329198565,0.11391304347826085,30.120000000000005,59.22541666666666,1,4
2024-01-27,2024,35.06021546827482,13.4040358198116,-1.5281423110291898,21.65617964846322,-14.93217813084079,36.58835777930401,35.06021546827482,1.0139077648112297e-10,4.933608814486237e-11,35.06021546817343,-5.20546883362606e-11,35.060215468225486,0.29478260869565215,42.07,68.34875,1,5
2024-01-28,2024,30.28763938221288,-6.352584706058483,-10.116088382350185,36.64022408827137,-3.763503676291702,40.403727764563065,30.28763938221288,27.034705857389163,27.034705859762337,3.2529335248237174,2.373173657588268e-09,3.252933522450544,0.40434782608695646,37.75,59.278333333333336,1,6
2024-01-29,2024,101.59703811155993,43.417414763459895,43.4174147499497,58.17962334810003,-1.3510195628896327e-08,58.179623361610226,101.59703811155993,43.4174147579484,25.73720018129148,58.179623353611525,-17.68021457665692,75.85983793026844,0.28521739130434776,80.16,81.03291666666668,1,0
2024-01-30,2024,12.747188798202924,6.11265885168701,6.112658855371624,6.634529946515913,3.6846135031964877e-09,6.6345299428313,12.747188798202924,2.4930982982915317,2.4930982983898318,10.254090499911392,9.830003477873106e-11,10.254090499813092,0.8867145241145838,32.05,77.96708333333333,1,1
2024-01-31,2024,35.861268998528416,-1.7642572922876845,-1.764257312245359,37.6255262908161,-1.995767462403819e-08,37.62552631077378,35.861268998528416,11.046204474600115,11.046204487253023,24.8150645239283,1.2652908054633372e-08,24.815064511275395,0.5449010783303451,80.20000000000002,76.00458333333334,1,2
2024-02-01,2024,77.05113738660049,47.33783816982624,47.33783816986444,29.713299216774246,3.8198777474462986e-11,29.713299216736047,77.05113738660049,47.33783816956947,47.337838169444,29.713299217031015,-1.254747417078761e-10,29.71329921715649,0.43652173913043474,56.77,72.03583333333333,2,3
2024-02-02,2024,23.91305412773218,-13.126562106972333,-13.126562062540216,37.03961623470451,4.443211665261515e-08,37.0396161902724,23.91305412773218,-13.39067230379735,-13.390672212766429,37.30372643152953,9.103092146744984e-08,37.30372634049861,0.3356521739130434,53.269999999999996,61.661249999999995,2,4
2024-02-03,2024,93.73446067461934,49.61113187040946,51.40484233040075,44.12332880420988,1.7937104599912885,42.329618344218595,93.73446067461934,49.61113186101076,57.58719315489341,44.12332881360858,7.976061293882651,36.14726751972593,-0.03304347826086956,61.83999999999999,35.970416666666665,2,5
2024-02-04,2024,67.17664849337825,39.69191494127902,37.06101052921923,27.48473355209923,-2.6309044120597918,30.11563796415902,67.17664849337825,59.30460476974418,46.49530988484896,7.8720437236340715,-12.809294884895223,20.681338608529295,0.7415146411473637,46.01,14.777500000000002,2,6
2024-02-05,2024,196.83768460502154,80.34322932702099,79.14108016531387,116.49445527800054,-1.2021491617071263,117.69660443970767,196.83768460502154,108.76727101151226,108.76727101143567,88.07041359350927,-7.65965069149388e-11,88.07041359358587,0.6100959664839225,68.91,35.84083333333333,2,0
2024-02-06,2024,105.0712130572822,99.76961109611996,99.76961108711704,5.301601961162234,-9.002917522593634e-09,5.301601970165152,105.0712130572822,100.55679112166051,100.55679115240582,4.514421935621684,3.074531207403197e-08,4.514421904876372,0.9284627312332695,66.22,45.29291666666666,2,1
2024-02-07,2024,134.32630695592422,71.27338453359863,58.441982069309276,63.052922422325594,-12.831402464289354,75.88432488661495,134.32630695592422,32.727576821350674,32.72757676548635,101.59873013457354,-5.5864326498067385e-08,101.59873019043788,0.8401826682635488,102.07,79.15958333333333,2,2
2024-02-08,2024,45.59578502384862,1.5659451107063873,1.5659451084799727,44.02983991314223,-2.226414608230698e-09,44.02983991536865,45.59578502384862,1.5659451056583737,1.5659451051446407,44.02983991819025,-5.137330560955888e-10,44.02983991870398,0.5965217391304348,67.17,88.69583333333334,2,3
2024-02-09,2024,43.810557488556064,-7.4477284724268875,-7.4477284735404865,51.25828596098295,-1.1135989907984367e-09,51.25828596209655,43.810557488556064,-5.983244028382252,-5.983243989402103,49.793801516938316,3.898014888648049e-08,49.79380147795817,0.4457490864234666,45.49,70.51791666666666,2,4
2024-02-10,2024,4.072250683645713,2.1170997939761733,2.1171552055350826,1.9551508896695395,5.541155890931293e-05,1.9550954781106302,4.072250683645713,2.0187462764717115,2.0187462657531885,2.0535044071740014,-1.0718522958086396e-08,2.0535044178925244,0.6962383291355806,25.85,72.1275,2,5
2024-02-11,2024,30.619433196811073,10.087861674850233,10.087861293315415,20.531571521960842,-3.815348179614375e-07,20.53157190349566,30.619433196811073,9.631189016821238e-10,27.790974279794707,30.619433195847954,27.790974278831587,2.8284589170163663,0.548695652173913,37.099999999999994,61.961666666666666,2,6
2024-02-12,2024,48.66776214005987,15.524498926388874,15.524498923864934,33.143263213671,-2.5239401679755247e-09,33.14326321619494,48.66776214005987,15.524498925129409,15.524498921467229,33.143263214930464,-3.662179892671702e-09,33.143263218592644,0.4982608695652173,44.79,74.75166666666667,2,0
2024-02-13,2024,34.14597849232938,23.931550442586122,23.931550442531716,10.214428049743255,-5.440625727715087e-11,10.214428049797661,34.14597849232938,23.922127269591446,23.922127269654712,10.223851222737931,6.326672519207932e-11,10.223851222674664,0.8391304347826085,39.81999999999999,72.22791666666667,2,1
2024-02-14,2024,19.14942810618337,4.999757323616151,4.99975727061112,14.14967078256722,-5.3005031475095166e-08,14.149670835572252,19.14942810618337,17.982359755749712,13.244493611019887,1.1670683504336594,-4.737866144729825,5.904934495163484,0.863478260869565,32.79,68.16416666666667,2,2
2024-02-15,2024,9.403960095225596,-0.9704077667173951,-0.970407766626538,10.374367861942991,9.085709962164401e-11,10.374367861852134,9.403960095225596,4.522593846168739,4.52259384782475,4.881366249056857,1.6560104398877229e-09,4.881366247400846,0.82,28.090000000000003,70.50125000000001,2,3
2024-02-16,2024,15.711546051444024,11.747235690693174,11.747235690575593,3.9643103607508507,-1.1758061191358138e-10,3.9643103608684314,15.711546051444024,10.749852902941036,11.696444317173526,4.961693148502988,0.9465914142324898,4.015101734270498,0.7582608695652173,28.61,61.06041666666667,2,4
2024-02-17,2024,45.065298416767085,43.49547103728804,43.49547103650066,1.5698273794790438,-7.873808272051974e-10,1.5698273802664247,45.065298416767085,41.79413946034304,41.79413943735963,3.2711589564240455,-2.2983407177434856e-08,3.2711589794074527,0.8478260869565216,55.440000000000005,66.65375,2,5
2024-02-18,2024,29.075647193993348,6.5055765289696605,6.505576528529637,22.570070665023685,-4.4002312904467544e-10,22.57007066546371,29.075647193993348,6.090780563650238,6.090780548021611,22.98486663034311,-1.5628627281216723e-08,22.984866645971735,0.6286956521739131,33.779999999999994,53.18458333333333,2,6
2024-02-19,2024,53.02023242928951,5.8765547706056385,5.876554924618933,47.14367765868387,1.5401329456210533e-07,47.14367750467058,53.02023242928951,5.876554928642658,5.8765549328705475,47.143677500646845,4.227889149888142e-09,47.14367749641896,0.21826086956521737,54.61000000000001,65.28875,2,0
2024-02-20,2024,32.052035692527824,13.707393770785973,13.70739377216367,18.34464192174185,1.3776961793610099e-09,18.344641920364154,32.052035692527824,11.443712691593129,11.443712693484697,20.608323000934696,1.891567791290072e-09,20.608322999043125,0.8295652173913043,39.47,63.22333333333333,2,1
2024-02-21,2024,35.637114792461965,24.105243418948135,24.10524340851481,11.53187137351383,-1.0433325314807007e-08,11.531871383947156,35.637114792461965,35.637114872158335,35.63711409854188,-7.969637039195732e-08,-7.73616456228865e-07,6.939200858369077e-07,0.7521739130434782,49.89,57.56541666666667,2,2
2024-02-22,2024,68.22262497443103,57.501609960104254,34.38818880671218,10.721015014326774,-23.113421153392075,33.83443616771885,68.22262497443103,57.50161303429076,57.501613025602154,10.721011940140265,-8.688608943430154e-09,10.721011948828874,0.8217391304347826,80.0,50.91833333333333,2,3
2024-02-23,2024,150.67611049440382,88.81161129354906,88.81161131904736,61.86449920085475,2.5498295030956797e-08,61.86449917535646,150.67611049440382,88.81161129401463,88.81161130313886,61.86449920038919,9.124235589297314e-09,61.864499191264954,0.037399435543822565,86.42,43.73708333333334,2,4
2024-02-24,2024,46.76008503295772,26.238179527303927,24.455630621612347,20.52190550565379,-1.7825489056915806,22.30445441134537,46.76008503295772,18.834784791007117,17.696940124877738,27.925300241950602,-1.1378446661293786,29.06314490807998,0.4557512610456518,47.78,57.198333333333345,2,5
2024-02-25,2024,37.96382027198647,35.621903132836806,35.62190312837908,2.3419171391496647,-4.457724855910783e-09,2.3419171436073896,37.96382027198647,35.621903139494584,35.621903136797755,2.3419171324918864,-2.6968294264406723e-09,2.341917135188716,0.7852173913043478,47.66,61.09375,2,6
2024-02-26,2024,21.92032660422256,1.173460604995789,1.1734606254300282,20.74686599922677,2.043423918962617e-08,20.74686597879253,21.92032660422256,3.5575564865547875,3.557556514089333,18.362770117667772,2.753454531045918e-08,18.362770090133225,0.7313043478260869,33.519999999999996,66.26833333333333,2,0
2024-02-27,2024,78.16268040541746,77.05686258347001,47.86333550175447,1.1058178219474541,-29.193527081715537,30.29934490366299,78.16268040541746,45.63966572462141,43.26786482504612,32.52301468079605,-2.371800899575291,34.89481558037134,0.9789084815016813,54.93,73.83624999999999,2,1
2024-02-28,2024,52.37669739523015,32.54012394386493,32.54104281640176,19.836573451365226,0.0009188725368360906,19.83565457882839,52.37669739523015,31.4502425541234,31.450242554209062,20.926454841106754,8.566303222323768e-11,20.92645484102109,0.8053924956646441,49.37,71.82125,2,2
2024-02-29,2024,32.310250898930434,15.066324112948266,15.06632401817697,17.24392678598217,-9.47712948118351e-08,17.243926880753463,32.310250898930434,0.5544790830430735,12.670389741831483,31.75577181588736,12.11591065878841,19.63986115709895,0.7052173913043478,39.230000000000004,63.20374999999999,2,3
2024-03-01,2024,22.10517890067653,20.855246160168065,21.97226761700012,1.2499327405084664,1.117021456832056,0.13291128367641036,22.10517890067653,20.25278690151843,20.25278695801395,1.852391999158101,5.6495519373811476e-08,1.8523919426625817,0.9747826086956521,35.900000000000006,71.01333333333334,3,4
2024-03-02,2024,29.041786511760705,20.210886967922917,10.647130121325073,8.830899543837788,-9.563756846597844,18.39465639043563,29.041786511760705,21.157879750559438,21.15787973397632,7.883906761201267,-1.65831188780885e-08,7.883906777784386,0.8608695652173911,38.71999999999999,64.21875,3,5
2024-03-03,2024,40.38899409901091,30.176850000391312,30.17685000181789,10.212144098619596,1.426577966867626e-09,10.212144097193018,40.38899409901091,31.544830986514192,31.54483098486746,8.844163112496716,-1.6467325281155354e-09,8.844163114143448,0.58,44.449999999999996,60.47208333333334,3,6
2024-03-04,2024,50.54682022470662,30.77810696369233,30.778106974375156,19.76871326101429,1.0682825291041809e-08,19.768713250331466,50.54682022470662,30.778106965026762,30.77810695083188,19.76871325967986,-1.4194881714502117e-08,19.76871327387474,0.6131767920556955,44.080000000000005,75.88791666666667,3,0
2024-03-05,2024,46.55415097218786,28.89698298344622,28.896982983578262,17.65716798874164,1.3204015658629942e-10,17.6571679886096,46.55415097218786,28.89698298463806,28.89698298705452,17.6571679875498,2.416459921050773e-09,17.65716798513334,0.7390169638973466,53.129999999999995,74.60125000000001,3,1
2024-03-06,2024,67.43474126423126,42.82612746440237,42.82612751179067,24.608613799828895,4.7388304835749295e-08,24.60861375244059,67.43474126423126,42.82612751116366,42.82612750526611,24.6086137530676,-5.897554444800335e-09,24.608613758965156,0.9051761635493693,50.28999999999999,82.835,3,2
2024-03-07,2024,38.86622498540104,37.74470006215237,37.73919109046743,1.1215249232486713,-0.005508971684939468,1.1270338949336107,38.86622498540104,37.930817232018356,37.9308172323433,0.9354077533826839,3.24945403917809e-10,0.9354077530577385,0.8688845606576453,45.449999999999996,76.32416666666667,3,3
2024-03-08,2024,106.89543849663688,106.43732195506968,106.43732223392868,0.4581165415672075,2.788590052205109e-07,0.45811626270820227,106.89543849663688,70.36624699602062,106.89543847326156,36.529191500616264,36.52919147724094,2.3375321234198054e-08,0.9269565217391305,90.8,62.32916666666666,3,4
2024-03-09,2024,128.42686720103953,111.85635829459879,100.14592588808672,16.570508906440736,-11.71043240651207,28.280941312952805,128.42686720103953,128.4268667564584,111.85635831089735,4.4458113279688405e-07,-16.570508445561046,16.57050889014218,0.604044371748483,83.03999999999999,45.61083333333334,3,5
2024-03-10,2024,119.93939479181077,119.93939478851794,119.93939480188614,3.2928255677688867e-09,1.336819366315467e-08,-1.0075368095385784e-08,119.93939479181077,119.93939432616091,119.93939480348249,4.6564986178054824e-07,4.773215778186568e-07,-1.167171603810857e-08,0.985431638863976,76.33,33.99666666666667,3,6
2024-03-11,2024,65.92483406127003,30.467679298618567,30.46767922592023,35.45715476265147,-7.269833801615277e-08,35.457154835349805,65.92483406127003,30.46767927363205,30.46767926330522,35.45715478763798,-1.0326829169571283e-08,35.45715479796481,0.46956521739130425,59.080000000000005,71.67375,3,0
2024-03-12,2024,71.26435405475944,63.14312006993378,66.30573638148691,8.121233984825658,3.16261631155313,4.958617673272528,71.26435405475944,66.30573634946764,66.3057363774606,4.9586177052918,2.7992967943646363e-08,4.958617677298832,0.9443478260869566,69.71999999999998,86.47083333333335,3,1
2024-03-13,2024,25.84798367901199,21.425766460157526,23.35475203705382,4.422217218854463,1.9289855768962951,2.493231641958168,25.84798367901199,21.425766458084414,21.425766459648603,4.422217220927575,1.5641887785022845e-09,4.422217219363386,0.9410741688003724,36.43,72.45625,3,2
2024-03-14,2024,71.45962838761317,66.55241804490836,66.55241806394832,4.907210342704801,1.9039958942812518e-08,4.907210323664842,71.45962838761317,44.46612155897222,44.466121581676916,26.993506828640946,2.2704696789332957e-08,26.99350680593625,0.7927359721618095,65.61,67.06166666666667,3,3
2024-03-15,2024,71.02696380192594,64.33651925062689,64.33700668576816,6.690444551299052,0.00048743514126670107,6.689957116157785,71.02696380192594,58.65953920467818,64.56735730875715,12.367424597247762,5.90781810407897,6.459606493168792,0.9119373992487899,51.12,55.9,3,4
2024-03-16,2024,98.76782187713042,57.02615281800025,57.026152818880774,41.74166905913017,8.80525874435989e-10,41.74166905824964,98.76782187713042,63.784482717590805,61.41414293349704,34.98333915953961,-2.3703397840937654,37.353678943633376,0.8069565217391305,76.32000000000001,50.361250000000005,3,5
2024-03-17,2024,57.97031097044804,49.039033552589764,49.03903436185444,8.931277417858276,8.092646766044709e-07,8.931276608593599,57.97031097044804,49.03903409154515,49.039034355115696,8.931276878902892,2.6357054849768247e-07,8.931276615332344,0.7466840794039924,54.160000000000004,61.81458333333333,3,6
2024-03-18,2024,109.04250804497829,76.42551385265244,76.42551385243189,32.61699419232585,-2.205524651799351e-10,32.6169941925464,109.04250804497829,77.47520217123788,77.47520219860941,31.56730587374041,2.737152726695058e-08,31.567305846368882,0.5283757463458654,88.57000000000001,81.25041666666668,3,0
2024-03-19,2024,106.71274139334638,104.27579658724201,104.27579658758745,2.436944806104364,3.454374564171303e-10,2.4369448057589267,106.71274139334638,58.46984313667794,58.46983869808225,48.24289825666844,-4.438595688327496e-06,48.24290269526413,0.7897369179951371,76.94999999999999,81.56791666666666,3,1
2024-03-20,2024,163.11165667004212,142.26223350322056,143.5670180371768,20.849423166821566,1.3047845339562514,19.544638632865315,163.11165667004212,150.59684377149563,150.59684385595173,12.514812898546495,8.445610433227557e-08,12.51481281409039,0.9410741688003725,107.10999999999999,91.34291666666665,3,2
2024-03-21,2024,77.20143525676365,63.81878975833983,63.81878960925229,13.382645498423813,-1.490875405352199e-07,13.382645647511353,77.20143525676365,63.818789860973425,63.81878985600795,13.38264539579022,-4.965471589457593e-09,13.382645400755692,0.8660869565217391,67.16999999999999,81.39,3,3
2024-03-22,2024,93.23572162118617,79.17180298437891,79.17180300381148,14.063918636807259,1.9432562226029404e-08,14.063918617374696,93.23572162118617,83.59122499010687,83.59122498858586,9.644496631079306,-1.5210019910227857e-09,9.644496632600308,0.7513043478260868,71.9,68.54083333333334,3,4
2024-03-23,2024,124.88366105644985,85.5752293512124,47.379974103585006,39.30843170523745,-38.195255247627394,77.50368695286485,124.88366105644985,124.88366065389849,58.91169592817193,4.025513646865875e-07,-65.97196472572656,65.97196512827793,0.28086956521739126,86.22,37.57791666666667,3,5
2024-03-24,2024,127.29611614309074,119.39576844341926,119.39576849412343,7.900347699671485,5.070417330443888e-08,7.900347648967312,127.29611614309074,119.39576848922832,119.3957684535005,7.9003476538624255,-3.572782247829309e-08,7.900347689590248,0.6400575886917833,75.0,25.874166666666667,3,6
2024-03-25,2024,172.8622843022803,99.68516439709346,105.4244697250363,73.17711990518684,5.739305327942844,67.437814577244,172.8622843022803,133.337900939349,133.3379007933003,39.5243833629313,-1.460487055737758e-07,39.52438350898001,0.5085024995281434,112.85,84.55708333333335,3,0
2024-03-26,2024,117.78910401732068,83.1411139950034,83.14111692289222,34.64799002231729,2.927888829162839e-06,34.64798709442846,117.78910401732068,83.14111754616894,83.14111763122698,34.64798647115174,8.505803350544738e-08,34.647986386093706,0.6756521739130433,89.26,66.14458333333334,3,1
2024-03-27,2024,82.97584170925252,73.28366396616804,73.28366389641144,9.692177743084486,-6.975659516683663e-08,9.69217781284108,82.97584170925252,71.47718424946744,71.47718424512567,11.498657459785079,-4.341771386862092e-09,11.49865746412685,0.6452173913043477,68.84,76.29666666666667,3,2
2024-03-28,2024,113.65937437993405,44.668331676009416,54.922275982341475,68.99104270392463,10.253944306332059,58.737098397592575,113.65937437993405,60.10505683194644,54.0275237803144,53.55431754798761,-6.077533051632045,59.63185059961965,0.1417391304347826,83.14999999999999,51.34916666666667,3,3
2024-03-29,2024,148.3697612619017,142.52921206765,146.13538655392088,5.840549194251679,3.6061744862708736,2.2343747079808054,148.3697612619017,142.5292120637599,142.52921206818573,5.840549198141787,4.425828592502512e-09,5.840549193715958,0.15224011879516103,95.59,37.762499999999996,3,4
2024-03-30,2024,113.9002606037358,62.3295829437636,61.769368184504714,51.570677659972205,-0.5602147592588835,52.13089241923109,113.9002606037358,112.3190858500553,112.31908580422858,1.5811747536805,-4.582672374908725e-08,1.5811747995072238,0.6746412121465566,81.26,53.24916666666667,3,5
2024-04-01,2024,79.13657032202227,55.358244766026154,55.35824490263295,23.778325555996112,1.366067934327475e-07,23.77832541938932,79.13657032202227,55.35824493608554,55.358244938339915,23.778325385936725,2.254374464882858e-09,23.77832538368235,,64.5,35.88375,4,0
2024-04-02,2024,268.2756969806997,213.75945391752808,213.7595214414291,54.51624306317163,6.752390100928096e-05,54.51617553927062,268.2756969806997,137.52271944226942,200.74866378077314,130.7529775384303,63.22594433850372,67.52703319992656,0.4191514995078055,96.48,33.35458333333333,4,1
2024-04-03,2024,69.09982108058126,51.155385650030226,51.15535550504437,17.94443543055104,-3.0144985856850326e-05,17.944465575536896,69.09982108058126,48.14684558701871,48.146846063825166,20.952975493562555,4.768064556515128e-07,20.9529750167561,0.4935855737469607,59.41,87.37291666666665,4,2
2024-04-04,2024,31.545933557069297,26.75280205254303,26.750283526757695,4.793131504526269,-0.002518525785333736,4.795650030311602,31.545933557069297,27.107178459638348,27.107178435608844,4.438755097430949,-2.4029503720157663e-08,4.438755121460453,0.8510545972007065,40.489999999999995,64.52624999999999,4,3
2024-04-05,2024,100.55803832766237,97.87334801587787,97.873348087691,2.6846903117845073,7.18131332178018e-08,2.684690239971374,100.55803832766237,86.92969413193387,97.91488281390848,13.628344195728502,10.985188681974606,2.6431555137538965,0.17652173913043476,84.33999999999999,46.589166666666664,4,4
2024-04-06,2024,240.25548683160378,202.1335483373752,202.1335594779275,38.12193849422857,1.1140552288679828e-05,38.121927353676284,240.25548683160378,229.5392415033777,224.08515391193296,10.71624532822608,-5.454087591444733,16.170332919670813,0.6991304347826087,133.91,29.74083333333333,4,5
2024-04-07,2024,223.22114984755507,205.55373114093055,203.33531428076498,17.667418706624517,-2.2184168601655756,19.885835566790092,223.22114984755507,210.76755689719664,208.5997296569329,12.453592950358427,-2.1678272402637333,14.62142019062216,0.6560058520438935,135.18,20.762083333333333,4,6
2024-04-08,2024,166.29089121530558,86.8139971904683,86.8139973692585,79.47689402483728,1.787902021987975e-07,79.47689384604708,166.29089121530558,87.03409323760795,87.03409294695186,79.25679797769763,-2.9065608941891696e-07,79.25679826835372,0.5883318170459942,91.89,84.87458333333335,4,0
2024-04-09,2024,115.35680832515011,102.71854466339593,102.83755743921796,12.63826366175418,0.11901277582202852,12.519250885932152,115.35680832515011,106.85784945077083,106.8578472107904,8.498958874379284,-2.239980432250377e-06,8.498961114359716,0.8184388103892335,80.81,57.9925,4,1
2024-04-10,2024,399.5582564906463,344.1329021517754,319.84889026848543,55.425354338870875,-24.284011883289963,79.70936622216084,399.5582564906463,319.848890287276,319.84889024335956,79.70936620337028,-4.391642960399622e-08,79.70936624728671,0.3878260869565217,185.24,69.91041666666666,4,2
2024-04-11,2024,221.9914682653423,170.97152712742013,170.97152677779556,51.01994113792216,-3.4962457107212686e-07,51.01994148754673,221.9914682653423,170.47360140273778,170.47360140953074,51.51786686260451,6.79295908412314e-09,51.51786685581155,0.5260869565217391,137.25,58.80875,4,3
2024-04-12,2024,208.70512418169233,185.54061603145252,185.540616053664,23.16450815023981,2.221148065473244e-08,23.16450812802833,208.70512418169233,204.47061596530585,204.47061596362798,4.234508216386473,-1.6778756162239006e-09,4.234508218064349,0.7278260869565217,126.02,60.95083333333334,4,4
2024-04-13,2024,237.80409423034214,196.45507553857556,209.71244506810174,41.34901869176659,13.257369529526187,28.0916491622404,237.80409423034214,224.32173559598763,228.41409612674173,13.482358634354512,4.0923605307540925,9.38999810360042,0.8991304347826086,128.45,13.819583333333334,4,5
2024-04-14,2024,339.45173987392434,309.7527332070181,308.775303199682,29.699006666906257,-0.9774300073360678,30.676436674242325,339.45173987392434,293.1172642673297,297.2411400969766,46.33447560659465,4.12387582964692,42.21059977694773,0.7434782608695651,179.98,16.748333333333335,4,6
2024-04-15,2024,207.8187352302312,107.62212893489337,62.39990814720113,100.19660629533783,-45.22222078769224,145.41882708303007,207.8187352302312,166.1032407956908,166.10324082502203,41.7154944345404,2.9331232553886366e-08,41.71549440520917,0.35478260869565215,161.35,70.1925,4,0
2024-04-16,2024,226.03239742128017,175.93703653515803,175.93703665159097,50.09536088612214,1.1643294328678166e-07,50.095360769689194,226.03239742128017,196.52183300699068,196.52183301321415,29.51056441428949,6.223473292266135e-09,29.510564408066017,-0.05262013605584338,124.47999999999999,56.25791666666666,4,1
2024-04-17,2024,196.38323365397088,185.22652386648576,185.2514180821278,11.156709787485113,0.024894215642035533,11.131815571843077,196.38323365397088,188.59673454121258,180.7208705823297,7.7864991127582925,-7.8758639588828885,15.662363071641181,0.7081339712918661,92.94,102.00875,4,2
2024-04-18,2024,101.76779990458425,96.5063034424129,96.50630343425132,5.261496462171351,-8.161578080034815e-09,5.261496470332929,101.76779990458425,79.52556472801226,68.57157873179018,22.242235176571995,-10.953985996222073,33.19622117279407,0.8610567718228918,85.10000000000001,95.82208333333334,4,3
2024-04-19,2024,17.462892744812063,-3.2740886405263296,-3.274088857014277,20.736981385338392,-2.164879475685666e-07,20.73698160182634,17.462892744812063,1.7358364582749406,5.282074211025392,15.727056286537122,3.546237752750452,12.18081853378667,0.7384214134117525,32.64999999999999,58.81791666666667,4,4
2024-04-20,2024,125.72197347867541,91.91948844198653,91.91948843191105,33.80248503668888,-1.0075481782223505e-08,33.80248504676436,125.72197347867541,119.12392602428878,119.12392604119074,6.598047454386631,1.6901964272619807e-08,6.5980474374846665,0.6911700739451935,86.49000000000001,58.23875,4,5
2024-04-21,2024,151.1485836921104,151.14858362193468,151.1485835808533,7.01757301158068e-08,-4.108136408831342e-08,1.1125709420412022e-07,151.1485836921104,151.14858368966722,151.1485835873227,2.4431869860563893e-09,-1.0234452929580584e-07,1.0478771628186223e-07,0.8519243515156792,96.16000000000001,55.15083333333333,4,6
2024-04-22,2024,150.42960373407658,89.64870601839374,89.64870579844184,60.78089771568284,-2.1995190024881595e-07,60.78089793563474,150.42960373407658,140.04646414445511,110.76910383771178,10.383139589621464,-29.277360306743333,39.6604998963648,0.5817391304347826,97.29,98.52999999999999,4,0
2024-04-23,2024,114.08870682847407,109.40157022597114,109.40157022562255,4.687136602502932,-3.4859226616390515e-10,4.687136602851524,114.08870682847407,109.89255354164152,85.39420667195918,4.196153286832555,-24.498346869682337,28.69450015651489,0.8278260869565216,103.99999999999999,97.75833333333333,4,1
2024-04-24,2024,87.53784753529193,73.8303148454469,73.83031484391049,13.707532689845024,-1.5364207683887798e-09,13.707532691381445,87.53784753529193,79.19262185640038,79.19262183516697,8.345225678891552,-2.1233404368103947e-08,8.345225700124956,0.706086956521739,68.58,94.30416666666666,4,2
2024-04-25,2024,129.59248286707864,125.23164739391626,127.82310166939031,4.360835473162382,2.5914542754740495,1.7693811976883325,129.59248286707864,123.59160997315126,118.55302951231522,6.000872893927379,-5.0385804608360445,11.039453354763424,0.8704347826086956,85.88,90.62708333333335,4,3
2024-04-26,2024,83.69477796016676,78.01447257069252,78.0144725767385,5.680305389474242,6.045979716873262e-09,5.680305383428262,83.69477796016676,77.03425202088539,79.61455731685943,6.660525939281371,2.5803052959740427,4.080220643307328,0.9495652173913043,76.21000000000001,86.44416666666666,4,4
2024-04-27,2024,189.92708543207684,152.7362223609237,114.49665696159833,37.19086307115313,-38.23956539932537,75.4304284704785,189.92708543207684,188.82906062118022,188.82906062176298,1.098024810896618,5.827587301610038e-10,1.0980248103138592,0.5853446539765718,119.96000000000001,62.16875000000001,4,5
2024-04-28,2024,280.956529934982,244.43946026778383,266.67256412829624,36.51706966719814,22.233103860512415,14.283965806685728,280.956529934982,250.20660060216167,267.219589171382,30.7499293328203,17.01298856922031,13.73694076359999,0.820613196176665,143.62,12.987916666666665,4,6
2024-04-29,2024,296.2512054374332,129.29761969537736,175.8710674925215,166.95358574205585,46.57344779714413,120.38013794491172,296.2512054374332,245.3116758934171,245.31167570302728,50.939529544016125,-1.9038981236008112e-07,50.93952973440594,0.6869565217391305,170.94,80.79916666666666,4,0
2024-04-30,2024,195.65934308369026,188.73669245499988,188.73669799262908,6.922650628690377,5.537629192531313e-06,6.9226450910611845,195.65934308369026,168.71607018138232,168.71606977326059,26.94327290230794,-4.0812173551785236e-07,26.943273310429674,0.9475973261626671,122.41,69.38166666666666,4,1
2024-05-01,2024,367.7728285093355,272.79127164266737,308.0606258308508,94.98155686666814,35.269354188183456,59.71220267848469,367.7728285093355,298.71954617765255,285.9345076152432,69.05328233168296,-12.78503856240934,81.8383208940923,0.6157860550006135,186.88,4.385416666666667,5,2
2024-05-02,2024,246.5907500626683,129.42571829646442,137.68242030637091,117.16503176620387,8.25670200990649,108.90832975629738,246.5907500626683,143.43855846128835,143.4385584846607,103.15219160137994,2.3372336954707862e-08,103.1521915780076,0.5599999999999999,92.14999999999999,36.41916666666666,5,3
2024-05-03,2024,75.58772554879764,57.636460535084325,57.63646053517378,17.95126501371331,8.945733043219661e-11,17.951265013623853,75.58772554879764,63.77594396845588,63.77594391511272,11.811781580341759,-5.3343157446761325e-08,11.811781633684916,0.7675581829633353,61.989999999999995,77.80958333333332,5,4
2024-05-04,2024,179.57475574152082,96.84917313389502,96.84883422782065,82.7255826076258,-0.00033890607437569997,82.72592151370017,179.57475574152082,179.5747558123491,179.57475581058637,-7.082829256432888e-08,-1.762742840583087e-09,-6.906554972374579e-08,0.4318330173839047,122.06,75.14708333333333,5,5
2024-05-05,2024,179.89872487434732,171.0478186517647,171.04781868714375,8.850906222582637,3.5379059681872604e-08,8.850906187203577,179.89872487434732,179.83195281327787,179.8319528012851,0.06677206106945732,-1.1992767667834414e-08,0.06677207306222499,0.8675799291851863,112.89,54.15625,5,6
2024-05-06,2024,90.80588776671412,40.0904038803863,40.09040743726193,50.715483886327824,3.5568756331372242e-06,50.71548032945219,90.80588776671412,62.396973788603816,62.39697396669859,28.408913978110306,1.78094772707027e-07,28.408913800015533,0.6154849934754241,69.28000000000002,93.17750000000001,5,0
2024-05-07,2024,108.76655351174435,95.11901761953607,95.11901747208448,13.647535892208282,-1.4745158694040583e-07,13.647536039659869,108.76655351174435,101.44221800951466,101.442217985855,7.324335502229687,-2.365966622619453e-08,7.324335525889353,0.9384649058554547,85.52000000000001,93.03750000000001,5,1
2024-05-08,2024,81.6032594934056,80.07477986956675,80.07477986469338,1.528479623838848,-4.873371040048369e-09,1.528479628712219,81.6032594934056,67.41723675269506,67.41723674853186,14.186022740710541,-4.163197786510864e-09,14.186022744873739,0.957391304347826,67.83999999999999,91.82333333333334,5,2
2024-05-09,2024,214.15825053351267,133.74138791673207,133.74138759009483,80.4168626167806,-3.2663723459336325e-07,80.41686294341784,214.15825053351267,155.00519778768577,155.00519781556332,59.1530527458269,2.7877547381649492e-08,59.15305271794935,0.737391304347826,134.82,61.86208333333334,5,3
2024-05-10,2024,276.34405505706115,251.9278255023725,251.92782662894967,24.41622955468864,1.1265771604485053e-06,24.41622842811148,276.34405505706115,255.29698710179676,255.29698708690466,21.047067955264396,-1.4892094668539357e-08,21.04706797015649,0.8649706662402685,170.7,75.99,5,4
2024-05-11,2024,235.9742063668014,175.0382247478502,174.34140072282565,60.93598161895122,-0.6968240250245401,61.63280564397576,235.9742063668014,233.83561432559992,233.83561449297534,2.138592041201491,1.6737541841393977e-07,2.1385918738260727,0.7745162174831163,146.73,53.65083333333333,5,5
2024-05-12,2024,445.3823585501473,407.2803210079981,431.34435513033384,38.10203754214916,24.064034122335727,14.038003419813435,445.3823585501473,392.3719527592072,434.75662596222276,53.01040579094007,42.38467320301555,10.625732587924517,0.9747826086956521,211.19,1.781250000000001,5,6
2024-05-13,2024,338.1101441333768,219.76225666974807,229.42299499549833,118.34788746362875,9.660738325750259,108.68714913787849,338.1101441333768,239.04536936381388,239.04536938417016,99.06477476956294,2.035628199337225e-08,99.06477474920666,0.6634782608695651,148.87,46.414583333333326,5,0
2024-05-14,2024,286.47865608889873,267.72242404950913,268.6035111869494,18.7562320393896,0.8810871374402609,17.87514490194934,286.47865608889873,258.7422707810549,258.74226897003336,27.73638530784382,-1.8110215478372993e-06,27.736387118865366,0.8808695652173912,136.42000000000002,27.68291666666667,5,1
2024-05-15,2024,265.21802102694033,243.1184082630073,246.79893780425002,22.099612763933038,3.68052954124272,18.41908322269032,265.21802102694033,250.0946635380096,250.09466361294466,15.123357488930736,7.493505904676567e-08,15.123357413995677,0.9295652173913044,121.38,42.93208333333334,5,2
2024-05-16,2024,221.6402901105171,205.97786974991894,205.9778697531467,15.662420360598162,3.227768274882692e-09,15.662420357370394,221.6402901105171,199.45174096416514,199.4517412234795,22.18854914635196,2.593143619833427e-07,22.188548887037598,0.9721739130434782,110.61999999999999,49.558749999999996,5,3
2024-05-17,2024,120.80487130305214,118.56490838551916,118.56490707379183,2.239962917532978,-1.3117273311991084e-06,2.239964229260309,120.80487130305214,110.14386673850069,110.1438662298379,10.661004564551448,-5.086627936634613e-07,10.661005073214241,0.9399999999999998,79.7,69.01291666666667,5,4
2024-05-18,2024,213.81662433878097,180.2625105260488,180.26249868245242,33.55411381273217,-1.1843596382732358e-05,33.55412565632855,213.81662433878097,212.97991420792042,212.97991426115365,0.8367101308605527,5.323323648553924e-08,0.8367100776273162,0.8208695652173912,134.45,55.80375,5,5
2024-05-19,2024,220.06210080245765,218.7381387518677,218.73813883702857,1.3239620505899552,8.51608774610213e-08,1.3239619654290777,220.06210080245765,211.00237956289516,215.24235955946665,9.059721239562492,4.239979996571492,4.819741242991,0.8521739130434782,137.99,52.50291666666667,5,6
2024-05-20,2024,211.28940313883484,209.04874219455206,209.04874176142863,2.24066094428278,-4.331234322307864e-07,2.2406613774062123,211.28940313883484,197.50845216481716,206.0764982654496,13.780950974017685,8.568046100632444,5.2129048733852414,0.8782608695652172,136.23000000000002,64.97916666666667,5,0
2024-05-21,2024,149.18075101501609,19.29466005644601,19.294652012826262,129.88609095857007,-8.043619747155617e-06,129.88609900218984,149.18075101501609,83.67152810587423,58.090546323264626,65.50922290914185,-25.580981782609605,91.09020469175147,0.7069565217391304,98.51,79.81333333333333,5,1
2024-05-22,2024,160.62432851044537,97.84463334988592,97.84463333523199,62.77969516055944,-1.4653934954367287e-08,62.77969517521338,160.62432851044537,138.4447584503177,138.44475798302,22.179570060127674,-4.672976956499042e-07,22.17957052742537,0.8043478260869565,100.75999999999999,85.84458333333333,5,2
2024-05-23,2024,192.0022872392185,185.15672396495665,185.15672393993955,6.845563274261849,-2.5017101279445342e-08,6.84556329927895,192.0022872392185,188.2469105916858,188.24691089657748,3.7553766475326995,3.048916710213234e-07,3.7553763426410285,0.8956521739130434,134.75,93.86791666666666,5,3
2024-05-24,2024,29.71727846422197,23.641667380653335,23.641667229412292,6.075611083568635,-1.5124104280062056e-07,6.075611234809678,29.71727846422197,20.263099288723023,20.263101677102533,9.454179175498947,2.3883795101653504e-06,9.454176787119437,0.8356521739130435,45.72000000000001,102.19416666666666,5,4
2024-05-25,2024,220.848231552311,135.08209248312943,135.0820923642269,85.76613906918158,-1.189025340408989e-07,85.76613918808411,220.848231552311,189.4387512448229,189.4387512417207,31.40948030748811,-3.102201162619167e-09,31.40948031059031,0.7058056266002795,136.95,72.25625000000001,5,5
2024-05-26,2024,232.2251939095159,231.60217124592003,231.60217188070433,0.6230226635958616,6.347842997911357e-07,0.6230220288115618,232.2251939095159,231.60217224928826,231.60217226041198,0.6230216602276357,1.1123717058580951e-08,0.6230216491039187,0.9489019576351261,144.98,57.93000000000001,5,6
2024-05-27,2024,226.87299992079437,160.2942135093791,160.29421351469568,66.57878641141528,5.316593387760804e-09,66.57878640609869,226.87299992079437,167.71991235197768,167.71991227773293,59.15308756881669,-7.424475256812002e-08,59.15308764306144,0.49662971384936483,148.5,106.88166666666666,5,0
2024-05-28,2024,112.71609794290222,99.39896820158128,99.3989682463725,13.31712974132094,4.4791221398554626e-08,13.317129696529719,112.71609794290222,96.47989170464714,96.47989170353716,16.23620623825508,-1.1099814400949981e-09,16.23620623936506,0.7812092214006089,89.06,90.75166666666667,5,1
2024-05-29,2024,140.95857208320922,90.37512141415135,92.22901891319324,50.58345066905787,1.8538974990418922,48.729553170015976,140.95857208320922,89.74923906468257,92.22901888947746,51.20933301852665,2.479779824794889,48.72955319373176,0.640574052977333,97.35,79.17666666666666,5,2
2024-05-30,2024,108.83799215266936,36.88369241064187,34.106520342888075,71.95429974202749,-2.7771720677537957,74.73147180978128,108.83799215266936,62.7741863802983,85.36199062431044,46.063805772371055,22.587804244012133,23.47600152835892,0.5979560915436748,91.75999999999999,97.45,5,3
2024-05-31,2024,53.60232221376938,36.82398151945534,36.8239815516864,16.778340694314046,3.22310640399337e-08,16.778340662082982,53.60232221376938,36.84732294898885,36.84732295129015,16.754999264780537,2.3013058125798125e-09,16.75499926247923,0.8227875819640965,49.7,89.21708333333333,5,4
2024-06-01,2024,126.88224406989868,84.34558995387142,84.34558993362946,42.53665411602725,-2.0241969878043164e-08,42.53665413626922,126.88224406989868,124.76596013098263,124.76596015228021,2.116283938916041,2.12975805879978e-08,2.1162839176184605,0.6313043478260869,85.89999999999999,58.94583333333333,6,5
2024-06-02,2024,212.70259336228906,200.55368297126137,196.4434751680038,12.148910391027698,-4.110207803257566,16.259118194285264,212.70259336228906,198.93534780024552,194.82513994625793,13.767245562043541,-4.110207853987589,17.87745341603113,0.8391304347826085,128.59,23.237916666666667,6,6
2024-06-03,2024,311.0283027926315,131.7540706098429,131.75407023395312,179.2742321827886,-3.7588978329949896e-07,179.2742325586784,311.0283027926315,256.90233547682055,193.1186888814227,54.12596731581095,-63.78364659539784,117.9096139112088,0.6034782608695652,147.98000000000002,117.14166666666665,6,0
2024-06-04,2024,326.84404952262116,280.8865949411581,280.88659501495243,45.95745458146308,7.379435373877641e-08,45.95745450766873,326.84404952262116,276.126709869138,276.1267103993772,50.71733965348318,5.302392196426808e-07,50.71733912324396,0.8843478260869565,191.66000000000003,107.23166666666667,6,1
2024-06-05,2024,312.3170337228297,271.5026834996339,271.5026836157962,40.81435022319579,1.161622549261665e-07,40.81435010703353,312.3170337228297,271.50268355987106,271.50268346988935,40.81435016295865,-8.998171097118757e-08,40.81435025294036,0.7695652173913042,131.72,81.72416666666668,6,2
2024-06-06,2024,246.49720318707188,203.53325266718036,203.53325427245358,42.96395051989151,1.6052732121352165e-06,42.9639489146183,246.49720318707188,218.07215382005003,218.07215382246852,28.425049367021842,2.418488520561368e-09,28.425049364603353,0.8040878641921851,148.22,86.36749999999999,6,3
2024-06-07,2024,225.27403285974142,202.60432571662312,202.60432578132114,22.669707143118302,6.469801405728504e-08,22.669707078420288,225.27403285974142,209.95558665175915,208.92252468544874,15.318446207982277,-1.033061966310413,16.35150817429269,0.9584692550998248,141.67,83.14541666666666,6,4
2024-06-08,2024,219.29764223483798,169.75427238848664,144.94786704596908,49.54336984635134,-24.806405342517564,74.3497751888689,219.29764223483798,210.57062408365942,210.57062407951298,8.727018151178555,-4.146443188801641e-09,8.727018155324998,0.8173913043478259,130.03,45.96875,6,5
2024-06-09,2024,263.81568106069585,258.8424424555231,252.01175304916976,4.973238605172753,-6.830689406353343,11.803928011526096,263.81568106069585,249.83622816957902,249.83622815815949,13.979452891116836,-1.1419530210332596e-08,13.979452902536366,0.9043478260869565,153.0,27.255416666666665,6,6
2024-06-10,2024,181.95502719877973,8.378200772014706,43.06513980599128,173.57682642676502,34.68693903397657,138.88988739278847,181.95502719877973,168.9943436463418,163.4819363434768,12.960683552437928,-5.512407302865,18.473090855302928,0.34695652173913033,119.30000000000001,92.64625000000001,6,0
2024-06-11,2024,237.5149018580364,211.73621422720254,211.73621426902727,25.778687630833872,4.182473389846564e-08,25.778687589009138,237.5149018580364,216.3598931839047,216.35989299852082,21.15500867413172,-1.8538386825639463e-07,21.15500885951559,0.748695652173913,127.64,61.632083333333334,6,1
2024-06-12,2024,205.05198492539353,186.1095277423541,186.1095278015277,18.942457183039437,5.917360113016912e-08,18.942457123865836,205.05198492539353,188.5407412935656,188.54074110964578,16.511243631827938,-1.8391980916021566e-07,16.511243815747747,0.9452173913043478,114.97999999999999,91.19125000000001,6,2
2024-06-13,2024,219.38127863053217,213.11116999037256,213.11116999040968,6.270108640159606,3.7118752516107634e-11,6.270108640122487,219.38127863053217,214.7077119156795,214.70771169198224,4.6735667148526545,-2.2369727048499044e-07,4.673566938549925,0.9704347826086955,145.0,94.77958333333333,6,3
2024-06-14,2024,169.01388144106505,123.32285176520759,123.32285153258029,45.691029675857465,-2.326273005337498e-07,45.691029908484765,169.01388144106505,133.09015957193404,135.88113705139173,35.923721869131015,2.7909774794576947,33.13274438967332,0.7947826086956521,95.25999999999999,78.395,6,4
2024-06-15,2024,305.1677940715742,177.23094034942386,185.9212878252804,127.93685372215032,8.690347475856527,119.24650624629379,305.1677940715742,279.1799720232372,274.15605161259316,25.987822048336966,-5.0239204106440525,31.01174245898102,0.5034782608695652,164.29000000000002,7.64375,6,5
2024-06-16,2024,273.55486717070585,269.5682100903096,271.8907408634358,3.986657080396242,2.322530773126175,1.6641263072700667,273.55486717070585,271.8907404299713,271.8907403855223,1.6641267407345595,-4.444899559530313e-08,1.664126785183555,0.9399999999999998,159.95,21.404583333333335,6,6
2024-06-17,2024,311.43472523869445,155.14536566032007,180.7763487322701,156.2893595783744,25.630983071950027,130.65837650642436,311.43472523869445,281.22022071919446,281.2202199201917,30.214504519499997,-7.990027484083839e-07,30.214505318502745,0.797391304347826,170.70999999999998,94.33749999999999,6,0
2024-06-18,2024,187.17823147748422,166.89306019638627,166.89306018768048,20.285171281097945,-8.70579697220819e-09,20.285171289803742,187.17823147748422,126.85052349919772,126.85052353418311,60.3277079782865,3.498539058455208e-08,60.32770794330111,0.9432485545878041,120.84,96.19833333333332,6,1
2024-06-19,2024,165.99528628904412,94.5937743949193,94.59651454255877,71.40151189412482,0.002740147639471502,71.39877174648535,165.99528628904412,101.9633413886198,101.963341392929,64.03194490042432,4.309200107854849e-09,64.03194489611512,0.9045444875715226,121.25,84.31375,6,2
2024-06-20,2024,192.96391981276116,149.92075015225095,149.92074893011966,43.043169660510216,-1.2221312886140367e-06,43.043170882641505,192.96391981276116,149.9101621445886,149.91016199064745,43.05375766817255,-1.5394115848721412e-07,43.05375782211371,0.8540987373031107,146.28,93.79875,6,3
2024-06-21,2024,27.204643509016105,-11.117604944502727,-11.117604979883737,38.32224845351883,-3.5381010121682266e-08,38.322248488899845,27.204643509016105,24.25167619280311,23.941630448012845,2.9529673162129946,-0.3100457447902656,3.26301306100326,0.7072640278381905,44.58,97.13833333333332,6,4
2024-06-22,2024,201.96871731347454,158.364530074776,158.3645300581241,43.60418723869853,-1.6651910073051113e-08,43.60418725535044,201.96871731347454,201.7072008589385,201.7072008586277,0.2615164545360358,-3.108198143308982e-10,0.2615164548468556,0.4766253646049946,124.11999999999999,52.22208333333334,6,5
2024-06-23,2024,192.42592919404848,192.42592886839347,192.42592878074848,3.256550087371579e-07,-8.764499170865747e-08,4.133000004458154e-07,192.42592919404848,191.5952328095874,191.59523376821417,0.8306963844610777,9.586267708527885e-07,0.8306954258343069,0.9808695652173912,117.64999999999999,50.04749999999999,6,6
2024-06-24,2024,279.6163474900075,214.80659682046027,214.8065966871262,64.80975066954724,-1.33334083329828e-07,64.80975080288133,279.6163474900075,239.9455934471733,239.94559307748622,39.670754042834204,-3.6968708627682645e-07,39.67075441252129,0.8156521739130433,179.35999999999999,92.08541666666667,6,0
2024-06-25,2024,228.13910709399744,221.3370680590425,221.33707042513075,6.80203903495493,2.366088239114106e-06,6.802036668866691,228.13910709399744,226.60232995353473,226.60232997991224,1.5367771404627035,2.637750640133163e-08,1.5367771140851971,0.9799999999999999,136.74,75.59833333333333,6,1
2024-06-26,2024,54.40179472602779,28.697243328978427,47.17788408192486,25.70455139704936,18.48064075294643,7.223910644102929,54.40179472602779,39.69288267432369,32.71762814115885,14.708912051704097,-6.9752545331648435,21.68416658486894,0.9052173913043478,57.84999999999998,103.01416666666667,6,2
2024-06-27,2024,248.7274483622458,237.5981938367013,237.59819338863457,11.129254525544496,-4.4806674281971937e-07,11.12925497361124,248.7274483622458,178.3889272174779,178.3889263214125,70.3385211447679,-8.960654156453529e-07,70.33852204083331,0.9191304347826086,155.48,91.79041666666666,6,3
2024-06-28,2024,250.5171761484805,219.30073094987887,219.30073141132596,31.216445198601633,4.6144708676365553e-07,31.216444737154546,250.5171761484805,195.95308438864788,195.9530845775854,54.56409175983262,1.8893751985160634e-07,54.5640915708951,0.9188954337685707,148.01,63.05041666666667,6,4
2024-06-29,2024,219.38034018536678,127.15298411877168,127.15298441830701,92.22735606659509,2.995353298729242e-07,92.22735576705976,219.38034018536678,173.1167508649144,173.1167508794651,46.26358932045238,1.4550693094861344e-08,46.26358930590169,0.7031963636553615,139.42999999999998,70.55333333333333,6,5
2024-06-30,2024,168.46100843144217,154.57246331727674,140.40248430902557,13.888545114165424,-14.169979008251175,28.0585241224166,168.46100843144217,166.34090644911288,166.3409064557531,2.120101982329288,6.640220817644149e-09,2.1201019756890673,0.8903397627860953,103.9,43.7725,6,6
2024-07-01,2024,233.4763170334252,71.7247788606648,71.72479491714982,161.7515381727604,1.6056485023341338e-05,161.7515221162754,233.4763170334252,123.27124777036188,123.27124779039589,110.20506926306332,2.00340082301409e-08,110.20506924302931,0.4299392402896686,132.18,91.89083333333333,7,0
2024-07-02,2024,48.18311883086976,23.132975351524493,23.132975338784995,25.050143479345266,-1.2739498345126776e-08,25.050143492084764,48.18311883086976,34.01575271388266,34.015752711974926,14.167366116987097,-1.907736191242293e-09,14.167366118894833,0.8667101748702136,54.07,85.67666666666666,7,1
2024-07-03,2024,129.69290504435125,76.08827832191352,76.08827832150257,53.60462672243773,-4.1094949665421154e-10,53.60462672284868,129.69290504435125,76.82330947136471,76.8233094719228,52.86959557298654,5.580886863754131e-10,52.86959557242845,0.736624619399739,100.70999999999998,87.6225,7,2
2024-07-04,2024,238.28458456632586,92.52255081478432,92.52255065045286,145.76203375154154,-1.6433146754479822e-07,145.76203391587302,238.28458456632586,197.76821740096554,197.76821716760696,40.51636716536032,-2.3335857690653938e-07,40.5163673987189,0.37625054371465855,134.39,28.09875,7,3
2024-07-05,2024,268.5838400394583,249.0142986800587,249.03461443551936,19.569541359399636,0.02031575546067188,19.549225603938964,268.5838400394583,220.75808381773766,224.5069110285564,47.82575622172067,3.748827210818746,44.07692901090192,0.894107435791851,143.14000000000001,36.99125,7,4
2024-07-06,2024,126.6509134835296,40.54579494368552,47.43552764334707,86.10511853984409,6.88973269966155,79.21538584018253,126.6509134835296,103.15964267603371,106.34937545129337,23.491270807495894,3.1897327752596567,20.301538032236238,0.5878260869565216,137.17,7.357083333333333,7,5
2024-07-07,2024,258.13780846361306,216.41184151835438,217.50712330953414,41.725966945258676,1.095281791179758,40.63068515407892,258.13780846361306,247.21056751422117,247.2105673369664,10.927240949391887,-1.7725477619023877e-07,10.927241126646663,0.6118366111814515,155.54,21.64625,7,6
2024-07-08,2024,331.1469225720696,287.9456700746073,287.94567134707904,43.20125249746235,1.2724717635137495e-06,43.201251224990585,331.1469225720696,305.7281999404479,305.72819995781936,25.418722631621733,1.737146249070065e-08,25.41872261425027,0.9295042684804983,227.90000000000003,88.42333333333333,7,0
2024-07-09,2024,236.89442248218953,178.0547900957985,178.05479009618253,58.83963238639103,3.8403413782361895e-10,58.839632386007,236.89442248218953,176.4930874400344,176.49308738641864,60.401335042155125,-5.3615764272763045e-08,60.40133509577089,0.8721739130434782,148.79,77.6925,7,1
2024-07-10,2024,209.21636110721772,90.06375370902381,90.06375370892776,119.15260739819391,-9.605116702005034e-11,119.15260739828996,209.21636110721772,127.27543558240771,127.2754355837612,81.94092552481001,1.3534844356399844e-09,81.94092552345653,0.5266362377159202,119.50000000000001,79.01166666666667,7,2
2024-07-11,2024,207.20208426596793,191.45338061815818,191.45337466991424,15.748703647809748,-5.948243938291853e-06,15.748709596053686,207.20208426596793,198.16527609091554,198.38609927748485,9.036808175052386,0.2208231865693051,8.81598498848308,0.8642888212266201,139.85000000000002,91.27208333333333,7,3
2024-07-12,2024,0.2300477727573318,-21.669271752174243,-21.6692717105941,21.899319524931574,4.158014377253494e-08,21.89931948335143,0.2300477727573318,-20.186003700528527,-18.37368737531441,20.416051473285858,1.8123163252141161,18.603735148071742,0.6771037342061831,31.879999999999995,90.59583333333335,7,4
2024-07-13,2024,151.21073838406028,-14.618543222671704,87.22647116210607,165.82928160673197,101.84501438477777,63.98426722195421,151.21073838406028,145.83613903581056,145.83613895362024,5.374599348249717,-8.219032565648376e-08,5.374599430440043,0.26875408332653894,93.74000000000001,28.689999999999998,7,5
2024-07-14,2024,362.8823369678692,312.4129889534032,312.41298890288436,50.46934801446599,-5.051884954809793e-08,50.46934806498484,362.8823369678692,338.9626202301892,338.9626205102416,23.919716737680005,2.800524043777841e-07,23.9197164576276,0.9612875163114397,189.76,24.383333333333336,7,6
2024-07-15,2024,444.0916553522424,272.7803637955602,311.140813568598,171.3112915566822,38.36044977303777,132.95084178364442,444.0916553522424,311.1408136376677,311.14081361993465,132.95084171457472,-1.773304347807425e-08,132.95084173230777,0.7640791657034447,225.03,77.67125,7,0
2024-07-16,2024,275.4086529962734,229.9794412704294,227.058965696036,45.42921172584403,-2.920475574393379,48.349687300237406,275.4086529962734,234.84186909812053,234.84186911132053,40.56678389815289,1.3200008197600255e-08,40.56678388495288,0.8897586642169881,133.07999999999998,50.30125,7,1
2024-07-17,2024,262.04502477171974,260.4080165185645,260.4080135432278,1.6370082531552157,-2.975336713006982e-06,1.6370112284919287,262.04502477171974,226.48995410471375,226.48995412185366,35.55507066700599,1.713991082397115e-08,35.55507064986608,0.9845618845490035,177.14999999999998,76.37666666666667,7,2
2024-07-18,2024,285.96232442960223,247.21997013475263,246.9976148068915,38.742354294849605,-0.22235532786112344,38.96470962271073,285.96232442960223,248.91808389996336,255.42421658488053,37.04424052963887,6.506132684917162,30.538107844721708,0.9530434782608694,193.64,90.74166666666667,7,3
2024-07-19,2024,193.70203037544934,185.34575245181844,185.3457523443924,8.356277923630898,-1.0742604672486777e-07,8.356278031056945,193.70203037544934,185.5801581329784,185.5801581282756,8.121872242470943,-4.702798150901799e-09,8.12187224717374,0.9713043478260868,154.26,85.90125,7,4
2024-07-20,2024,210.87720272392167,159.0382211307101,159.03822111711702,51.83898159321157,-1.3593080439022742e-08,51.83898160680465,210.87720272392167,207.18238786902873,207.1823878239076,3.6948148548929396,-4.5121140601622756e-08,3.69481490001408,0.8008695652173912,139.4,61.99375,7,5
2024-07-21,2024,215.25473779109393,194.03326282452804,194.03326282300918,21.221474966565893,-1.5188561519607902e-09,21.22147496808475,215.25473779109393,206.58484976957888,209.6602200143473,8.66988802151505,3.0753702447684077,5.594517776746642,0.8419221768934941,128.33,54.33083333333334,7,6
2024-07-22,2024,278.76089800624175,222.70355968229043,220.8386358309936,56.05733832395131,-1.8649238512968225,57.922262175248136,278.76089800624175,174.97442109527347,174.97442184328256,103.78647691096828,7.480090857825417e-07,103.78647616295919,0.7232007128997318,166.83,91.22625000000001,7,0
2024-07-23,2024,134.76166543442173,125.45063913798862,125.45063914540111,9.311026296433113,7.412495506287087e-09,9.311026289020617,134.76166543442173,131.57587648749512,131.5758763500983,3.185788946926607,-1.373968245843571e-07,3.1857890843234316,0.9086956521739129,84.5,79.50708333333334,7,1
2024-07-24,2024,224.76251277296473,215.53358368029274,215.53358369005372,9.22892909267199,9.76098135652137e-09,9.228929082911009,224.76251277296473,212.76160932795133,212.76160933117507,12.000903445013392,3.2237323921435745e-09,12.00090344178966,0.9191304347826086,130.96,65.8625,7,2
2024-07-25,2024,216.07622632215677,196.6157352864689,196.44324613822516,19.46049103568788,-0.1724891482437272,19.632980183931608,216.07622632215677,207.74871626133555,207.74871625552873,8.327510060821226,-5.806811032016412e-09,8.327510066628037,0.9086956521739129,142.45,79.27749999999999,7,3
2024-07-26,2024,112.59671083124843,104.56886313092612,104.56886328678983,8.027847700322312,1.5586371659992437e-07,8.027847544458595,112.59671083124843,98.85550969292234,103.37902412045119,13.74120113832609,4.523514427528852,9.217686710797238,0.8591304347826085,83.06,90.94541666666667,7,4
2024-07-27,2024,159.7871465420132,109.94094670900833,81.3465842088538,49.846199833004874,-28.59436250015453,78.4405623331594,159.7871465420132,159.78714621300185,159.7871461447416,3.2901135682550375e-07,-6.826024900874472e-08,3.972716058342485e-07,0.6408695652173912,105.3,80.8325,7,5
2024-07-28,2024,282.86015828048465,276.49846173413414,276.4984610640086,6.361696546350515,-6.701255301777564e-07,6.3616972164760455,282.86015828048465,276.4984615935826,276.49846167622275,6.361696686902064,8.264015605163877e-08,6.361696604261908,0.9113043478260868,164.35,46.02125,7,6
2024-07-29,2024,312.0185740764264,252.5127963893586,255.57379025241588,59.50577768706776,3.060993863057263,56.4447838240105,312.0185740764264,260.74602495132973,260.7460249519723,51.272549125096646,6.425580068025738e-10,51.27254912445409,0.7695652173913042,179.76999999999998,71.62,7,0
2024-07-30,2024,289.76902976680077,287.7539307001638,287.7539306053861,2.015099066636992,-9.477770390731166e-08,2.015099161414696,289.76902976680077,278.7720089343605,278.7720089339569,10.997020832440285,-4.035882739117369e-10,10.997020832843873,0.983478260869565,177.19,77.24208333333333,7,1
2024-07-31,2024,176.89613969146123,156.15995728723442,156.1599572888457,20.73618240422681,1.611283551028464e-09,20.736182402615526,176.89613969146123,169.60083759541885,171.92341302997286,7.295302096042377,2.322575434554011,4.972726661488366,0.9652173913043477,124.79,79.40458333333333,7,2
2024-08-01,2024,102.27028750397592,99.66448057871254,82.15824133660956,2.60580692526338,-17.50623924210298,20.11204616736636,102.27028750397592,80.1748245186919,82.15824133145996,22.095462985284016,1.9834168127680556,20.11204617251596,0.9634782608695651,77.69,94.86625,8,3
2024-08-02,2024,121.45821265089089,92.80837486771635,92.8083748658835,28.649837783174533,-1.8328591977478936e-09,28.649837785007392,121.45821265089089,86.60837493027257,86.60837503174783,34.84983772061831,1.0147525131287694e-07,34.84983761914306,0.8823657525397208,95.61,93.81208333333332,8,4
2024-08-03,2024,202.31903534667302,154.29305540899432,129.48947906508496,48.0259799376787,-24.803576343909356,72.82955628158805,202.31903534667302,179.8805564127692,179.88055641239984,22.43847893390381,-3.693685357575305e-10,22.438478934273178,0.8438451500652456,132.54,75.28916666666667,8,5
2024-08-04,2024,202.71357510554725,202.71357467832175,202.71357477998055,4.2722550119833613e-07,1.0165879871237848e-07,3.2556670248595765e-07,202.71357510554725,202.71357512685992,202.71357512635,-2.1312672515705344e-08,-5.099138888908783e-10,-2.0802758626814466e-08,0.9158512936661666,127.14999999999999,62.09166666666666,8,6
2024-08-05,2024,298.64303219719045,256.97508042313495,256.975079946996,41.667951774055496,-4.761389504892577e-07,41.667952250194446,298.64303219719045,267.39205314421787,267.3920530998446,31.250979052972582,-4.4373280161380535e-08,31.250979097345862,0.7747826086956522,213.66,99.85625,8,0
2024-08-06,2024,348.64947228796945,339.75833924733496,339.7583380337876,8.891133040634486,-1.2135473639318661e-06,8.89113425418185,348.64947228796945,332.3033624290247,332.30336240136677,16.34610985894477,-2.765790441117133e-08,16.346109886602676,0.9295652173913044,227.9,86.98,8,1
2024-08-07,2024,179.62943940181455,154.35873893873884,154.35873892234244,25.270700463075713,-1.639639890527178e-08,25.27070047947211,179.62943940181455,141.25557035518742,129.3993932900182,38.373869046627135,-11.85617706516922,50.230046111796355,0.9001957159966595,114.23,92.90958333333333,8,2
2024-08-08,2024,210.28761828061144,179.02530668526714,179.0253066761881,31.2623115953443,-9.079030860448256e-09,31.26231160442333,210.28761828061144,175.9705780268378,175.97057801858756,34.31704025377363,-8.250253813457675e-09,34.31704026202388,0.9069160504567203,165.13,93.15458333333333,8,3
2024-08-09,2024,212.51711382247078,167.3853648283466,136.9662551499596,45.131748994124166,-30.419109678387002,75.55085867251117,212.51711382247078,174.62952411850162,161.8686217800609,37.887589703969155,-12.76090233844073,50.648492042409885,0.8075668814520758,125.77,53.317083333333336,8,4
2024-08-10,2024,301.49096252870294,264.83069511423525,264.8306952022596,36.66026741446768,8.80243646861345e-08,36.66026732644332,301.49096252870294,298.06703426942096,298.0670346735521,3.423928259281979,4.041311285618576e-07,3.4239278551508505,0.9452173913043478,173.77,49.84708333333333,8,5
2024-08-11,2024,339.91581828076806,336.18442290517936,336.1844229291063,3.731395375588704,2.3926929770823335e-08,3.7313953516617744,339.91581828076806,330.3799651621186,330.3799652329111,9.53585311864947,7.0792509632156e-08,9.53585304785696,0.9521739130434782,197.14000000000001,54.717499999999994,8,6
2024-08-12,2024,406.7072135246656,322.4647174712682,337.0755516048448,84.24249605339736,14.610834133576589,69.63166191982077,406.7072135246656,273.6216585693622,273.62165855155234,133.0855549553034,-1.7809838936955202e-08,133.08555497311323,0.8327897565862816,217.86,92.05833333333332,8,0
2024-08-13,2024,276.32799554230877,274.21047826551546,274.21386727995224,2.1175172767933077,0.0033890144367774155,2.1141282623565303,276.32799554230877,272.21605319747107,272.21605319150893,4.111942344837701,-5.96213567405357e-09,4.111942350799836,0.969776061194469,164.98,99.73833333333334,8,1
2024-08-14,2024,187.1134509562169,175.53495718001204,175.53495715509848,11.578493776204851,-2.491356099199038e-08,11.578493801118412,187.1134509562169,180.88688487257275,180.8868851876771,6.226566083644144,3.151043586058222e-07,6.2265657685397855,0.9502065891075852,146.07,108.0125,8,2
2024-08-15,2024,249.95259807787608,203.0581586696738,203.05815879798266,46.89443940820229,1.283088693071477e-07,46.89443927989342,249.95259807787608,232.23701345616035,232.2370134488485,17.71558462171572,-7.311854233194026e-09,17.715584629027575,0.8727984550750221,160.34,85.52875,8,3
2024-08-16,2024,319.5626490503336,288.63535845922206,288.6353583726006,30.927290591111557,-8.662146910864976e-08,30.927290677733026,319.5626490503336,257.23560791435006,242.9718647243877,62.32704113598356,-14.263743189962355,76.59078432594592,0.9382608695652173,195.55,108.03875,8,4
2024-08-17,2024,152.9904309784701,98.1857755847611,98.18577564269228,54.804655393709,5.793117452412844e-08,54.804655335777824,152.9904309784701,152.03513104467402,152.035131212715,0.9552999337960841,1.6804096958367154e-07,0.9552997657551145,0.8678260869565216,109.75,93.23583333333333,8,5
2024-08-18,2024,125.25759914230699,109.4604051043337,109.46040511276331,15.797194037973284,8.42960901081824e-09,15.797194029543675,125.25759914230699,124.11387229301569,124.11387225187815,1.1437268492912978,-4.1137539597002615e-08,1.1437268904288374,0.8591304347826085,97.96000000000001,88.23666666666666,8,6
2024-08-19,2024,212.1506121459608,85.7306654659784,85.73066486191894,126.41994667998239,-6.040594655587483e-07,126.41994728404185,212.1506121459608,203.69787725019467,162.13873924971784,8.452734895766127,-41.55913800047682,50.01187289624295,0.5599999999999999,124.96000000000001,108.19625,8,0
2024-08-20,2024,234.54075453976864,207.35301126706037,207.35301126851698,27.187743272708275,1.4566126083082054e-09,27.187743271251662,234.54075453976864,218.88191320166584,218.88191321250306,15.658841338102803,1.0837226227522478e-08,15.658841327265577,0.9208695652173912,140.59,92.11208333333333,8,1
2024-08-21,2024,280.6943077141079,237.5095664168307,237.50956648619504,43.184741297277185,6.936434715498763e-08,43.18474122791284,280.6943077141079,211.71762104928797,211.71762201001863,68.97668666481991,9.607306594716647e-07,68.97668570408925,0.8434782608695651,161.63,52.623333333333335,8,2
2024-08-22,2024,232.48538858749134,204.6012392600697,204.60123929848461,27.884149327421653,3.841492457468121e-08,27.88414928900673,232.48538858749134,185.1551993523396,202.73798831791876,47.33018923515175,17.58278896557917,29.74740026957258,0.8817391304347826,133.81,63.04208333333333,8,3
2024-08-23,2024,272.4436325245239,204.94922267445568,198.65860210944365,67.4944098500682,-6.290620565012034,73.78503041508023,272.4436325245239,215.1694113549118,215.16941154970846,57.274221169612076,1.9479665525068413e-07,57.27422097481542,0.8556521739130434,139.70000000000002,39.12500000000001,8,4
2024-08-24,2024,229.8411726893976,139.98317990223785,139.98317985325625,89.85799278715976,-4.898160455013567e-08,89.85799283614136,229.8411726893976,208.3683827525179,208.36838254607935,21.472789936879707,-2.064385569156002e-07,21.472790143318264,0.6304347826086956,154.63,49.80916666666666,8,5
2024-08-25,2024,230.15026351218256,226.28829456582577,215.85401010943204,3.8619689463567966,-10.434284456393726,14.296253402750523,230.15026351218256,227.8845450146592,226.63504454760653,2.265718497523352,-1.249500467052684,3.515218964576036,0.5127201686763583,139.46,21.86375,8,6
2024-08-26,2024,363.2765847906217,288.73436000589743,288.73435912660705,74.54222478472428,-8.792903827270493e-07,74.54222566401467,363.2765847906217,336.2569583535889,320.81277626484444,27.019626437032798,-15.44418208874447,42.46380852577727,0.8914981728469333,213.51,99.58541666666667,8,0
2024-08-27,2024,399.48684371857536,386.0673282058527,386.0673282079216,13.419515512722683,2.0689299162768293e-09,13.419515510653753,399.48684371857536,388.3434337043805,388.34343370455565,11.143410014194842,1.751345735101495e-10,11.143410014019707,0.9399999999999998,231.07,90.89791666666667,8,1
2024-08-28,2024,325.31153626301057,320.115378745455,320.1153788010801,5.196157517555548,5.5625093864364317e-08,5.196157461930454,325.31153626301057,321.4490837063903,320.51108422058206,3.862452556620269,-0.9379994858082341,4.800452042428503,0.9643478260869565,195.86,95.92250000000001,8,2
2024-08-29,2024,348.8720774170993,347.8022636947332,342.1209248570534,1.0698137223661206,-5.681338837679789,6.7511525600459095,348.8720774170993,343.57207702561027,341.625628563966,5.30000039148905,-1.946448461644252,7.246448853133302,0.9756521739130434,244.01999999999998,112.91083333333334,8,3
2024-08-30,2024,103.92463811212124,94.56412520461531,94.56412526989983,9.360512907505935,6.528452445309085e-08,9.36051284222141,103.92463811212124,97.11611465053295,95.42334415475203,6.808523461588294,-1.6927704957809198,8.501293957369214,0.8973913043478261,77.03000000000002,106.6375,8,4
2024-08-31,2024,228.64124002086967,190.46749624843937,190.46749654384962,38.1737437724303,2.954102455987595e-07,38.173743477020054,228.64124002086967,228.28908615569725,228.28908607808566,0.35215386517242564,-7.761158826724568e-08,0.3521539427840139,0.8754077180199399,149.09,79.04625,8,5
2024-09-01,2024,255.2029256903958,255.20292569793085,255.2029245295987,-7.535049917350989e-09,-1.1683321474720287e-06,1.1607970975546777e-06,255.2029256903958,255.20292559575793,255.2029255786185,9.463786909691407e-08,-1.7139427654910833e-08,1.117772967518249e-07,0.8049576185071579,155.6,61.647916666666674,9,6
2024-09-02,2024,233.78832977364428,213.2137242591381,213.213723968692,20.574605514506175,-2.9044610982964514e-07,20.574605804952284,233.78832977364428,217.1466426331441,205.7971254807695,16.64168714050018,-11.349517152374602,27.991204292874784,0.6382608695652173,174.21,115.07375,9,0
2024-09-03,2024,858.3210505490032,844.8941329751707,839.1064151406292,13.426917573832498,-5.787717834541468,19.214635408373965,858.3210505490032,854.2599442924378,820.7724478379465,4.061106256565381,-33.48749645449129,37.548602711056674,0.9530434782608694,573.6800000000001,158.39208333333332,9,1
2024-09-04,2024,304.29436171223574,293.0989605383797,293.0989608337424,11.195401173856055,2.9536272450059187e-07,11.19540087849333,304.29436171223574,303.19828480979635,303.19828343112795,1.0960769024393926,-1.3786684007754957e-06,1.0960782811077934,0.9391304347826085,230.87,125.83666666666666,9,2
2024-09-05,2024,198.84487546499034,191.78748085089794,191.7874808450126,7.057394614092402,-5.885340215172619e-09,7.057394619977742,198.84487546499034,194.1881905425902,194.1881901757593,4.656684922400132,-3.6683090343103686e-07,4.656685289231035,0.7399999999999999,138.72,64.42291666666667,9,3
2024-09-06,2024,272.4124891680281,238.0760765286845,221.546318796961,34.33641263934362,-16.529757731723492,50.86617037106711,272.4124891680281,265.7820916776458,265.78209114443877,6.630397490382336,-5.332070145414036e-07,6.6303980235893505,0.6365217391304347,124.01,76.12708333333335,9,4
2024-09-07,2024,231.7277911418278,181.91082256940823,181.91082256560634,49.81696857241957,-3.801886805376853e-09,49.816968576221456,231.7277911418278,186.24493483211097,186.2449348360384,45.48285630971682,3.927425495930947e-09,45.4828563057894,0.6947826086956521,149.96,79.41666666666667,9,5
2024-09-08,2024,206.56423816163866,204.9406415316773,204.94064150407618,1.6235966299613551,-2.7601117835729383e-08,1.623596657562473,206.56423816163866,204.94064171960412,204.94064172001862,1.6235964420345397,4.1450221033301204e-10,1.6235964416200375,0.8208695652173912,128.11,68.99791666666665,9,6
2024-09-09,2024,78.62942733628394,-17.273692129329337,-17.273692084257277,95.90311946561327,4.507205986215013e-08,95.90311942054122,78.62942733628394,-2.942453802778738,-2.9424538911905724,81.57188113906268,-8.841183429808552e-08,81.5718812274745,0.11565217391304347,80.88999999999999,99.73083333333334,9,0
2024-09-10,2024,212.24828412365383,204.92093091365246,204.92093175966596,7.327353210001377,8.460135063614871e-07,7.32735236398787,212.24828412365383,210.5627156898853,210.56271577954666,1.6855684337685375,8.966136988419748e-08,1.6855683441071676,0.6704347826086956,130.06,59.038750000000014,9,1
2024-09-11,2024,190.2832035540167,175.62396231912751,175.62396158876223,14.65924123488918,-7.303652864720789e-07,14.659241965254466,190.2832035540167,177.35608585199367,177.35608580469932,12.927117702023025,-4.729434976979974e-08,12.927117749317375,0.49923897679428264,109.87,80.93958333333333,9,2
2024-09-12,2024,333.3580984912392,308.5808765515174,309.10753901940103,24.777221939721812,0.5266624678836251,24.250559471838187,333.3580984912392,331.0591440601435,331.059143361551,2.2989544310956944,-6.985925438129925e-07,2.2989551296882382,0.8197434418616925,221.77999999999997,112.33833333333332,9,3
2024-09-13,2024,29.196517857131358,-2.224404936831739,-2.224404898132427,31.420922793963097,3.869931219924183e-08,31.420922755263785,29.196517857131358,16.876817853869824,16.876817845476374,12.319700003261534,-8.393449490995408e-09,12.319700011654984,0.41826086956521735,71.25,90.81291666666668,9,4
2024-09-14,2024,219.09405857418477,125.79541105850274,194.00412652772914,93.29864751568203,68.2087154692264,25.08993204645563,219.09405857418477,200.8990866857728,200.89908683953314,18.19497188841197,1.537603395718179e-07,18.19497173465163,0.33652173913043476,127.03999999999999,53.83375,9,5
2024-09-15,2024,211.58915058934585,173.0064584733309,173.00645850941524,38.582692116014954,3.608434440138808e-08,38.58269207993061,211.58915058934585,211.3274575526332,211.32745754854386,0.2616930367126429,-4.089343974555959e-09,0.26169304080198685,0.9434782608695651,133.57,62.12624999999999,9,6
2024-09-16,2024,58.949406637028105,9.631855597462518,9.631855591061502,49.317551039565586,-6.401016605650511e-09,49.3175510459666,58.949406637028105,53.368499968194,40.61193419189965,5.580906668834103,-12.756565776294352,18.337472445128455,0.3060869565217391,70.69,97.47333333333334,9,0
2024-09-17,2024,176.59912583891298,127.10047205172611,127.10047206147658,49.49865378718687,9.75046532403212e-09,49.4986537774364,176.59912583891298,124.84047220214903,124.84047219844572,51.75865363676395,-3.7033061062174966e-09,51.75865364046726,0.7982608695652172,111.88000000000001,88.89416666666666,9,1
2024-09-18,2024,249.03114280735227,245.0207769306436,245.02077693301672,4.010365876708676,2.3731274723104434e-09,4.010365874335548,249.03114280735227,239.58130227100187,239.58130230171363,9.449840536350393,3.071176024604938e-08,9.449840505638633,0.9171559251386256,142.01,77.97708333333334,9,2
2024-09-19,2024,257.93932680191483,253.92413242015502,253.92413242003698,4.015194381759812,-1.1803535926446784e-10,4.015194381877848,257.93932680191483,255.71504034842448,255.71504060860167,2.2242864534903504,2.601771882382309e-07,2.224286193313162,0.9702109383519553,143.33,77.86874999999999,9,3
2024-09-20,2024,258.3327448477027,255.91078000137674,255.91077999944514,2.4219648463259773,-1.931596216309117e-09,2.4219648482575735,258.3327448477027,254.22087594191342,254.22087595001702,4.111868905789294,8.10359779279679e-09,4.111868897685696,0.9817391304347826,145.73,73.36666666666666,9,4
2024-09-21,2024,229.3926929669431,181.64561776029015,181.6456177251724,47.74707520665294,-3.511775048536947e-08,47.74707524177069,229.3926929669431,187.19406366504575,187.19406367522782,42.19862930189734,1.0182077403442236e-08,42.198629291715264,0.8836703840121798,145.94,70.02416666666667,9,5
2024-09-22,2024,238.5353842588094,238.53538425715072,238.53538425473968,1.6586625406489475e-09,-2.4110420326906024e-09,4.06970457333955e-09,238.5353842588094,238.5353842580007,238.53538425734496,8.086828984232852e-10,-6.557456799782813e-10,1.4644285784015665e-09,0.9623831495172017,157.26000000000002,76.18166666666667,9,6
2024-09-23,2024,428.52985368828354,314.9825149448671,314.9825148793359,113.54733874341645,-6.553119646923733e-08,113.54733880894764,428.52985368828354,314.6371336053693,314.63713358232917,113.89272008291425,-2.304011559317587e-08,113.89272010595437,0.7704347826086956,251.83999999999997,121.3625,9,0
2024-09-24,2024,97.81254618938662,97.31821007145308,97.31820994946239,0.4943361179335426,-1.2199069487905945e-07,0.4943362399242375,97.81254618938662,97.45534709381477,97.45534709949479,0.3571990955718576,5.68002178624738e-09,0.3571990898918358,0.7713043478260868,81.38000000000001,91.7725,9,1
2024-09-25,2024,304.1488451543838,241.33742988519822,241.33743003362073,62.8114152691856,1.4842251516711258e-07,62.81141512076309,304.1488451543838,241.33742986779725,241.33742986908263,62.811415286586566,1.2853718089900212e-09,62.811415285301194,0.40869565217391296,176.64,75.1425,9,2
2024-09-26,2024,140.36285696957736,124.83008414937602,124.83008418767217,15.532772820201345,3.829615025097155e-08,15.532772781905194,140.36285696957736,128.29574896385094,128.29574873178098,12.067108005726425,-2.320699650226743e-07,12.06710823779639,0.7165217391304347,76.92,55.00291666666667,9,3
2024-09-27,2024,159.17031973667454,155.96234177041583,153.88796513910748,3.20797796625871,-2.074376631308354,5.282354597567064,159.17031973667454,154.10556881415118,152.03119209955645,5.064750922523359,-2.0743767145947345,7.139127637118094,0.8527941058306518,68.87,14.7575,9,4
2024-09-28,2024,187.30403459871263,169.9480577471193,169.94805893888412,17.35597685159334,1.1917648237158573e-06,17.355975659828516,187.30403459871263,171.28745073025448,173.1040841439447,16.016583868458156,1.8166334136902265,14.19995045476793,0.9001522945195768,100.08,29.07083333333333,9,5
2024-09-29,2024,328.39745879415784,276.50819462525345,276.50819465175357,51.88926416890439,2.6500117655814392e-08,51.88926414240427,328.39745879415784,232.46825722413817,232.4682572006046,95.92920157001967,-2.3533573312306544e-08,95.92920159355324,0.7796389133779997,167.82,58.34625,9,6
2024-09-30,2024,231.85401604650912,226.9363796507616,192.21304032779508,4.9176363957475075,-34.723339322966524,39.64097571871403,231.85401604650912,222.01867441707523,222.01866923749463,9.835341629433884,-5.1795805973142706e-06,9.835346809014482,0.6592737707492444,91.49,33.322916666666664,9,0
2024-10-01,2024,278.22767754872666,256.86269521433604,256.86269549725404,21.364982334390618,2.8291799480939517e-07,21.364982051472623,278.22767754872666,276.1418012977802,276.1418012908903,2.0858762509464555,-6.889877113280818e-09,2.0858762578363326,0.8408695652173912,136.48999999999998,67.835,10,1
2024-10-02,2024,73.11426075405447,66.13228963609026,66.13228859066228,6.981971117964207,-1.045427978851876e-06,6.981972163392186,73.11426075405447,53.52461050721295,53.524610508116375,19.589650246841522,9.03426666809537e-10,19.589650245938095,0.8756521739130434,60.76999999999998,95.86208333333332,10,2
2024-10-03,2024,102.8402810517564,49.65026663717964,49.650266636185975,53.190014414576765,-9.936655942510697e-10,53.19001441557043,102.8402810517564,83.3968038170728,83.39680368671748,19.443477234683613,-1.3035531765126507e-07,19.44347736503893,0.6565217391304347,81.34,72.65583333333333,10,3
2024-10-04,2024,135.10967829853328,70.02220167260755,70.02220167497157,65.08747662592573,2.364018314437999e-09,65.08747662356171,135.10967829853328,111.28794021096047,70.02220174500295,23.82173808757281,-41.265738465957526,65.08747655353034,0.7536421139237733,77.02000000000001,96.12958333333334,10,4
2024-10-05,2024,159.22095708006032,144.3608263331572,144.36082637897675,14.86013074690311,4.5819547267456073e-08,14.860130701083563,159.22095708006032,112.1341791957457,112.13417933486417,47.086777884314614,1.3911846963310381e-07,47.086777745196144,0.754511868238746,109.77000000000001,85.93374999999999,10,5
2024-10-06,2024,165.60505850382245,145.0979712206252,142.40580209729364,20.50708728319725,-2.692169123331553,23.199256406528804,165.60505850382245,146.44424108954638,146.4442405780189,19.160817414276067,-5.115274746003706e-07,19.160817925803542,0.8873424066917959,106.31,54.89791666666667,10,6
2024-10-07,2024,384.0545737255658,280.02574335155737,280.02574102638073,104.02883037400841,-2.32517663789622e-06,104.02883269918505,384.0545737255658,380.7004297681367,380.70043007750525,3.3541439574290735,3.0936854500396294e-07,3.3541436480605284,0.48368860600062596,207.5,83.72,10,0
2024-10-08,2024,146.05400105186084,133.7699022046894,133.76990312996273,12.284098847171435,9.252733264020208e-07,12.284097921898109,146.05400105186084,124.36812894104436,124.36813074153045,21.685872110816476,1.8004860891096541e-06,21.685870310330387,0.9147826086956521,108.52999999999999,91.31666666666668,10,1
2024-10-09,2024,134.17655592296936,108.7721257545657,121.93655605478803,25.40443016840365,13.164430300222321,12.239999868181329,134.17655592296936,106.60544551668357,110.73851529918792,27.571110406285783,4.13306978250435,23.438040623781433,0.9069565217391303,72.80000000000001,83.0675,10,2
2024-10-10,2024,205.87333288162395,197.12478504581262,197.12478922018278,8.748547835811337,4.17437016153599e-06,8.748543661441175,205.87333288162395,199.68907679929586,199.68907656184092,6.1842560823280905,-2.3745494104332465e-07,6.184256319783032,0.8999999999999999,103.38,59.732499999999995,10,3
2024-10-11,2024,251.01452299448246,212.62635635792876,212.62635633365255,38.388166636553706,-2.427620415801357e-08,38.38816666082991,251.01452299448246,214.79658040324895,214.79662134861132,36.21794259123351,4.0945362371758165e-05,36.21790164587114,0.9417391304347826,117.07000000000001,95.2020833333333,10,4
2024-10-12,2024,85.04764490653179,33.825864982280436,33.82586497304464,51.22177992425135,-9.235797904239007e-09,51.22177993348715,85.04764490653179,33.82586499088516,33.82586496425058,51.22177991564663,-2.6634580763129634e-08,51.22177994228121,0.4130434782608695,75.76,56.3725,10,5
2024-10-13,2024,105.14627003615405,99.17865416115929,85.78769270087427,5.967615874994763,-13.390961460285013,19.358577335279776,105.14627003615405,99.17865426095993,97.45112104137418,5.967615775194119,-1.7275332195857516,7.695148994779871,0.4774951189199672,69.74,8.10625,10,6
2024-10-14,2024,430.6855167122018,146.48183334414315,146.4818326772363,284.2036833680586,-6.669068568498915e-07,284.2036840349655,430.6855167122018,430.1555932328342,278.11977195983513,0.5299234793675964,-152.03582127299904,152.56574475236664,0.4131332996119935,235.38,105.58625,10,0
2024-10-15,2024,171.8768894876951,138.36324216895787,138.36324211498479,33.51364731873724,-5.3973082003722084e-08,33.513647372710324,171.8768894876951,140.15448272269623,140.15448274960195,31.72240676499888,2.6905723871095688e-08,31.722406738093156,0.40434782608695646,144.60999999999999,94.99708333333335,10,1
2024-10-16,2024,230.5451229128374,216.7074119045478,207.2657821357352,13.837711008289602,-9.44162976881259,23.279340777102192,230.5451229128374,216.63264934965824,216.63264923619172,13.912473563179162,-1.1346651263011154e-07,13.912473676645675,0.5469565217391303,86.33999999999999,35.07625,10,2
2024-10-17,2024,334.80392762796447,320.2141141735234,320.21411419665486,14.589813454441071,2.3131462967285188e-08,14.589813431309608,334.80392762796447,320.2141140779758,320.2141140386502,14.589813549988662,-3.932558456654078e-08,14.589813589314247,0.9121739130434783,180.6,71.5175,10,3
2024-10-18,2024,173.62834150773924,170.02670908147115,170.02670916591688,3.6016324262680826,8.444573040833347e-08,3.601632341822352,173.62834150773924,171.65220167900324,171.652202398829,1.9761398287359953,7.198257492291305e-07,1.976139108910246,0.8899522372997128,102.44,102.27374999999999,10,4
2024-10-19,2024,73.67519273516018,43.44400920562561,43.44400969855085,30.23118352953457,4.929252384044958e-07,30.23118303660933,73.67519273516018,55.69385583310715,55.69385583540088,17.98133690205303,2.29373142701661e-09,17.9813368997593,0.7520661868480957,74.85999999999999,85.51625,10,5
2024-10-20,2024,96.23702341470099,86.00050145582588,66.47246452497768,10.236521958875102,-19.528036930848202,29.764558889723304,96.23702341470099,86.0005010487076,86.00050140126513,10.23652236599338,3.5255752095508797e-07,10.23652201343586,0.44922810368335714,77.33,35.51416666666666,10,6
2024-10-21,2024,364.6631026810286,200.29195100362628,121.90553789664713,164.3711516774023,-78.38641310697915,242.75756478438146,364.6631026810286,350.4232853078211,350.42328540243324,14.239817373207472,9.461211902817013e-08,14.239817278595353,-0.023488473249238796,222.25,83.03958333333333,10,0
2024-10-22,2024,178.11716946676876,112.29269810343759,112.32969743805677,65.82447136333117,0.03699933461918192,65.78747202871199,178.11716946676876,172.00750427823283,172.00750511150798,6.109665188535928,8.332751519901649e-07,6.109664355260776,0.7245053443721907,99.24000000000001,103.01458333333335,10,1
2024-10-23,2024,275.1623745450508,263.3640241814501,263.36402417612913,11.798350363600719,-5.320941909303656e-09,11.79835036892166,275.1623745450508,263.36402342907996,263.36402418825037,11.798351115970831,7.59170404762699e-07,11.798350356800427,0.9043478260869565,139.21,111.99666666666667,10,2
2024-10-24,2024,139.50637660797034,115.66761682108013,115.66761521659183,23.838759786890208,-1.6044883039967317e-06,23.83876139137851,139.50637660797034,124.73179427368754,124.73179426147928,14.774582334282798,-1.2208261068735737e-08,14.774582346491059,0.8834782608695652,92.12,101.67916666666666,10,3
2024-10-25,2024,223.51763199199058,197.2061618174309,197.20616182143317,26.311470174559673,4.002259856861201e-09,26.311470170557413,223.51763199199058,197.20616176125003,197.20616161414625,26.311470230740554,-1.4710377627125126e-07,26.31147037784433,0.8669565217391304,149.14,112.71583333333335,10,4
2024-10-26,2024,89.49819836759164,50.7418322007065,50.74183221027867,38.756366166885144,9.572175940775196e-09,38.75636615731297,89.49819836759164,69.20944966299476,69.20944967270896,20.288748704596884,9.714199222798925e-09,20.288748694882685,0.5791304347826086,87.60000000000001,101.71875,10,5
2024-10-28,2024,60.82938490006708,7.618319131170125,7.618319140901388,53.21106576889696,9.731262906598204e-09,53.21106575916569,60.82938490006708,7.618319101216532,7.618319142984571,53.211065798850555,4.176803969357934e-08,53.21106575708251,,64.71000000000001,111.34708333333333,10,0
2024-10-29,2024,259.0913344204714,187.29733252515558,172.98039893319356,71.79400189531583,-14.316933591962027,86.11093548727786,259.0913344204714,182.41402367227042,172.98039895207896,76.677310748201,-9.43362472019146,86.11093546839246,0.9521739130434782,187.63,141.17791666666668,10,1
2024-10-30,2024,110.80261915948547,106.38072086371166,106.07739289461031,4.421898295773815,-0.3033279691013462,4.725226264875161,110.80261915948547,106.24071256301717,106.24071255773549,4.5619065964683045,-5.281677317725553e-09,4.561906601749982,0.96,95.83,124.69041666666665,10,2
2024-10-31,2024,25.728714181102205,16.345945422526096,24.976100129581265,9.382768758576109,8.63015470705517,0.7526140515209399,25.728714181102205,23.72540841212406,23.725408321472944,2.0033057689781444,-9.065111683526084e-08,2.003305859629261,0.7052173913043478,70.97,105.78958333333334,10,3
2024-11-01,2024,126.8355567189649,100.33811966356686,109.93913186523336,26.497437055398038,9.601012201666506,16.89642485373153,126.8355567189649,98.92468776876528,103.39559460499555,27.910868950199614,4.47090683623027,23.439962113969344,0.4391304347826086,90.38000000000001,75.06,11,4
2024-11-02,2024,66.93932943527709,56.19019750038687,56.19019747301158,10.749131934890215,-2.7375293143450108e-08,10.749131962265508,66.93932943527709,26.267328346645417,39.01888718311295,40.672001088631674,12.751558836467535,27.920442252164136,0.8930434782608694,72.56,106.75875,11,5
2024-11-03,2024,84.25340648419905,26.574024990930567,26.574025853379993,57.67938149326848,8.624494256537218e-07,57.679380630819054,84.25340648419905,79.74838870535817,79.74838870696672,4.50501777884088,1.6085550669231452e-09,4.505017777232325,0.7417391304347827,75.28,93.43416666666667,11,6
2024-11-04,2024,276.915759979664,238.1226512533043,238.12265129088766,38.79310872635972,3.758336220016645e-08,38.79310868877636,276.915759979664,231.04665110033463,231.04665108579132,45.86910887932939,-1.454330345040944e-08,45.86910889387269,0.6043478260869565,200.34999999999997,125.86833333333334,11,0
2024-11-05,2024,653.3341870978021,651.0082399264162,641.6860486137084,2.3259471713859057,-9.322191312707787,11.648138484093693,653.3341870978021,644.0119956320666,622.4328167425715,9.3221914657355,-21.579178889495097,30.901370355230597,0.9660869565217389,414.11,164.785,11,1
2024-11-06,2024,1353.232503486429,1353.2325047871348,1292.4699245354882,-1.3007056622882374e-06,-60.76258025164657,60.762578950940906,1353.232503486429,1292.4699263604748,1165.1869289404058,60.762577125954294,-127.28299742006902,188.04557454602332,0.9284627312332695,724.64,231.09124999999997,11,2
2024-11-07,2024,435.4849751097977,433.6566533601633,433.65665376106887,1.8283217496343696,4.0090554875860107e-07,1.8283213487288208,435.4849751097977,435.2349732736682,435.2349736867132,0.2500018361295133,4.1304502929051523e-07,0.25000142308448403,0.9354207657530506,308.52,159.62208333333334,11,3
2024-11-08,2024,6.186023078684409,-20.904413690311696,-20.904413797269,27.090436768996106,-1.0695730523480051e-07,27.090436875953408,6.186023078684409,-16.460193731062496,-16.46019363038929,22.646216809746903,1.0067320488360565e-07,22.6462167090737,0.8895652173913042,35.459999999999994,113.38916666666667,11,4
2024-11-09,2024,31.21540988899083,0.48185959479051554,0.4818595946953437,30.733550294200313,-9.517187038454722e-11,30.733550294295487,31.21540988899083,30.74962401726325,30.74962399776233,0.46578587172757935,-1.9500919989923204e-08,0.46578589122849934,0.8426086956521738,51.120000000000005,114.47416666666668,11,5
2024-11-10,2024,24.429623761143446,22.34963066592316,22.349630665756592,2.079993095220285,-1.6656898083056149e-10,2.079993095386854,24.429623761143446,3.2525924186026174,3.252592418434027,21.17703134254083,-1.6859047491379897e-10,21.17703134270942,0.9226086956521738,48.400000000000006,114.16916666666667,11,6
2024-11-11,2024,35.35081780700543,17.5840793038318,17.584079363768776,17.766738503173627,5.993697627104666e-08,17.76673844323665,35.35081780700543,35.35081780290035,35.350817802710736,4.105075390725688e-09,-1.8961543446494034e-10,4.294690825190628e-09,0.7730434782608695,55.68000000000001,121.76541666666667,11,0
2024-11-12,2024,289.4152675574934,231.49478939587505,231.4947892769999,57.92047816161835,-1.1887513551300799e-07,57.920478280493484,289.4152675574934,235.49043231166866,235.49043434166967,53.92483524582474,2.0300010135088087e-06,53.924833215823725,0.96,215.2,166.12291666666667,11,1
2024-11-13,2024,143.03387735653448,75.8220101677408,75.82201017314173,67.21186718879368,5.400934810495528e-09,67.21186718339274,143.03387735653448,23.72518503253128,23.725185374782363,119.3086923240032,3.42251084362033e-07,119.3086919817521,0.9165217391304347,120.81,150.09249999999997,11,2
2024-11-14,2024,56.336182779356335,1.4067482455879574,1.406748241676972,54.92943453376838,-3.910985313382298e-09,54.92943453767936,56.336182779356335,20.57038986179696,-14.29384148440274,35.765792917559374,-34.8642313461997,70.63002426375908,0.6321739130434781,64.5,122.01666666666667,11,3
2024-11-15,2024,28.699786738468337,-8.107054413373358,-8.107054269403935,36.806841151841695,1.4396942304983895e-07,36.80684100787227,28.699786738468337,-4.1846162673899645,-4.1846162641599545,32.8844030058583,3.230010037214015e-09,32.88440300262829,0.5956521739130434,59.670000000000016,124.17,11,4
2024-11-16,2024,16.198042229807836,-17.58237415343123,-17.5823741670793,33.780416383239064,-1.3648072894056895e-08,33.780416396887134,16.198042229807836,-8.181481038760113,-9.5141434244368,24.37952326856795,-1.3326623856766862,25.712185654244635,0.677391304347826,53.260000000000005,94.35625,11,5
2024-11-17,2024,68.55796788595063,37.73850111867239,42.60215215170756,30.819466767278243,4.863651033035168,25.955815734243075,68.55796788595063,34.53172591950136,42.60215214178298,34.02624196644927,8.070426222281618,25.95581574416765,0.5925604916373943,68.03,63.48166666666666,11,6
2024-11-18,2024,167.2153000160823,106.27643712697198,116.72036745745497,60.93886288911031,10.443930330482985,50.494932558627326,167.2153000160823,116.72036790891184,112.0539837430982,50.494932107170456,-4.666384165813639,55.161316272984095,0.37894286946855393,119.42999999999999,104.59041666666667,11,0
2024-11-19,2024,55.6312017553114,-8.37866838833645,-8.378668347031276,64.00987014364784,4.1305174391936816e-08,64.00987010234267,55.6312017553114,-5.863631814096507,-5.863631811888027,61.49483356940791,2.208480509580113e-09,61.49483356719943,0.48869565217391303,67.72999999999999,123.9925,11,1
2024-11-20,2024,75.87578063610755,36.626177310783696,36.626177318171095,39.249603325323854,7.38739913686004e-09,39.249603317936455,75.87578063610755,50.29333644254781,50.29333644403269,25.582444193559738,1.4848779983367422e-09,25.58244419207486,0.5852173913043477,61.35000000000001,115.03083333333332,11,2
2024-11-21,2024,113.06798356531691,67.3751581547927,67.37515815910321,45.69282541052421,4.310507506488648e-09,45.6928254062137,113.06798356531691,102.46322227183202,102.46322262888559,10.604761293484884,3.570535653807383e-07,10.604760936431319,0.8704347826086956,98.10999999999999,123.31791666666668,11,3
2024-11-22,2024,47.45480495077177,0.3293951769181689,0.32939518159727577,47.125409773853605,4.679106879734718e-09,47.125409769174496,47.45480495077177,0.32939517555088216,0.32939517479145586,47.12540977522089,-7.594262996235557e-10,47.125409775980316,0.5609915331573385,67.08000000000001,111.30416666666667,11,4
2024-11-23,2024,7.866807886822263,-67.64947186338955,-67.64947252876259,75.51627975021181,-6.653730366679156e-07,75.51628041558484,7.866807886822263,-25.609206475359688,-49.665603150344396,33.47601436218195,-24.056396674984708,57.53241103716666,0.44574908642346667,86.09,76.02125000000001,11,5
2024-11-24,2024,19.051142129835764,0.2847071228474132,-13.136151650239553,18.766435006988353,-13.420858773086966,32.187293780075315,19.051142129835764,7.452423051486969,-1.453542286929565,11.598719078348795,-8.905965338416534,20.50468441676533,0.0748803424886476,16.23,3.9675,11,6
2024-11-25,2024,231.67739765050612,169.09412422686265,5.664716410447899e-09,62.583273423643476,-169.09412422119794,231.67739764484142,231.67739765050612,203.81968252868873,203.81968251870128,27.857715121817392,-9.987445537262829e-09,27.857715131804838,0.8528200132763548,129.86,55.01458333333333,11,0
2024-11-26,2024,119.09091456711435,106.50696160728022,112.66337135158605,12.583952959834136,6.156409744305833,6.427543215528303,119.09091456711435,104.90871130681649,104.90871391063655,14.182203260297868,2.6038200644507015e-06,14.182200656477804,0.9162861708236529,90.36,112.74958333333332,11,1
2024-11-27,2024,60.693720523323634,-69.54139371965475,-69.54139354585672,130.2351142429784,1.7379802841333003e-07,130.23511406918036,60.693720523323634,-67.9799730881846,-67.97997313858615,128.6736936115082,-5.0401553153278655e-08,128.6736936619098,0.05826086956521739,136.06,119.9854166666667,11,2
2024-11-28,2024,188.25483039493943,78.57198714342935,78.5719871477743,109.68284325151008,4.344940407463582e-09,109.68284324716514,188.25483039493943,78.57198723655651,78.57198721506079,109.68284315838292,-2.149572253529186e-08,109.68284317987865,-0.23961731377495624,126.53999999999999,96.07333333333334,11,3
2024-11-29,2024,66.77979113125515,-0.9230427706216524,-0.923042770136254,67.7028339018768,4.853983881503154e-10,67.7028339013914,66.77979113125515,-0.923042762127956,-0.9230427650271498,67.70283389338312,-2.899193773941988e-09,67.7028338962823,0.42183084276171967,78.55,130.24791666666667,11,4
2024-11-30,2024,37.92983783719217,-20.3516418918068,-9.94089454608364,58.28147972899897,10.41074734572316,47.87073238327581,37.92983783719217,-20.351641893548535,-20.351641887236028,58.2814797307407,6.3125078497705545e-09,58.281479724428195,0.2817391304347826,51.739999999999995,104.24041666666666,11,5
2024-12-01,2024,18.804626615177114,8.903061081330224,8.903061081343507,9.90156553384689,1.3283596445035073e-11,9.901565533833606,18.804626615177114,6.145152283089587,4.597254363969977,12.659474332087527,-1.5478979191196096,14.207372251207136,0.728695652173913,39.150000000000006,94.59291666666668,12,6
2024-12-02,2024,136.2260419480975,-18.490148874614064,-18.490148940833826,154.71619082271155,-6.621976211818037e-08,154.71619088893132,136.2260419480975,93.0798986707172,93.07989872585702,43.146143277380304,5.51398215975496e-08,43.14614322224048,0.5756521739130435,101.46000000000001,109.14791666666667,12,0
2024-12-03,2024,138.71166940480268,127.79884043646808,127.7988404082139,10.912828968334594,-2.825417766416649e-08,10.912828996588772,138.71166940480268,127.79884015786084,127.79883993944344,10.91282924694184,-2.1841739794581372e-07,10.912829465359238,0.917391304347826,116.78,144.07208333333332,12,1
2024-12-04,2024,247.09595216013233,223.29953126102797,223.29953122290098,23.796420899104362,-3.8126984236441785e-08,23.796420937231346,247.09595216013233,222.55459051852816,222.55459117956624,24.54136164160417,6.610380864913168e-07,24.541360980566083,0.8365217391304347,177.57,182.46916666666667,12,2
2024-12-05,2024,10.072977879276419,-40.929512854319405,-47.871616936255734,51.00249073359582,-6.942104081936328,57.944594815532156,10.072977879276419,-40.878954397961905,-40.15657170738693,50.95193227723833,0.7223826905749746,50.22954958666335,0.30832790465779303,100.39999999999999,106.20083333333332,12,3
2024-12-06,2024,236.55075590038263,154.55294605645327,154.55294605277112,81.99780984392936,-3.6821461435465608e-09,81.9978098476115,236.55075590038263,158.9916769892451,158.99167692620506,77.55907891113753,-6.304003363766242e-08,77.55907897417757,-0.1465536020728861,148.76,86.37458333333332,12,4
2024-12-07,2024,64.35613491514962,14.251468800907785,14.251469405076158,50.10466611424184,6.041683722202151e-07,50.10466551007347,64.35613491514962,14.25146942012338,14.251469538847244,50.104665495026246,1.1872386451727834e-07,50.10466537630238,0.6343268699025851,56.99,71.50833333333334,12,5
2024-12-08,2024,12.896089416716519,-19.929543742982524,-19.92954371209052,32.825633159699045,3.0892003621829645e-08,32.82563312880704,12.896089416716519,-19.929543745832568,-19.92954374745137,32.82563316254909,-1.6188010931728058e-09,32.82563316416789,0.16579636034554285,46.36999999999999,99.06833333333333,12,6
2024-12-09,2024,135.48306630767522,119.16664661462627,119.16664660743321,16.316419693048942,-7.193065698629653e-09,16.316419700242008,135.48306630767522,113.136793587116,113.13679359017121,22.346272720559213,3.055205866075994e-09,22.346272717504007,0.8223527048066103,95.41,99.59125,12,0
2024-12-10,2024,149.3428201859494,122.44510049132165,122.44510041793704,26.89771969462774,-7.338461216477299e-08,26.89771976801235,149.3428201859494,134.4199065873055,134.41990679259018,14.922913598643902,2.0528469235614466e-07,14.92291339335921,0.8043478260869565,118.67999999999999,149.92875,12,1
2024-12-11,2024,511.1977221998351,511.11814880572973,511.1181498224422,0.07957339410535269,1.01671247421109e-06,0.07957237739287848,511.1977221998351,511.1181499845896,511.1181497311051,0.0795722152454914,-2.534844725232688e-07,0.07957246872996393,0.9530434782608694,338.90999999999997,266.54416666666674,12,2
2024-12-12,2024,1456.564442575747,1255.55400940377,1255.5540088481112,201.01043317197718,-5.556587439059513e-07,201.01043372763593,1456.564442575747,1256.0263706204416,1256.0263707888712,200.53807195530544,1.6842955119500402e-07,200.5380717868759,0.8617391304347826,828.93,395.33875000000006,12,3
2024-12-13,2024,261.4001683190163,250.90017932969556,-0.7338818720893627,10.499988989320741,-251.63406120178493,262.13405019110564,261.4001683190163,250.90017980817888,133.99565146603888,10.499988510837426,-116.90452834214,127.40451685297742,0.9704347826086955,169.26,178.46625000000003,12,4
2024-12-14,2024,3.025866627165425,-66.41685915484949,-66.41685949619028,69.44272578201492,-3.41340793852396e-07,69.44272612335571,3.025866627165425,-54.20423016058701,-63.625026649217006,57.23009678775244,-9.420796488629996,66.65089327638243,0.34956521739130436,51.17,101.22666666666667,12,5
2024-12-15,2024,6.045669351515552,-0.00744782166977398,-22.090864520696776,6.053117173185326,-22.083416699027,28.13653387221233,6.045669351515552,-3.6032228122681824e-09,-24.90128224715079,6.045669355118775,-24.901282243547566,30.94695159866634,0.7678260869565217,71.28999999999999,46.848333333333336,12,6
2024-12-16,2024,134.05700137746433,48.05772768041249,48.05772767934918,85.99927369705185,-1.0633129932102747e-09,85.99927369811516,134.05700137746433,120.60198731738687,120.60198725530611,13.45501406007746,-6.208075831182214e-08,13.455014122158218,-0.10008707010791881,85.23,48.67083333333333,12,0
2024-12-17,2024,157.23206450875773,119.6953037470847,119.76670951368375,37.53676076167304,0.07140576659905662,37.46535499507398,157.23206450875773,149.0896478111933,149.08964785532385,8.142416697564443,4.4130558762844885e-08,8.142416653433884,0.8137513960948183,106.39,86.30083333333334,12,1
2024-12-18,2024,44.28737020261127,-13.904856986997178,-13.904856988272005,58.192227189608445,-1.2748273547913413e-09,58.19222719088327,44.28737020261127,-26.563658128574552,-66.63481144735877,70.85102833118583,-40.07115331878422,110.92218164997004,0.5236086002216023,56.14,54.97208333333333,12,2
2024-12-19,2024,143.39956608287213,104.86242697880029,104.86242639538605,38.53713910407184,-5.834142342564519e-07,38.537139687486075,143.39956608287213,79.64451958425046,27.375831151393953,63.75504649862167,-52.26868843285651,116.02373493147817,0.35783369495677625,92.27,52.03208333333333,12,3
2024-12-20,2024,141.05077460644108,113.55153872852586,113.55153860540324,27.499235877915226,-1.2312261787883472e-07,27.499236001037843,141.05077460644108,122.29677082443942,122.2967708276952,18.75400378200166,3.255777869526355e-09,18.754003778745883,0.6562230509684416,93.58,76.37333333333333,12,4
2024-12-21,2024,4.3428723859434015,-7.283024720414227,-46.861894119612955,11.625897106357629,-39.57886939919873,51.20476650555636,4.3428723859434015,-2.25685015543755,-19.069159496942554,6.5997225413809515,-16.812309341505003,23.412031882885955,0.5173913043478261,30.43,22.135833333333334,12,5
2024-12-22,2024,102.84644697404791,30.271306639510723,30.27130663952081,72.57514033453718,1.0086154134114622e-11,72.5751403345271,102.84644697404791,6.394012957770176e-11,2.3115200570017583e-09,102.84644697398397,2.2475799274240567e-09,102.84644697173638,0.1613394254274206,67.53,22.934583333333336,12,6
2024-12-23,2024,152.82205197494173,139.87752584918775,139.87752586195109,12.944526125753981,1.2763337053911528e-08,12.944526112990644,152.82205197494173,140.39898395248457,140.39898395015618,12.423068022457159,-2.3283917016669875e-09,12.42306802478555,0.9067188733589542,99.17,59.09875,12,0
2024-12-24,2024,26.586870323982026,-14.368597999684251,-14.368598060296588,40.95546832366628,-6.06123364832456e-08,40.95546838427862,26.586870323982026,-2.725824212840039,-2.7258237200090365,29.312694536822065,4.928310026741656e-07,29.312694043991062,0.48260869565217385,42.95,102.48625,12,1
2024-12-25,2024,25.288245401132624,4.803985107499628,4.803985108236606,20.484260293632996,7.369784782440547e-10,20.484260292896018,25.288245401132624,-14.219228649029056,-12.32460025050245,39.507474050161676,1.8946283985266064,37.61284565163507,0.581122282029529,44.540000000000006,98.625,12,2
2024-12-26,2024,30.013960018293304,27.541497571707037,27.49078805621955,2.472462446586267,-0.05070951548748681,2.5231719620737536,30.013960018293304,29.931000838103525,29.93100080836643,0.08295918018977844,-2.9737094564552535e-08,0.082959209926873,0.9173554586828419,48.41000000000001,112.89208333333333,12,3
2024-12-27,2024,39.69363084813066,39.69363063827032,39.69363084977488,2.098603388844822e-07,2.1150455609131313e-07,-1.6442172068309446e-09,39.69363084813066,38.74383215745916,38.74383214928292,0.9497986906714999,-8.176236576673546e-09,0.9497986988477365,0.957164623627366,58.82000000000001,121.70625,12,4
2024-12-28,2024,20.437407588961975,18.735098284399463,18.735098283063117,1.7023093045625117,-1.3363461448534508e-09,1.7023093058988579,20.437407588961975,18.735098291599733,10.022794406975514,1.7023092973622411,-8.71230388462422,10.41461318198646,0.8949771901068239,49.06999999999999,122.63833333333332,12,5
2024-12-29,2024,-5.3669634156895446e-11,-10.98693531902393,-10.986935317879137,10.98693531897026,1.1447927050767248e-09,10.986935317825468,-5.3669634156895446e-11,-10.98693531616526,-10.986935313492882,10.986935316111591,2.672377874546328e-09,10.986935313439213,0.6808695652173912,55.760000000000005,105.28041666666667,12,6
2024-12-30,2024,28.011164804379145,1.9636273400122978e-10,8.398385753449848,28.011164804182783,8.398385753253486,19.612779050929298,28.011164804379145,7.776127887009391,21.62635952622926,20.235036917369754,13.850231639219867,6.384805278149887,0.6588388935917581,74.31,78.15583333333333,12,0
2024-12-31,2024,28.105326117109442,-0.13492520760699378,-0.1526026383054031,28.240251324716436,-0.017677430698409324,28.257928755414845,28.105326117109442,4.0597664298260865,-1.368998043566524,24.045559687283355,-5.428764473392611,29.474324160675966,0.8280061078539322,83.15,62.1025,12,1
2025-01-01,2025,7.820245032758953,-11.826768304519332,-30.548989321620425,19.647013337278285,-18.72222101710109,38.36923435437938,7.820245032758953,-5.245143710477084,-26.533859851569645,13.065388743236037,-21.28871614109256,34.3541048843286,-0.56017620730894,11.06,0.9545833333333335,1,2
2025-01-02,2025,247.22300906218,-98.61404619953264,6.555055834024935e-10,345.83705526171264,98.61404620018814,247.2230090615245,247.22300906218,4.317633837839005e-09,3.5890740929938463e-10,247.22300905786238,-3.95872642853962e-09,247.2230090618211,-0.05479031761628912,151.38,92.90958333333333,1,3
2025-01-03,2025,35.50959536220575,-12.66213625186256,-12.662136251514983,48.17173161406831,3.475761900517682e-10,48.17173161372074,35.50959536220575,-0.5755180165746525,-0.5755179800107753,36.085113378780406,3.6563877259254696e-08,36.08511334221652,0.3417391304347826,46.72,89.94083333333333,1,4
2025-01-04,2025,47.531603403849495,-31.232958305674252,-31.232957875772634,78.76456170952375,4.299016183040294e-07,78.76456127962213,47.531603403849495,-33.447406699451264,-7.550029211183154e-10,80.97901010330077,33.44740669869626,47.531603404604496,0.21739130434782608,61.040000000000006,120.79333333333334,1,5
2025-01-05,2025,-2.821325274846295e-10,-109.50261708177122,-109.50261714125948,109.50261708148909,-5.948825787527312e-08,109.50261714097735,-2.821325274846295e-10,-100.75531219066492,-100.75531220505839,100.7553121903828,-1.439346419829235e-08,100.75531220477626,-0.54,85.7,72.2375,1,6
2025-01-06,2025,40.87479272282564,-2.2345944749800964e-10,-17.53043726091192,40.8747927230491,-17.530437260688462,58.405229983737556,40.87479272282564,-1.3678374887357747e-10,-11.020197270473368,40.874792722962425,-11.020197270336585,51.894989993299006,-0.020869565217391303,32.17,25.163750000000004,1,0
2025-01-07,2025,149.3507251603052,104.93546370209285,124.30920404667535,44.41526145821234,19.3737403445825,25.04152111362984,149.3507251603052,121.17748229890672,111.49569399351482,28.173242861398464,-9.681788305391905,37.85503116679037,0.6931941890331764,96.1,58.290416666666665,1,1
2025-01-08,2025,127.00226536541874,121.23125008358102,115.01001583124834,5.77101528183772,-6.221234252332678,11.992249534170398,127.00226536541874,115.01001581358416,115.01001586016757,11.992249551834576,4.658340913010761e-08,11.992249505251166,0.9115025220913036,98.45000000000002,104.52749999999999,1,2
2025-01-09,2025,55.25502211802723,0.3038041857592191,4.20908553338273,54.95121793226801,3.905281347623511,51.045936584644494,55.25502211802723,6.587810152870741,6.587810169471233,48.66721196515648,1.6600491647977833e-08,48.667211948555995,0.44434782608695644,76.69,121.53125,1,3
2025-01-10,2025,85.34133716580389,76.07883342597674,76.07883341032007,9.262503739827153,-1.5656667073926656e-08,9.26250375548382,85.34133716580389,76.0788334376335,70.60878972931971,9.262503728170387,-5.470043708313796,14.732547436484182,0.6643478260869564,75.07000000000001,112.42750000000001,1,4
2025-01-11,2025,6.528812633283266,-8.517667169024643,-11.355113639431329,15.046479802307909,-2.837446470406686,17.883926272714596,6.528812633283266,-2.5082506989027635,-2.5082507024828384,9.03706333218603,-3.580074903197783e-09,9.037063335766105,0.7965217391304347,34.21000000000001,101.89041666666667,1,5
2025-01-12,2025,57.445405676195925,51.81257674798216,51.8125767613934,5.632828928213762,1.3411238342087017e-08,5.6328289148025235,57.445405676195925,1.4356466129725505e-10,6.733354848307717e-11,57.44540567605236,-7.623111281417788e-11,57.445405676128594,0.7747826086956522,63.08,110.06541666666665,1,6
2025-01-13,2025,141.5513441497989,-2.227740592910841,-2.227741245198388,143.77908474270973,-6.522875466430378e-07,143.77908539499728,141.5513441497989,10.650633964063598,13.217094767789085,130.9007101857353,2.5664608037254872,128.3342493820098,0.5540334986375576,123.09,129.20166666666668,1,0
2025-01-14,2025,117.26991181746845,113.6308896663682,113.63038253055227,3.6390221511002494,-0.0005071358159369765,3.6395292869161864,117.26991181746845,66.85364683296208,66.85364681364251,50.41626498450637,-1.9319571720188833e-08,50.41626500382594,0.8580126317204876,86.04,126.8175,1,1
2025-01-15,2025,365.8645863176518,103.0928043478651,266.8684755212291,262.77178196978673,163.77567117336397,98.99611079642273,365.8645863176518,263.8995568838571,1.9524134084934716e-07,101.96502943379471,-263.89955668861575,365.86458612241046,0.6208695652173912,270.27,222.18125,1,2
2025-01-16,2025,89.19654344165227,52.47068559932401,52.47068283715401,36.72585784232826,-2.76216999850476e-06,36.72586060449826,89.19654344165227,53.94532406229354,53.94532390373652,35.25121937935873,-1.5855701462896832e-07,35.251219537915745,0.7799999999999999,84.62,148.10458333333335,1,3
2025-01-17,2025,94.46479218651493,94.18075533367173,94.18075533460573,0.2840368528432009,9.340084261566517e-10,0.2840368519091925,94.46479218651493,75.45005175885517,73.17648375546712,19.01474042765976,-2.27356800338805,21.28830843104781,0.9799999999999999,93.41,146.31833333333336,1,4
2025-01-18,2025,25.508871187300237,3.004270252091068,3.0042697582844333,22.50460093520917,-4.938066346937831e-07,22.504601429015803,25.508871187300237,0.8224246502378794,0.8224246414116401,24.68644653706236,-8.826239294990046e-09,24.686446545888597,0.8286956521739129,52.83999999999999,134.14916666666667,1,5
2025-01-19,2025,20.906674130829575,11.875517318705315,11.87551718444557,9.03115681212426,-1.342597446551963e-07,9.031156946384005,20.906674130829575,12.226654846794956,0.7534897915682688,8.68001928403462,-11.473165055226687,20.15318433926131,0.9078260869565216,51.52999999999999,128.72416666666666,1,6
2025-01-20,2025,886.5543933631851,278.4120142896852,4.19860070338285e-09,608.1423790734999,-278.4120142854866,886.5543933589865,886.5543933631851,195.8012100654463,7.386289294018466e-11,690.7531832977388,-195.80121006537243,886.5543933631112,0.5339130434782609,468.99,231.35791666666668,1,0
2025-01-21,2025,288.4162376727314,286.47769910290634,286.477700001518,1.9385385698250843,8.986116313280945e-07,1.938537671213453,288.4162376727314,286.47770025441764,286.47769730542774,1.9385374183137856,-2.948989902051835e-06,1.9385403673036876,0.9826086956521738,187.60999999999996,168.45625000000004,1,1
2025-01-22,2025,109.82409229051864,61.16387452809306,61.16387452781649,48.660217762425575,-2.765716544672614e-10,48.660217762702146,109.82409229051864,73.39798781453746,73.39798781622939,36.42610447598118,1.6919301515372354e-09,36.42610447428925,0.8713043478260868,123.91999999999999,161.44875,1,2
2025-01-23,2025,44.98367771062872,-0.4640822990247049,6.2680378761687585,45.44776000965342,6.732120175193463,38.715639834459964,44.98367771062872,-0.46408218280471836,-0.46408227234616817,45.447759893433435,-8.954144981032641e-08,45.44775998297489,0.4535768752582202,100.80000000000001,103.93583333333333,1,3
2025-01-24,2025,89.91978027446247,57.444922986558545,47.09592416891827,32.47485728790392,-10.348998817640272,42.823856105544195,89.91978027446247,70.9261518592556,70.92615182746512,18.99362841520687,-3.1790477805770934e-08,18.99362844699735,0.28099173553719003,75.63,78.89958333333334,1,4
2025-01-25,2025,112.3857295251604,-9.875290586754911,-9.875290591879006,122.26102011191531,-5.124094926145517e-09,122.26102011703941,112.3857295251604,-9.875290609502326,-9.875290605791674,122.26102013466273,3.7106513417484166e-09,122.26102013095208,0.5454545454545454,91.96000000000001,99.32541666666667,1,5
2025-01-26,2025,13.732644411431352,-85.20986780158125,-85.20986780049834,98.9425122130126,1.0829097618625383e-09,98.9425122119297,13.732644411431352,-85.20986778113178,-85.20986778788492,98.94251219256313,-6.753140269211144e-09,98.94251219931627,-0.20830615843594197,108.88000000000001,101.46083333333333,1,6
2025-01-27,2025,192.11151906892712,75.71133588705662,63.95369198411019,116.4001831818705,-11.757643902946427,128.15782708481692,192.11151906892712,174.22309775555672,174.5590944186541,17.8884213133704,0.33599666309737586,17.552424650273025,0.1060869565217391,108.57000000000001,60.173333333333325,1,0
2025-01-28,2025,105.93932086238878,54.83590133686843,69.61083621226587,51.10341952552035,14.774934875397435,36.32848465012292,105.93932086238878,71.72054021826533,71.7205403849477,34.218780644123456,1.6668236924033408e-07,34.218780477441086,0.6579691392767855,92.27,106.37416666666668,1,1
2025-01-29,2025,127.59246427167695,72.85460390091235,72.85460389297347,54.737860370764594,-7.938879775792884e-09,54.73786037870347,127.59246427167695,71.84292450621395,71.84292451294984,55.749539765463,6.735888291586889e-09,55.74953975872711,0.7349423961518622,74.45,108.13499999999999,1,2
2025-01-30,2025,104.86402482170976,100.59580169448112,100.59580169084967,4.268223127228637,-3.6314560247774352e-09,4.268223130860093,104.86402482170976,101.34342762160425,103.60456879169273,3.520597200105513,2.2611411700884787,1.2594560300170343,0.9075886276739268,87.95000000000002,131.53166666666667,1,3
2025-01-31,2025,65.31549596172508,54.42890044044731,54.41153737855198,10.88659552127777,-0.0173630618953311,10.9039585831731,65.31549596172508,59.6627525334046,59.66275251578199,5.652743428320477,-1.7622610926082416e-08,5.652743445943088,0.9267232226033243,72.13999999999999,141.0175,1,4
2025-02-01,2025,44.50132780982838,17.46142606265965,18.53263835241639,27.03990174716873,1.0712122897567404,25.96868945741199,44.50132780982838,12.060489286153041,12.060489176247568,32.44083852367534,-1.0990547316680477e-07,32.44083863358081,0.8626086956521738,64.87,135.44625,2,5
2025-02-02,2025,37.824336137617976,23.576399334039255,23.57639937300177,14.247936803578721,3.8962514992135766e-08,14.247936764616206,37.824336137617976,21.02773328399174,12.96395957301598,16.796602853626236,-8.06377371097576,24.860376564601996,0.954782608695652,62.06999999999999,137.12791666666666,2,6
2025-02-03,2025,207.5614475016326,73.76237458267046,73.76237458783461,133.79907291896217,5.164153549230832e-09,133.799072913798,207.5614475016326,77.30735365784638,38.314328506122955,130.25409384378622,-38.99302515172342,169.24711899550965,0.8539130434782608,127.93999999999998,154.50791666666666,2,0
2025-02-04,2025,103.97383109968939,92.35260508260744,92.35260507939367,11.621226017081952,-3.213770582988218e-09,11.621226020295722,103.97383109968939,102.49422411278556,102.49422408403136,1.479606986903832,-2.875420079817559e-08,1.4796070156580328,0.9452173913043478,98.82000000000001,142.41625,2,1
2025-02-05,2025,111.1747378931724,93.2529972011913,93.2529971888108,17.9217406919811,-1.2380510838738701e-08,17.92174070436161,111.1747378931724,75.9641920292516,44.41327834453767,35.2105458639208,-31.550913684713933,66.76145954863473,0.7999999999999999,81.72,141.76916666666668,2,2
2025-02-06,2025,63.06667411760645,18.312030798339535,18.312030779682306,44.75464331926692,-1.865722865090902e-08,44.75464333792415,63.06667411760645,27.503457945050464,3.124095842576967,35.56321617255599,-24.379362102473497,59.94257827502949,0.7321739130434782,97.46999999999998,150.08875,2,3
2025-02-07,2025,39.71076728363127,25.35192159851185,25.35192160549702,14.35884568511942,6.985167999573605e-09,14.358845678134252,39.71076728363127,23.545316002123492,25.351921602783676,16.165451281507778,1.806605600660184,14.358845680847594,0.8391304347826085,65.49000000000001,121.17666666666666,2,4
2025-02-08,2025,117.49540031625156,22.251815698479845,58.46373511062528,95.24358461777172,36.211919412145434,59.03166520562628,117.49540031625156,-6.971641534544756,-6.971641497236707,124.46704185079632,3.73080490945199e-08,124.46704181348827,0.21913043478260866,93.39,108.80916666666666,2,5
2025-02-09,2025,50.61488015100079,6.5941179463744515,38.112764693524035,44.02076220462634,31.51864674714958,12.502115457476755,50.61488015100079,41.37357085809539,41.373570887173486,9.241309292905399,2.9078094598844473e-08,9.241309263827304,0.8240922134365554,66.4,128.41958333333332,2,6
2025-02-10,2025,55.5092588031525,-26.266380519209232,-26.266380520084734,81.77563932236173,-8.75502337294165e-10,81.77563932323723,55.5092588031525,-21.360526056792946,-26.266380512630995,76.86978485994544,-4.90585445583805,81.7756393157835,0.020874103559342827,93.98000000000002,121.83541666666666,2,0
2025-02-11,2025,161.35027834969358,80.93075661446525,80.93075676802925,80.41952173522833,1.5356400240307266e-07,80.41952158166433,161.35027834969358,70.7310943007097,70.73109429910323,90.61918404898388,-1.6064660712800105e-09,90.61918405059035,0.24570559397976455,97.09,120.01291666666667,2,1
2025-02-12,2025,48.58366956166487,12.243387694509483,12.243387508697573,36.34028186715538,-1.8581190985855756e-07,36.3402820529673,48.58366956166487,40.88739532019282,47.52441876482705,7.696274241472047,6.637023444634224,1.0592507968378229,0.9067188733589542,70.53999999999999,154.32458333333332,2,2
2025-02-13,2025,70.14564679461854,31.20960423704097,35.17468225979394,38.93604255757757,3.9650780227529694,34.9709645348246,70.14564679461854,35.174682257310785,3.237416606647364e-10,34.97096453730776,-35.17468225698704,70.1456467942948,0.8749728408624536,85.77000000000001,172.12333333333333,2,3
2025-02-14,2025,306.19300218962115,121.85844432953546,121.85844424170887,184.33455786008568,-8.782659222106304e-08,184.3345579479123,306.19300218962115,121.85844396593265,121.85844395980494,184.3345582236885,-6.127706342340389e-09,184.3345582298162,0.9145466621937078,171.26000000000002,179.14416666666668,2,4
2025-02-15,2025,39.165073475609766,25.724119468448094,25.724119614838706,13.440954007161672,1.463906116327962e-07,13.44095386077106,39.165073475609766,26.30205886458619,25.724119686990278,12.863014611023576,-0.577939177595912,13.440953788619488,0.7434782608695651,64.68999999999998,133.6575,2,5
2025-02-16,2025,14.760692716629869,9.471071553707697,9.471071578837531,5.289621162922172,2.51298342135442e-08,5.289621137792338,14.760692716629869,11.590287273067386,11.590287273304934,3.1704054435624833,2.375486474193167e-10,3.1704054433249347,0.7826086956521738,51.209999999999994,132.65041666666667,2,6
2025-02-17,2025,262.10798582306353,152.4120077454656,115.96259595008726,109.69597807759794,-36.449411795378325,146.14538987297627,262.10798582306353,2.0285925672708954e-09,4.316371531375351e-09,262.10798582103496,2.2877789641044554e-09,262.1079858187472,0.7078260869565216,164.22,153.415,2,0
2025-02-18,2025,155.08792601132063,139.64051385819593,139.64051391705468,15.447412153124702,5.88587454330991e-08,15.447412094265957,155.08792601132063,139.64051393245728,139.64051393713314,15.447412078863351,4.675854370361776e-09,15.447412074187497,0.868695652173913,105.27000000000001,132.45458333333335,2,1
2025-02-19,2025,111.06557167281485,98.95109018739016,98.95109022199495,12.11448148542469,3.460478126271482e-08,12.114481450819909,111.06557167281485,98.95109024819958,98.95109026166328,12.114481424615278,1.3463704817695543e-08,12.114481411151573,0.9556521739130434,84.85000000000001,110.82958333333333,2,2
2025-02-20,2025,26.64554470244922,22.424829023673276,22.424829018620365,4.220715678775946,-5.052910978520231e-09,4.220715683828857,26.64554470244922,21.147672887913263,20.975666657171672,5.497871814535959,-0.17200623074159083,5.6698780452775495,0.7895652173913044,45.8,94.94916666666667,2,3
2025-02-21,2025,82.51654815288198,7.005562657284054,6.26589367822611,75.51098549559792,-0.739668979057944,76.25065447465587,82.51654815288198,32.40641682848438,7.2261882338290135,50.1101313243976,-25.180228594655368,75.29035991905297,0.510980660046413,88.17,90.79833333333333,2,4
2025-02-22,2025,102.2596425027418,16.507991886046106,58.55412625571614,85.75165061669568,42.046134369670035,43.705516247025656,102.2596425027418,-6.212614259571016,-6.212613993124457,108.47225676231281,2.6644655903851344e-07,108.47225649586625,0.05522939900076124,74.78,70.3225,2,5
2025-02-23,2025,106.69992503625971,40.49937709796778,46.39048866067586,66.20054793829193,5.891111562708076,60.30943637558386,106.69992503625971,49.16760721065463,49.1676072105659,57.532317825605084,-8.873257684172131e-11,57.532317825693816,0.28521739130434776,89.94,91.04208333333332,2,6
2025-02-24,2025,148.01850057193428,56.69928542178849,56.699285421971524,91.3192151501458,1.830358087318018e-10,91.31921514996276,148.01850057193428,23.68024741453894,23.680247417991755,124.33825315739534,3.4528149228663096e-09,124.33825315394253,0.2573913043478261,111.61000000000001,91.04875,2,0
2025-02-25,2025,182.26773217932555,134.74200218375205,142.9621560455798,47.5257299955735,8.220153861827754,39.305576133745745,182.26773217932555,142.96215591632435,142.96215582180392,39.3055762630012,-9.452043059354764e-08,39.30557635752163,0.8078260869565217,143.14000000000001,139.75625,2,1
2025-02-26,2025,44.220149481229754,32.354539227949665,32.3545392611329,11.865610253280089,3.318323393841638e-08,11.865610220096855,44.220149481229754,16.85207136446682,16.85207134603528,27.368078116762934,-1.843153896174954e-08,27.368078135194473,0.88,62.730000000000004,135.69500000000002,2,2
2025-02-27,2025,90.98035474048217,80.2493277188955,80.24932776580475,10.73102702158667,4.690924981787248e-08,10.73102697467742,90.98035474048217,24.96097224076392,24.960972241347097,66.01938249971825,5.831779503751022e-10,66.01938249913508,0.8493150885707613,75.11000000000001,126.03208333333332,2,3
2025-02-28,2025,50.10496633436245,47.27621262337837,47.27515790123667,2.8287537109840812,-0.0010547221417027686,2.829808433125784,50.10496633436245,39.731640917721116,39.73164091462659,10.373325416641336,-3.094527301072958e-09,10.373325419735863,0.9402044144853999,54.889999999999986,128.77291666666667,2,4
2025-03-01,2025,41.498538131770786,15.117528352429467,15.117528351669634,26.38100977934132,-7.598330853397783e-10,26.381009780101152,41.498538131770786,11.635877357272157,8.399495764755912,29.86266077449863,-3.2363815925162456,33.099042367014874,0.8504347826086956,61.280000000000015,123.64708333333333,3,5
2025-03-02,2025,227.37578003270704,226.9426141338085,209.8159286672113,0.43316589889855095,-17.126685466597195,17.559851365495746,227.37578003270704,123.93834421592186,226.94261427358938,103.43743581678518,103.00427005766753,0.43316575911765653,0.7773913043478261,143.26,91.11833333333334,3,6
2025-03-03,2025,334.06351171948427,235.82862788500475,235.82862787097443,98.23488383447952,-1.4030320016900077e-08,98.23488384850984,334.06351171948427,235.8286277306252,235.8286277414617,98.23488398885908,1.0836515684786718e-08,98.23488397802257,0.863478260869565,183.94,106.4491666666667,3,0
2025-03-04,2025,279.99479797511106,276.2234400057697,276.2234400097255,3.771357969341352,3.9557903619424906e-09,3.771357965385562,279.99479797511106,271.90534080248386,271.90534059177435,8.089457172627192,-2.1070951561341644e-07,8.089457383336708,0.9686956521739128,166.57999999999998,107.76625000000001,3,1
2025-03-05,2025,284.011348637724,257.98315050521495,257.98315434264686,26.028198132509033,3.837431904685218e-06,26.028194295077128,284.011348637724,276.88125916475866,260.7423491783259,7.130089472965324,-16.138909986432736,23.26899945939806,0.9243478260869564,150.51,78.55375,3,2
2025-03-06,2025,316.03435358436207,302.09435086576,302.0943392365603,13.940002718602045,-1.1629199718754535e-05,13.940014347801764,316.03435358436207,290.0040943344241,290.0040943773355,26.030259249937956,4.2911381115118274e-08,26.030259207026575,0.9339130434782608,165.34,89.81916666666666,3,3
2025-03-07,2025,342.16401749617637,342.1640133966599,342.16401542356664,4.099516445421614e-06,2.026906713581411e-06,2.0726097318402026e-06,342.16401749617637,342.164017648343,342.16401701666024,-1.5216664905892685e-07,-6.316827807495429e-07,4.79516131690616e-07,0.9884757789663802,208.55999999999997,103.99291666666666,3,4
2025-03-08,2025,266.1357647160346,205.32496248588456,205.32496246349373,60.810802230150045,-2.239082164123829e-08,60.81080225254087,266.1357647160346,233.75984236091935,233.7598423273746,32.37592235511525,-3.354475097694376e-08,32.37592238866,0.7749510946406025,174.39000000000001,90.68583333333333,3,5
2025-03-09,2025,227.62369329894565,218.8947568210172,218.89475609387694,8.728936477928443,-7.271402751030109e-07,8.728937205068718,227.62369329894565,216.9426227160949,216.94262271657846,10.681070582850765,4.835669642488938e-10,10.681070582367198,0.7652173913043477,138.95999999999998,77.20916666666666,3,6
2025-03-10,2025,160.23645116113434,109.27784109004165,109.27784121680475,50.95861007109269,1.267630977963563e-07,50.958609944329595,160.23645116113434,109.27784121123912,109.27784118056655,50.95860994989522,-3.067256670874485e-08,50.958609980567786,0.7260869565217389,98.89999999999999,112.8575,3,0
2025-03-11,2025,141.93465412393476,137.43748870175722,137.43748868827214,4.497165422177545,-1.3485077943187207e-08,4.497165435662623,141.93465412393476,137.43748859587933,126.6491503350363,4.497165528055433,-10.788338260843034,15.285503788898467,0.9565217391304346,108.58000000000001,125.29750000000001,3,1
2025-03-12,2025,145.4624847614203,142.45144856949645,142.45144856955648,3.011036191923864,6.002665031701326e-11,3.0110361918638375,145.4624847614203,101.11014985627766,101.11014981739622,44.352334905142655,-3.888143851327186e-08,44.35233494402409,0.9756521739130434,102.37,124.87083333333332,3,2
2025-03-13,2025,97.22086649100332,90.31910561589257,90.3191056129572,6.901760875110753,-2.9353657282626955e-09,6.901760878046119,97.22086649100332,43.059654423735275,43.05965426488719,54.161212067268046,-1.5884808135524509e-07,54.16121222611613,0.8704347826086956,76.76,125.14083333333333,3,3
2025-03-14,2025,54.17992847529568,51.984940192638405,51.98494014594411,2.1949882826572775,-4.669429642945033e-08,2.194988329351574,54.17992847529568,40.36512182259194,24.90017966023453,13.814806652703744,-15.464942162357406,29.27974881506115,0.8469565217391304,51.500000000000014,121.23458333333333,3,4
2025-03-15,2025,103.72143323380573,68.43298555949927,68.43298557844479,35.288447674306454,1.8945513602375286e-08,35.28844765536094,103.72143323380573,49.98713486566198,68.43298551291949,53.73429836814375,18.445850647257508,35.28844772088624,0.6043478260869565,84.96000000000001,92.91916666666668,3,5
2025-03-16,2025,221.2183351071736,219.95567786317173,219.95567807298795,1.262657244001872,2.0981622128601884e-07,1.2626570341856507,221.2183351071736,219.95567813437023,219.95567815237692,1.26265697280337,1.800668769647018e-08,1.2626569547966824,0.9695652173913042,139.81,72.03208333333333,3,6
2025-03-17,2025,287.99144276750513,219.06771530597385,219.06771483142168,68.92372746153129,-4.7455216645175824e-07,68.92372793608345,287.99144276750513,219.06771541171713,219.06771540315967,68.923727355788,-8.557464070690912e-09,68.92372736434547,0.8026086956521737,149.38000000000002,99.11083333333333,3,0
2025-03-18,2025,313.0576185753207,281.68589491246047,281.6858946877619,31.371723662860234,-2.2469856730822357e-07,31.3717238875588,313.0576185753207,281.68592207859365,281.685974740496,31.371696496727054,5.2661902373074554e-05,31.37164383482468,0.9495652173913043,172.37,90.14458333333334,3,1
2025-03-19,2025,425.11456969721326,423.07667035447787,423.07667036343,2.037899342735386,8.952156349550933e-09,2.03789933378323,425.11456969721326,422.26601674713913,393.0044387825359,2.8485529500741222,-29.261577964603248,32.11013091467737,0.9878260869565217,248.74,104.3875,3,2
2025-03-20,2025,464.360873994585,464.35579553813164,464.35579549759416,0.0050784564533614684,-4.053748625665321e-08,0.005078496990847725,464.360873994585,457.99496100984027,457.99496101614614,6.365912984744739,6.305867827904876e-09,6.365912978438871,0.9852173913043477,279.64,108.29916666666668,3,3
2025-03-21,2025,197.17071825874967,180.25794177814225,171.62480536177972,16.91277648060742,-8.633136416362532,25.545912896969952,197.17071825874967,166.11979207223067,180.25794308454127,31.050926186519007,14.138151012310601,16.912775174208406,0.5608695652173912,156.0,73.52374999999999,3,4
2025-03-22,2025,118.32949750398802,101.92211784890753,70.77270040920139,16.40737965508049,-31.14941743970614,47.55679709478663,118.32949750398802,105.91189046389714,82.50752080466495,12.417607040090886,-23.404369659232188,35.82197669932307,0.497391304347826,75.21000000000001,14.96125,3,5
2025-03-23,2025,218.3980831143526,211.4862368884654,211.4862369252596,6.911846225887189,3.679417659441242e-08,6.911846189093012,218.3980831143526,211.48623691997236,211.48623691702863,6.911846194380246,-2.9437217108352343e-09,6.9118461973239675,0.8252173913043478,137.5,54.96416666666667,3,6
2025-03-24,2025,169.1680278249835,49.30517952014412,69.55688466006241,119.86284830483939,20.251705139918286,99.6111431649211,169.1680278249835,109.56122181768038,109.56122187314202,59.606806007303135,5.546164061343006e-08,59.606805951841494,0.6608695652173912,113.05000000000001,129.88333333333333,3,0
2025-03-25,2025,129.34473578502931,125.09960522200441,125.09960521227246,4.245130563024901,-9.731948580338212e-09,4.24513057275685,129.34473578502931,125.09960569502499,125.09960572890219,4.245130090004324,3.3877199712151196e-08,4.245130056127124,0.88,97.91000000000001,111.78000000000002,3,1
2025-03-26,2025,102.99822835269471,90.19615919774034,90.19615914020343,12.802069154954367,-5.753690857090987e-08,12.802069212491276,102.99822835269471,78.69584129043315,78.69584129023247,24.30238706226156,-2.006856902880827e-10,24.302387062462245,0.9339130434782608,85.03999999999999,114.53375,3,2
2025-03-27,2025,246.1796534395819,228.03866189235836,228.0386618235715,18.140991547223535,-6.878687486278068e-08,18.14099161601041,246.1796534395819,230.9941430775046,241.38600099979192,15.18551036207731,10.391857922287329,4.79365243978998,0.9069565217391303,164.03,98.96875,3,3
2025-03-28,2025,307.5430450008639,301.00760983692345,303.99349035357255,6.535435163940463,2.985880516649104,3.549554647291359,307.5430450008639,271.66206688670695,271.6620675792991,35.88097811415696,6.925921525180456e-07,35.88097742156481,0.9475973261626671,166.02,88.34250000000002,3,4
2025-03-29,2025,236.33782428664986,111.54595806816351,111.54132695038547,124.79186621848635,-0.0046311177780467006,124.7964973362644,236.33782428664986,138.97087483843,138.9708740551207,97.36694944821986,-7.833093036424543e-07,97.36695023152916,0.7823440063178698,150.16,84.51291666666667,3,5
2025-03-31,2025,265.81770587764834,104.48863298668678,104.48863299532492,161.32907289096156,8.638139092909114e-09,161.32907288232343,265.81770587764834,104.48863305655428,104.48863305073453,161.32907282109406,-5.819742909807246e-09,161.3290728269138,,120.71000000000001,104.40249999999999,3,0
2025-04-01,2025,297.64581044238014,277.15970939623605,277.1597094422156,20.486101046144086,4.597956149154925e-08,20.486101000164524,297.64581044238014,277.9594319103387,277.9594319219536,19.68637853204143,1.1614872619247762e-08,19.68637852042656,0.6313043478260869,169.07,94.21916666666668,4,1
2025-04-02,2025,321.3479954254621,319.3779959011199,319.37799595897025,1.9699995243421995,5.785034318250837e-08,1.9699994664918563,321.3479954254621,319.3779959967965,319.3779954738388,1.9699994286655738,-5.229577482168679e-07,1.969999951623322,0.957391304347826,171.33,61.61541666666667,4,2
2025-04-03,2025,378.8380630551846,378.3521583145977,378.35215822552743,0.48590474058687505,-8.907028359317337e-08,0.48590482965715864,378.8380630551846,378.3521589247155,378.352158969585,0.48590413046906633,4.486946636461653e-08,0.48590408559959997,0.9590952283384917,171.88,77.49916666666667,4,3
2025-04-04,2025,323.83402449386836,309.55456819861524,309.5712505093409,14.279456295253112,0.0166823107256846,14.262773984527428,323.83402449386836,312.68654009725395,312.68654010011505,11.147484396614402,2.86109980152105e-09,11.147484393753302,0.9190604002953241,181.48,89.90875,4,4
2025-04-05,2025,266.2716503383988,213.21125412731223,213.5278134539158,53.060396211086555,0.3165593266035671,52.74383688448299,266.2716503383988,191.4502101406337,191.45021005816537,74.8214401977651,-8.246831839642255e-08,74.82144028023342,0.8184388103892334,158.33,54.82541666666666,4,5
2025-04-06,2025,471.04295050487696,468.1881990070514,470.8501129823964,2.854751497825532,2.661913975344987,0.19283752248054498,471.04295050487696,449.399474567397,458.90571247824323,21.643475937479934,9.50623791084621,12.137238026633725,0.6723200854738336,247.47,38.28541666666666,4,6
2025-04-07,2025,354.63759940646446,201.42614862556027,258.7497347489797,153.2114507809042,57.3235861234194,95.88786465748478,354.63759940646446,259.2390250130213,259.23902500437157,95.39857439344314,-8.649749361211434e-09,95.39857440209289,0.8356521739130435,173.78,96.13250000000001,4,0
2025-04-08,2025,327.8998603280049,313.863565827333,313.8635652359074,14.036294500671886,-5.914255893912923e-07,14.036295092097475,327.8998603280049,313.2219016118054,313.22190160624706,14.677958716199498,-5.55832002646639e-09,14.677958721757818,0.9721739130434782,163.72000000000003,98.74624999999999,4,1
2025-04-09,2025,267.23573675646605,264.60978054849255,264.60978052895643,2.625956207973502,-1.953611672433908e-08,2.6259562275096187,267.23573675646605,264.60978065597055,264.6097806906704,2.6259561004955003,3.469983766990481e-08,2.6259560657956627,0.9678260869565216,168.84,91.56083333333333,4,2
2025-04-10,2025,289.1768876881164,279.750748732983,279.7507489379107,9.426138955133354,2.0492768726398936e-07,9.426138750205666,289.1768876881164,279.8269361180249,279.82693614776406,9.349951570091491,2.9739169349340955e-08,9.349951540352322,0.954782608695652,170.51,85.52291666666667,4,3
2025-04-11,2025,288.59163918273276,274.47234504948403,272.29553289391407,14.11929413324873,-2.176812155569962,16.29610628881869,288.59163918273276,274.47234505403765,274.4723451430554,14.119294128695117,8.901776027414599e-08,14.119294039677357,0.8310502479563364,159.99,64.63125000000001,4,4
2025-04-12,2025,309.87603303882867,252.21057816510776,252.21057815009743,57.665454873720904,-1.5010328979769838e-08,57.66545488873123,309.87603303882867,275.43645998144785,275.4364607298131,34.43957305738081,7.483652666451235e-07,34.439572309015546,0.7327680103644305,192.07,65.40541666666667,4,5
2025-04-13,2025,240.92572720971805,239.63669015978076,229.19652332298557,1.289037049937292,-10.440166836795186,11.729203886732478,240.92572720971805,240.9257272339801,236.59003314072942,-2.426205014671723e-08,-4.33569409325068,4.33569406898863,0.8043478260869565,146.03,39.20375000000001,4,6
2025-04-14,2025,197.98357347207528,128.57941682186512,128.57941684388675,69.40415665021015,2.2021623635737342e-08,69.40415662818853,197.98357347207528,130.77021809248754,130.770217480963,67.21335537958774,-6.115245412274817e-07,67.21335599111228,0.49652173913043474,118.36,98.15708333333333,4,0
2025-04-15,2025,242.60769893143674,239.17089363101795,239.1708936180288,3.436805300418797,-1.2989147535336087e-08,3.4368053134079446,242.60769893143674,231.76940065974003,231.76939915870648,10.838298271696715,-1.5010335516763007e-06,10.838299772730267,0.7478260869565216,141.54,70.04166666666667,4,1
2025-04-16,2025,213.2827166686571,190.05018384387733,190.05018286916868,23.232532824779753,-9.747086551215034e-07,23.232533799488408,213.2827166686571,202.6793796598699,202.67938442946752,10.603337008787179,4.769597609310949e-06,10.60333223918957,0.9171559251386256,124.12,89.57708333333335,4,2
2025-04-17,2025,69.54986823293066,45.31228293330713,45.31228293414012,24.237585299623532,8.329905654136383e-10,24.237585298790542,69.54986823293066,47.23949594846483,48.34603796708015,22.310372284465835,1.1065420186153219,21.203830265850513,0.8327897565862816,52.349999999999994,98.48666666666668,4,3
2025-04-18,2025,66.95647093918774,40.09899131647074,40.09899125836102,26.857479622717,-5.8109719702770235e-08,26.85747968082672,66.95647093918774,39.699413379875594,39.699413616418454,27.257057559312145,2.3654285996599356e-07,27.257057322769285,0.837391304347826,63.879999999999995,87.89791666666667,4,4
2025-04-19,2025,233.05317568864308,232.64859202965957,232.64859149038978,0.4045836589835119,-5.392697914885503e-07,0.4045841982533034,233.05317568864308,230.36475790267886,230.3647579205045,2.6884177859642193,1.7825641407398507e-08,2.688417768138578,0.7756521739130434,149.97,68.91958333333334,4,5
2025-04-20,2025,334.2473188408197,325.914706128666,325.9147061529775,8.332612712153662,2.43114754994167e-08,8.332612687842186,334.2473188408197,312.2055434919082,312.2055435056773,22.04177534891147,1.3769124507234665e-08,22.041775335142347,0.9593390094147974,197.37,65.26416666666667,4,6
2025-04-21,2025,203.9993935199564,196.62097129489175,196.62097107995973,7.378422225064668,-2.1493201529665384e-07,7.378422439996683,203.9993935199564,194.88662414627703,194.88662413994578,9.112769373679384,-6.331248414426227e-09,9.112769380010633,0.9676016754070373,130.70999999999998,81.99166666666666,4,0
2025-04-22,2025,293.52578564394264,204.59104377359048,204.5910437432506,88.93474187035216,-3.0339890599861974e-08,88.93474190069205,293.52578564394264,204.34216604115304,204.34216602417092,89.1836196027896,-1.6982113493213546e-08,89.18361961977172,0.7130434782608696,195.54,112.64208333333333,4,1
2025-04-23,2025,103.61807640203384,84.52561019444059,84.52561020101801,19.092466207593247,6.577423050657671e-09,19.092466201015824,103.61807640203384,86.44044525452814,86.44044525184022,17.177631147505693,-2.687926325961598e-09,17.17763115019362,0.8791304347826084,75.67999999999999,109.47583333333334,4,2
2025-04-24,2025,31.253746043565037,18.346367918389767,18.346367918287292,12.90737812517527,-1.0247447335132165e-10,12.907378125277745,31.253746043565037,22.519901477910732,19.282760093256798,8.733844565654305,-3.2371413846539348,11.97098595030824,0.8295652173913043,43.56999999999999,96.79624999999999,4,3
2025-04-25,2025,100.87632985051576,88.35202800629901,88.35202801456893,12.524301844216751,8.269921636383515e-09,12.52430183594683,100.87632985051576,97.25005487697068,97.25005480726584,3.6262749735450797,-6.970483923396387e-08,3.626275043249919,0.9391304347826085,82.78999999999999,88.52583333333332,4,4
2025-04-26,2025,195.56000118408804,130.21043521053178,123.98214478781931,65.34956597355625,-6.228290422712476,71.57785639626873,195.56000118408804,194.63898424958288,161.6260174509947,0.9210169345051611,-33.01296679858817,33.93398373309333,0.6782608695652173,122.25,57.392500000000005,4,5
2025-04-27,2025,482.09627442404127,456.26529711631986,476.46376183065854,25.83097730772141,20.198464714338684,5.632512593382728,482.09627442404127,455.02820438841337,478.2776533531499,27.068070035627898,23.24944896473653,3.8186210708913677,0.8486956521739129,254.04000000000002,31.434583333333332,4,6
2025-04-28,2025,340.8571857893662,291.5533436968686,298.6180188550538,49.30384209249763,7.064675158185196,42.239166934312436,340.8571857893662,278.85776124474006,282.2245992885753,61.99942454462615,3.36683804383523,58.63258650079092,0.9417391304347826,200.99,75.74916666666667,4,0
2025-04-29,2025,272.33298820368327,268.58509039120275,268.5850903718131,3.7478978124805167,-1.938963123393478e-08,3.747897831870148,272.33298820368327,269.4672518637548,269.467251896368,2.8657363399284463,3.261317260694341e-08,2.8657363073152737,0.9817391304347826,176.65,73.20291666666667,4,1
2025-04-30,2025,268.8417486175577,263.6998015187147,267.6258661165742,5.141947098842991,3.9260645978594653,1.2158825009835255,268.8417486175577,265.96447544460295,265.964475461052,2.8772731729547445,1.644906433284632e-08,2.87727315650568,0.9930434782608695,182.64000000000001,74.95833333333333,4,2
2025-05-01,2025,531.3554673333196,468.20465738645885,460.90775109428023,63.150809946860704,-7.296906292178619,70.44771623903932,531.3554673333196,507.0617841363856,439.66506900049376,24.293683196933955,-67.39671513589184,91.6903983328258,0.8391304347826085,294.37,44.96625,5,3
2025-05-02,2025,233.8844145268453,219.57344518630742,219.5734450441694,14.310969340537866,-1.4213802046469937e-07,14.310969482675887,233.8844145268453,226.95397472614263,226.9539747256033,6.930439800702658,-5.393303581513464e-10,6.930439801241988,0.8904347826086956,154.4,62.79125000000001,5,4
2025-05-03,2025,148.83031790038848,121.88092203777998,99.01228191403655,26.949395862608498,-22.868640123743432,49.81803598635193,148.83031790038848,148.83031828695013,148.83031830200136,-3.8656165202155535e-07,1.505122781964019e-08,-4.0161287984119554e-07,0.5973913043478261,100.85000000000001,55.07791666666666,5,5
2025-05-04,2025,187.66897335628687,186.9167526831878,169.39724301928374,0.7522206730990604,-17.519509663904074,18.271730337003135,187.66897335628687,186.91675270681773,176.79291623804247,0.7522206494691375,-10.123836468775266,10.876057118244404,0.6570933733172061,117.39,33.54208333333333,5,6
2025-05-05,2025,132.7158947261336,75.0185601690295,75.01855872282111,57.6973345571041,-1.4462083868238551e-06,57.697336003312486,132.7158947261336,77.15272907224585,77.15272906584029,55.56316565388775,-6.405556973732018e-09,55.56316566029331,0.6379462816443869,79.25999999999999,87.40375,5,0
2025-05-06,2025,176.56683625091225,168.8752438488852,168.87524384500713,7.691592402027055,-3.878056986650336e-09,7.691592405905112,176.56683625091225,173.18514580561822,173.18514576885784,3.3816904452940264,-3.676038318189967e-08,3.3816904820544096,0.9486956521739129,123.01,90.96291666666667,5,1
2025-05-07,2025,127.54466793537433,123.33941918790401,123.33941914800019,4.205248747470321,-3.990382424490235e-08,4.2052487873741455,127.54466793537433,121.23284374075013,109.81665325165363,6.311824194624208,-11.416190489096493,17.7280146837207,0.9719504469819006,83.23,98.92999999999999,5,2
2025-05-08,2025,151.76791236841214,145.37237785018436,145.37237779531782,6.395534518227777,-5.4866546861376264e-08,6.395534573094324,151.76791236841214,138.80061566269814,122.93611074996281,12.967296705714006,-15.864504912735327,28.831801618449333,0.9836921302340308,121.33000000000001,103.17708333333333,5,3
2025-05-09,2025,254.27489973660835,252.34685764130867,252.34685612913285,1.9280420952996735,-1.5121758281111397e-06,1.9280436074755016,254.27489973660835,242.18450436106522,242.1845043743455,12.090395375543125,1.3280271105031716e-08,12.090395362262853,0.954782608695652,149.87,81.11375,5,4
2025-05-10,2025,493.8254725242905,377.5647571104037,402.61408745414235,116.26071541388677,25.04933034373863,91.21138507014814,493.8254725242905,434.9055063790761,383.15463401775276,58.9199661452144,-51.75087236132333,110.67083850653773,0.8408695652173912,277.73,52.30041666666667,5,5
2025-05-11,2025,778.6653952110066,772.476777893137,768.0053967783997,6.188617317869671,-4.471381114737255,10.659998432606926,778.6653952110066,764.9379811712865,771.6837631774349,13.727414039720088,6.745782006148374,6.981632033571714,0.9852173913043477,375.18,19.406666666666663,5,6
2025-05-12,2025,384.48400772864943,323.37675406069434,329.92870825881033,61.10725366795509,6.551954198115993,54.5552994698391,384.48400772864943,329.9287072305875,329.92870799947394,54.55530049806191,7.688864229749015e-07,54.55529972917549,0.8034782608695652,207.7,69.61333333333333,5,0
2025-05-13,2025,364.15978348627937,360.26081876644747,362.2561227457935,3.898964719831895,1.9953039793460334,1.9036607404858614,364.15978348627937,357.7786745173449,357.77867451901983,6.381108968934484,1.674948180152569e-09,6.381108967259536,0.9826086956521738,239.58,79.50416666666666,5,1
2025-05-14,2025,307.8842480800955,287.28473121859116,287.28473102607717,20.599516861504355,-1.9251399407949066e-07,20.59951705401835,307.8842480800955,275.9374318671971,275.93743188632806,31.946816212898398,1.913093683469924e-08,31.94681619376746,0.9504347826086955,190.26999999999998,69.065,5,2
2025-05-15,2025,245.16323044003374,240.46305333220124,240.46305379372802,4.700177107832502,4.615267812368984e-07,4.700176646305721,245.16323044003374,239.71818126350308,243.01337457353364,5.4450491765306595,3.2951933100305553,2.149855866500104,0.9860869565217389,145.5,66.23666666666666,5,3
2025-05-16,2025,255.77432462356342,253.3209189810004,253.90929963649543,2.4534056425630126,0.5883806554950297,1.865024987067983,255.77432462356342,252.68678815091647,252.6867881124493,3.0875364726469456,-3.846716367661429e-08,3.0875365111141093,0.9719504469819006,158.06,73.40333333333332,5,4
2025-05-17,2025,235.3613454779845,195.944200361247,178.7752888734748,39.41714511673749,-17.168911487772192,56.58605660450968,235.3613454779845,227.31946589617243,227.31946592517048,8.041879581812054,2.899804485423374e-08,8.04187955281401,0.8723635779175358,141.48000000000002,59.50625,5,5
2025-05-18,2025,234.86670635319072,228.27800570785482,228.27800569986312,6.588700645335905,-7.99170152276929e-09,6.5887006533276065,234.86670635319072,227.8839491732028,229.64339080523595,6.982757179987914,1.7594416320331447,5.223315547954769,0.9649924124621196,145.47,62.932500000000005,5,6
2025-05-19,2025,323.4610425766598,276.00893253681824,276.0089325270443,47.45211003984156,-9.773941656021634e-09,47.4521100496155,323.4610425766598,305.92476670352096,305.92476665579306,17.536275873138834,-4.772789452545112e-08,17.53627592086673,0.8114807758694524,224.11,95.53541666666666,5,0
2025-05-20,2025,291.8161345488493,283.976415522808,283.97641588745404,7.83971902604128,3.646460413619934e-07,7.8397186613952385,291.8161345488493,284.0800074124248,284.0800077063315,7.7361271364245,2.9390673716989113e-07,7.736126842517763,0.9504347826086955,192.24,91.14333333333333,5,1
2025-05-21,2025,186.94107761941405,171.6425133939664,168.5869117238842,15.298564225447649,-3.055601670082183,18.35416589552983,186.94107761941405,171.64251369621854,171.64251340225954,15.298563923195502,-2.9395900469353364e-07,15.298564217154507,0.8956521739130434,118.74000000000001,71.34750000000001,5,2
2025-05-22,2025,230.7124872906517,225.49800307290977,225.49800287771183,5.214484217741926,-1.95197941366132e-07,5.214484412939868,230.7124872906517,227.02005095692527,227.02005096441312,3.6924363337264197,7.487841457987088e-09,3.692436326238578,0.9034782608695651,142.65,61.215833333333336,5,3
2025-05-23,2025,246.7405683211575,218.52992984331092,218.52992988808862,28.210638477846572,4.4777692664865754e-08,28.21063843306888,246.7405683211575,221.2842112166869,221.28421098212715,25.456357104470584,-2.3455976361219655e-07,25.456357339030347,0.9619482723597155,139.29,82.57083333333334,5,4
2025-05-24,2025,181.4057542284621,119.75175452650072,116.71233256837763,61.65399970196137,-3.0394219581230857,64.69342166008445,181.4057542284621,136.32099191480015,107.48109753882834,45.08476231366194,-28.83989437597181,73.92465668963375,0.7644628099173554,112.77,58.1,5,5
2025-05-25,2025,181.0803786358095,165.61471710704515,145.1733909779742,15.465661528764343,-20.441326129070944,35.90698765783529,181.0803786358095,178.27897222278764,157.89091781002563,2.8014064130218514,-20.388054412762017,23.18946082578387,0.9438886472379294,112.46,23.71333333333334,5,6
2025-05-26,2025,344.0836525166613,236.0623224238612,236.06232155998447,108.0213300928001,-8.638767212687526e-07,108.02133095667682,344.0836525166613,276.9959028809432,276.9959028664293,67.08774963571807,-1.4513943824567832e-08,67.08774965023201,0.7762557261130614,171.32,72.91375,5,0
2025-05-27,2025,214.18877407292837,182.72178502516752,182.7217852250866,31.466989047760848,1.999190715196164e-07,31.466988847841776,214.18877407292837,182.52473962740137,182.52473983614053,31.664034445526994,2.0873915218544425e-07,31.664034236787842,0.8267014763814732,137.57999999999998,61.84708333333333,5,1
2025-05-28,2025,141.2902426234564,72.91496575965593,72.91496548404166,68.37527686380048,-2.7561426918509824e-07,68.37527713941475,141.2902426234564,83.26543028726057,83.26543029643949,58.024812336195836,9.178918958241411e-09,58.02481232701692,0.8040878641921853,97.81,84.18916666666667,5,2
2025-05-29,2025,130.21052671250976,61.82159378319727,61.82159377481065,68.38893292931249,-8.386621175304754e-09,68.38893293769911,130.21052671250976,91.92826260865786,66.88667033469947,38.2822641038519,-25.041592273958386,63.32385637781029,0.23913043478260865,101.11999999999999,56.29125,5,3
2025-05-30,2025,284.4140349972475,206.5031411045444,206.50314111448418,77.91089389270309,9.939782330548042e-09,77.9108938827633,284.4140349972475,237.89568935944644,237.89568935241536,46.51834563780105,-7.031076165731065e-09,46.518345644832124,0.5252173913043477,148.98999999999998,48.187083333333334,5,4
2025-05-31,2025,340.4267770236745,270.14799050282346,270.1479900752719,70.27878652085104,-4.2755158347063116e-07,70.27878694840263,340.4267770236745,306.03110525945243,340.41492528131545,34.39567176422207,34.383820021863016,0.011851742359056061,0.863478260869565,205.54,70.50958333333334,5,5
2025-06-01,2025,211.1210988235624,197.63316159791432,182.3079285041849,13.487937225648068,-15.325233093729423,28.81317031937749,211.1210988235624,199.34821615892193,199.3482156109585,11.772882664640463,-5.479634239691222e-07,11.772883212603887,0.9799999999999999,127.27,39.5775,6,6
2025-06-02,2025,364.8408719070912,295.49775552049357,295.4977560604096,69.34311638659761,5.399160158958694e-07,69.3431158466816,364.8408719070912,337.70672723353476,337.7067264154637,27.13414467355642,-8.180710437954986e-07,27.134145491627464,0.7504347826086956,234.37,87.03791666666666,6,0
2025-06-03,2025,213.29477807811162,179.1583598798597,179.1583601066556,34.13641819825193,2.267959189339308e-07,34.13641797145601,213.29477807811162,190.2393484238129,190.23934842001196,23.055429654298706,-3.8009488889656495e-09,23.055429658099655,0.786086956521739,137.22,71.68666666666667,6,1
2025-06-04,2025,295.1184280501507,248.65730403149217,248.65730401101612,46.46112401865855,-2.0476051076911972e-08,46.4611240391346,295.1184280501507,222.3700759486394,214.53021040817669,72.74835210151133,-7.839865540462711,80.58821764197404,0.717982187009896,183.16,83.11291666666666,6,2
2025-06-05,2025,197.53528367220733,196.54993013380795,196.54993013343304,0.9853535383993801,-3.7491076909645926e-10,0.9853535387742909,197.53528367220733,183.53100105817362,183.53099859403497,14.004282614033713,-2.4641386460189096e-06,14.004285078172359,0.8484453342557887,129.33,80.15791666666667,6,3
2025-06-06,2025,221.69153097334606,153.99943331907312,153.9994335048375,67.69209765427294,1.8576437810224888e-07,67.69209746850856,221.69153097334606,192.59608196963606,192.59608202009542,29.09544900371,5.04593629102601e-08,29.09544895325064,0.8139130434782607,134.35,48.63333333333333,6,4
2025-06-07,2025,180.02886259990484,151.93098733790683,169.92620670526654,28.097875261998013,17.99521936735971,10.102655894638303,180.02886259990484,179.16886272837112,179.16886272711062,0.8599998715337165,-1.2605028132384177e-09,0.8599998727942193,0.9371602743829959,111.13000000000001,59.71541666666667,6,5
2025-06-08,2025,228.54590217211,204.06602120982018,214.12828699736863,24.479880962289826,10.062265787548455,14.417615174741371,228.54590217211,215.8517148899569,223.36203227674255,12.69418728215311,7.510317386785658,5.183869895367451,0.813655161656884,146.9,22.637083333333333,6,6
2025-06-09,2025,331.1326167914194,246.16100991875336,247.6976234436186,84.97160687266606,1.5366135248652313,83.43499334780083,331.1326167914194,262.3583507525319,262.75860262522013,68.7742660388875,0.4002518726882158,68.37401416619929,0.677391304347826,167.75,33.311249999999994,6,0
2025-06-10,2025,168.6548436624092,115.38862427485685,115.38862449307544,53.266219387552354,2.1821858808834804e-07,53.266219169333766,168.6548436624092,133.4369228082797,133.43692272282152,35.21792085412952,-8.545816854166333e-08,35.217920939587685,0.8486956521739129,102.2,54.1225,6,1
2025-06-11,2025,355.67030732642985,243.99393362531626,236.21588554419696,111.67637370111359,-7.7780480811192945,119.45442178223288,355.67030732642985,338.6814785020766,339.9678990752657,16.988828824353277,1.2864205731891047,15.702408251164172,0.886086956521739,220.4,71.60458333333334,6,2
2025-06-12,2025,258.91186738969725,234.16215627435224,234.1621560203921,24.749711115345008,-2.53960138252296e-07,24.749711369305146,258.91186738969725,247.9638467313184,247.4971582063083,10.948020658378852,-0.46668852501008473,11.414709183388936,0.9260869565217391,159.9,59.28041666666667,6,3
2025-06-13,2025,204.91194217775194,190.69518873622837,184.8049106263978,14.216753441523565,-5.890278109830575,20.10703155135414,204.91194217775194,180.76928530091857,180.76928528817268,24.14265687683337,-1.274588612432126e-08,24.142656889579257,0.9199999999999999,117.28,52.09333333333334,6,4
2025-06-14,2025,283.5157455952983,178.0208967772055,173.3261823083951,105.4948488180928,-4.694714468810417,110.18956328690322,283.5157455952983,265.7554568004415,265.75545641887413,17.76028879485682,-3.815673608187353e-07,17.76028917642418,0.8582608695652173,165.26999999999998,44.375416666666666,6,5
2025-06-15,2025,227.0844268522749,187.92880622766646,190.1038213825433,39.155620624608446,2.1750151548768315,36.980605469731614,227.0844268522749,201.61719160013186,207.73883880786332,25.46723525214304,6.121647207731456,19.345588044411585,0.9695652173913042,141.04000000000002,61.84458333333333,6,6
2025-06-16,2025,323.65823518596187,267.582842318633,267.58284212274486,56.075392867328844,-1.9588816257964936e-07,56.07539306321701,323.65823518596187,267.3085683770326,267.3085687469152,56.34966680892927,3.6988262763770763e-07,56.34966643904664,0.8240922134365554,190.0,81.09666666666666,6,0
2025-06-17,2025,414.2502122523981,390.70989996099195,394.68127705468703,23.540312291406167,3.9713770936950823,19.568935197711085,414.2502122523981,396.63341120821894,399.1093653004214,17.61680104417917,2.475954092202471,15.140846951976698,0.9671667982495511,248.0,84.645,6,1
2025-06-18,2025,267.9533457793426,262.0742671528422,262.07426774295055,5.879078626500416,5.901083568460308e-07,5.879078036392059,267.9533457793426,262.07426762404145,262.07426768795654,5.879078155301158,6.39150812276057e-08,5.879078091386077,0.9843478260869565,177.62,79.82458333333334,6,2
2025-06-19,2025,383.97085204711624,346.5576296433104,362.99613946427587,37.41322240380583,16.438509820965464,20.974712582840368,383.97085204711624,369.967730684189,369.96772968090727,14.003121362927232,-1.0032817385763337e-06,14.00312236620897,0.9156521739130434,207.24,56.0225,6,3
2025-06-20,2025,317.70606069796776,302.90279889576914,311.3715122385019,14.80326180219862,8.46871334273277,6.33454845946585,317.70606069796776,314.63248765542494,317.7060607246616,3.0735730425428187,3.0735730692366587,-2.6693840027292026e-08,0.8913043478260868,202.29,87.05333333333334,6,4
2025-06-21,2025,324.9769950014088,323.7451343770694,323.7451317331663,1.2318606243393901,-2.6439030875735625e-06,1.2318632682424777,324.9769950014088,313.48604642453483,313.4860464155448,11.490948576873961,-8.99001406651223e-09,11.490948585863975,0.877391304347826,195.28,72.6125,6,5
2025-06-22,2025,424.1810750298997,403.6423795349037,418.96320932254866,20.538695494996034,15.320829787644982,5.217865707351052,424.1810750298997,403.6423794841182,418.96320894678587,20.538695545781536,15.320829462667689,5.217866083113847,0.9939130434782607,233.34000000000003,41.465,6,6
2025-06-23,2025,233.2949837131713,212.60058286926102,212.6005827862158,20.694400843910273,-8.304522225444089e-08,20.694400926955495,233.2949837131713,200.49615014196172,201.49009226298398,32.79883357120957,0.9939421210222577,31.804891450187313,0.7617391304347826,130.53,38.737500000000004,6,0
2025-06-24,2025,256.7640827519511,207.03123356949567,208.84012920608782,49.732849182455425,1.8088956365921547,47.92395354586327,256.7640827519511,231.98529643207374,233.00016197931473,24.778786319877355,1.014865547240987,23.763920772636368,0.8565217391304346,146.65,47.21916666666666,6,1
2025-06-25,2025,405.2435940140327,389.31428526019266,378.8822906220422,15.929308753840019,-10.431994638150456,26.361303391990475,405.2435940140327,375.97725728233553,375.977257181571,29.26633673169715,-1.0076450962515082e-07,29.26633683246166,0.8988910845242005,247.53,80.14874999999999,6,2
2025-06-26,2025,59.79796319471161,12.79995500996477,12.799955420949498,46.998008184746844,4.109847289157642e-07,46.99800777376211,59.79796319471161,39.040806979466105,39.04080715567417,20.75715621524551,1.762080685807632e-07,20.75715603903744,0.6131767920556956,71.91999999999999,91.36458333333333,6,3
2025-06-27,2025,204.0817984533364,190.80924978392966,190.80924977540352,13.272548669406746,-8.526143346898607e-09,13.272548677932889,204.0817984533364,189.53695267969297,189.53695228247787,14.54484577364343,-3.9721510347590083e-07,14.544846170858534,0.7084148895451973,127.07,81.18708333333335,6,4
2025-06-28,2025,204.67882705117722,87.10213419555245,87.10213357936377,117.57669285562477,-6.161886858535581e-07,117.57669347181346,204.67882705117722,195.4063378524751,195.4063368296687,9.272489198702118,-1.0228064013517724e-06,9.27249022150852,0.7777294475859069,126.95,52.51458333333333,6,5
2025-06-29,2025,236.04161107905963,236.04156513005438,236.04156657181088,4.59490052548972e-05,1.441756495523805e-06,4.45072487593734e-05,236.04161107905963,232.23696956222136,234.34009981392222,3.8046415168382737,2.103130251700861,1.7015112651374125,0.9945640591711886,142.07999999999998,54.119166666666665,6,6
2025-06-30,2025,410.05517482073594,289.4965202871119,289.4965202968979,120.55865453362406,9.786049304238986e-09,120.55865452383802,410.05517482073594,236.94110365287818,236.94108119596976,173.11407116785776,-2.2456908425283473e-05,173.11409362476618,0.8234782608695651,279.01000000000005,102.42375,6,0
2025-07-01,2025,653.3248414165969,648.5859954460008,650.7453634919048,4.738845970596117,2.159368045903989,2.579477924692128,653.3248414165969,649.0629002596426,650.7453635244668,4.261941156954322,1.6824632648242641,2.5794778921300576,0.9869565217391304,433.72,138.36458333333334,7,1
2025-07-02,2025,281.4301439951979,265.95616023324874,261.13418354203463,15.473983761949171,-4.821976691214104,20.295960453163275,281.4301439951979,261.83989896354797,261.1341836589865,19.590245031649943,-0.7057153045614655,20.295960336211408,0.9469565217391304,207.48,103.885,7,2
2025-07-03,2025,197.31204491950623,130.61527264436572,130.61527227529226,66.69677227514052,-3.69073461570224e-07,66.69677264421398,197.31204491950623,145.10260077516452,145.1026007883868,52.20944414434172,1.3222290817793692e-08,52.209444131119426,0.9304347826086956,141.95,86.46583333333332,7,3
2025-07-04,2025,235.1138868282914,221.81352485249684,214.31484786153032,13.300361975794573,-7.498676990966516,20.79903896676109,235.1138868282914,218.6608349018714,218.6608350193515,16.453051926420017,1.1748011274903547e-07,16.453051808939904,0.8973913043478261,151.66,79.615,7,4
2025-07-05,2025,201.19442176231672,196.208230748831,183.12061228731218,4.986191013485723,-13.087618461518815,18.073809475004538,201.19442176231672,200.97764996014544,200.9776500110299,0.21677180217128011,5.088446641821065e-08,0.2167717512868137,0.8867145241145838,125.22,53.85666666666666,7,5
2025-07-06,2025,184.33349284564076,119.37924898994906,119.3792427493395,64.9542438556917,-6.240609565111299e-06,64.95425009630127,184.33349284564076,176.72797103500577,176.7279703549351,7.605521810634997,-6.800706557896774e-07,7.605522490705653,0.8327897565862816,119.19000000000001,73.49041666666666,7,6
2025-07-07,2025,93.62207424687917,8.753312043741245,8.753312039895796,84.86876220313792,-3.845448404149465e-09,84.86876220698338,93.62207424687917,-3.0324598809206122,-3.0324598383809773,96.65453412779978,4.253963492573121e-08,96.65453408526014,0.11304347826086956,101.61999999999999,99.97333333333334,7,0
2025-07-08,2025,92.50764966541252,74.77961345604727,74.77961343158019,17.728036209365243,-2.4467084358548163e-08,17.728036233832327,92.50764966541252,92.23939397655808,92.23939357014113,0.2682556888544383,-4.0641694454279786e-07,0.26825609527138283,0.728695652173913,70.30000000000001,90.0125,7,1
2025-07-09,2025,136.9336696304061,134.49511057872982,134.4951106193711,2.4385590516762647,4.0641282339493046e-08,2.4385590110349824,136.9336696304061,128.7196734978495,128.71967348608774,8.213996132556588,-1.176175601358409e-08,8.213996144318344,0.9426086956521739,100.46000000000001,91.79833333333333,7,2
2025-07-10,2025,132.66387027837646,114.55156678036873,114.55156679469059,18.112303498007734,1.4321855701382447e-08,18.112303483685878,132.66387027837646,121.66705910624223,130.43505873784926,10.99681117213423,8.767999631607026,2.2288115405272038,0.9695652173913042,95.16,90.41333333333334,7,3
2025-07-11,2025,114.98042560510271,107.16982128616871,107.1698212868472,7.810604318933997,6.784830475226045e-10,7.810604318255514,114.98042560510271,107.25328831738953,107.25328829740381,7.727137287713177,-1.9985719745818642e-08,7.7271373076988965,0.9504347826086955,86.03999999999999,87.88291666666667,7,4
2025-07-12,2025,204.45476457247102,200.38178434776978,200.38178435884024,4.07298022470124,1.1070454775108374e-08,4.072980213630785,204.45476457247102,204.27201209840868,204.27201209923393,0.1827524740623403,8.252527550212108e-10,0.18275247323708754,0.8086125166862982,125.02,72.25625000000001,7,5
2025-07-13,2025,208.47225843245238,208.4722569822687,208.47225714506874,1.4501836744784669e-06,1.6280003478641447e-07,1.2873836396920524e-06,208.47225843245238,208.47225843140507,208.47225843140234,1.0473115708009573e-09,-2.7284841053187847e-12,1.050040054906276e-09,0.9834365429809169,127.7,73.49083333333333,7,6
2025-07-14,2025,107.57898619538747,85.58110280008788,85.60260420806725,21.997883395299596,0.021501407979371834,21.976381987320224,107.57898619538747,95.62977447812392,95.62977449476172,11.949211717263552,1.6637798694318917e-08,11.949211700625753,0.8533465964647661,85.75,98.47166666666668,7,0
2025-07-15,2025,126.47191526196373,125.30484672205397,125.3048466853843,1.1670685399097636,-3.666966108539782e-08,1.1670685765794246,126.47191526196373,125.30484676542308,125.30484674671983,1.1670684965406508,-1.8703246951190522e-08,1.1670685152438978,0.9769464984775988,101.79,90.82458333333334,7,1
2025-07-16,2025,55.47710387191043,54.28972765363385,54.28972765295087,1.187376218276583,-6.829736776126083e-10,1.1873762189595567,55.47710387191043,53.519462555868984,53.519462513498,1.957641316041446,-4.237098494286329e-08,1.957641358412431,0.9523809748950167,60.97999999999999,95.75041666666668,7,2
2025-07-17,2025,94.73714036814434,83.08812118342455,77.77257078645475,11.64901918471979,-5.3155503969697975,16.964569581689588,94.73714036814434,91.3759835672933,91.37598356360355,3.3611568008510346,-3.689748950819194e-09,3.3611568045407836,0.9704347826086955,82.22,92.61208333333332,7,3
2025-07-18,2025,83.22427662019552,66.5559908058977,66.55599082493652,16.668285814297832,1.9038822074435302e-08,16.66828579525901,83.22427662019552,66.55599080141225,66.55599087813688,16.668285818783275,7.672463198105106e-08,16.668285742058643,0.9652173913043477,75.35000000000001,100.93374999999999,7,4
2025-07-19,2025,185.3376996393973,178.04742784939967,178.04742771066117,7.290271789997632,-1.3873849979972874e-07,7.290271928736132,185.3376996393973,177.35810431772418,177.3581043137052,7.979595321673116,-4.018971822006279e-09,7.979595325692088,0.7984344611448632,114.48,70.14208333333333,7,5
2025-07-20,2025,188.41330787310918,185.49575474965954,185.49575492393544,2.917553123449636,1.7427589682483813e-07,2.9175529491737393,188.41330787310918,188.413307194833,188.41330719084863,6.782761658996606e-07,-3.984382601629477e-09,6.8226054850129e-07,0.8686385384949978,116.01,71.48083333333334,7,6
2025-07-21,2025,45.7855154949964,17.525842740636588,17.51835259326868,28.259672754359816,-0.007490147367906985,28.267162901727723,45.7855154949964,16.62791814188865,16.62791811077389,29.157597353107754,-3.1114758769490436e-08,29.157597384222512,0.35529463766631436,46.83,100.23,7,0
2025-07-22,2025,178.84952140072883,122.97478975011882,122.97478976239533,55.874731650610016,1.2276515803932853e-08,55.8747316383335,178.84952140072883,169.55471555410858,168.05424434978295,9.29480584662025,-1.5004712043256347,10.795277050945884,0.7156521739130434,113.05,78.38083333333334,7,1
2025-07-23,2025,134.01303456234422,116.00863859850315,116.00863938091608,18.004395963841063,7.824129255595835e-07,18.004395181428137,134.01303456234422,119.13438729043403,119.1343870146963,14.878647271910182,-2.757377330908639e-07,14.878647547647915,0.96,96.00999999999999,78.25083333333333,7,2
2025-07-24,2025,67.13463986669323,65.18899155335635,65.18899169234322,1.9456483133368891,1.3898687711844104e-07,1.945648174350012,67.13463986669323,37.35052189352694,37.350522003918776,29.784117973166296,1.1039183789307572e-07,29.78411786277446,0.9684714297220101,73.72999999999999,102.54833333333335,7,3
2025-07-25,2025,22.90082692518724,17.95413838299454,17.95413726321995,4.9466885421927,-1.119774591273881e-06,4.946689661967291,22.90082692518724,18.600882586318683,18.60088258585492,4.299944338868556,-4.637641382032598e-10,4.2999443393323205,0.8203566768160069,44.89999999999999,97.42833333333333,7,4
2025-07-26,2025,92.8037697081906,88.45523893228702,88.45523893203323,4.348530775903583,-2.537916543587926e-10,4.348530776157375,92.8037697081906,92.52441688920018,92.52441677702997,0.279352818990418,-1.1217021267384553e-07,0.27935293116063065,0.8045227413496716,77.19999999999999,91.15875,7,5
2025-07-27,2025,154.90201557668584,150.05482595303152,150.05482582996677,4.847189623654316,-1.2306475127843441e-07,4.847189746719067,154.90201557668584,150.05482558712347,150.05482563363935,4.8471899895623665,4.651587914850097e-08,4.847189943046487,0.9878260869565217,105.86,79.43166666666667,7,6
2025-07-28,2025,54.016782931365185,27.8225038033364,27.822504294482307,26.194279128028786,4.911459079437464e-07,26.194278636882878,54.016782931365185,27.82250409073235,27.82250429854878,26.194278840632833,2.0781642717793147e-07,26.194278632816406,0.548695652173913,53.64,94.07583333333332,7,0
2025-07-29,2025,197.8246730572364,179.2093626638956,179.2093626614253,18.615310393340792,-2.4703012968529947e-09,18.615310395811093,197.8246730572364,187.51745293287652,187.5174524832296,10.307220124359873,-4.4964693302063097e-07,10.307220574006806,0.8069565217391305,124.94000000000001,76.9525,7,1
2025-07-30,2025,144.75104910710303,144.19242882955703,133.63589401466953,0.5586202775459981,-10.556534814887499,11.115155092433497,144.75104910710303,144.19242891225468,144.19242891138344,0.5586201948483449,-8.712390808796044e-10,0.558620195719584,0.9713043478260868,98.36999999999999,75.9525,7,2
2025-07-31,2025,115.14034579542034,114.11097372217462,114.1109740928376,1.0293720732457246,3.706629740918288e-07,1.0293717025827505,115.14034579542034,114.11097413450047,114.11097413484082,1.0293716609198782,3.40349970429088e-10,1.0293716605795282,0.9452173913043478,93.21000000000001,85.52208333333333,7,3
2025-08-01,2025,84.67452991507531,73.9834796511406,73.98347975766335,10.691050263934713,1.0652274795575067e-07,10.691050157411965,84.67452991507531,73.73595655400328,73.73595655368874,10.93857336107203,-3.1454305826628115e-10,10.938573361386574,0.9313043478260868,70.17,93.19041666666665,8,4
2025-08-02,2025,177.274064051191,177.27406414092334,177.2740640165726,-8.97323388926452e-08,-1.243507483650319e-07,3.46184094723867e-08,177.274064051191,177.1200817800223,177.12008178055825,0.1539822711687009,5.359481747291284e-10,0.15398227063275272,0.7650133445640056,109.49,67.14708333333333,8,5
2025-08-03,2025,178.73222366095013,174.8211616445037,163.58782881105586,3.9110620164464365,-11.233332833447832,15.144394849894269,178.73222366095013,177.4424354921676,177.44243548654188,1.289788168782536,-5.625707899525878e-09,1.289788174408244,0.987595422671891,107.95,42.24833333333333,8,6
2025-08-04,2025,145.10696958378065,113.05132683572589,113.05132812351569,32.055642748054765,1.2877898001306676e-06,32.055641460264965,145.10696958378065,117.77406483566388,117.77406483596658,27.332904748116775,3.027054162885179e-10,27.33290474781407,0.39573821331254105,102.7,63.45708333333334,8,0
2025-08-05,2025,297.90301468114194,182.7094590154178,181.3431460076888,115.19355566572415,-1.3663130077289907,116.55986867345314,297.90301468114194,242.060177914941,272.84260701320807,55.842836766200946,30.782429098267073,25.060407667933873,0.643478260869565,118.98,36.04958333333334,8,1
2025-08-06,2025,329.5544133195473,314.659452101548,314.6594519596398,14.894961217999253,-1.4190823094395455e-07,14.894961359907484,329.5544133195473,324.26046828752686,324.26046905829793,5.293945032020417,7.707710665272316e-07,5.293944261249351,0.9156521739130434,181.95,61.944583333333334,8,2
2025-08-07,2025,224.33691149349193,196.65313236459644,196.65313228466485,27.68377912889548,-7.99315955646307e-08,27.683779208827076,224.33691149349193,204.90619795193027,204.90619795208184,19.43071354156166,1.5157297639234457e-10,19.430713541410086,0.9756521739130434,143.93,71.79208333333334,8,3
2025-08-08,2025,244.5903237947567,243.21830592395906,243.2183059445917,1.3720178707976345,2.0632626274164068e-08,1.3720178501650082,244.5903237947567,243.21999995358237,243.21999995590483,1.3703238411743257,2.322451564396033e-09,1.3703238388518741,0.961513395202229,151.53,76.16166666666668,8,4
2025-08-09,2025,234.09450365931542,182.35195473006638,174.16248076640107,51.74254892924904,-8.189473963665307,59.93202289291435,234.09450365931542,228.17537762207485,228.33615087379704,5.919126037240574,0.16077325172219048,5.758352785518383,0.8132202844993976,142.99,61.42083333333334,8,5
2025-08-10,2025,321.41837001960357,315.7089944035397,320.9146877147343,5.70937561606388,5.205693311194636,0.503682304869244,321.41837001960357,315.70899437811346,315.70899472137006,5.709375641490112,3.4325660180911655e-07,5.70937529823351,0.946086956521739,183.53,46.80291666666667,8,6
2025-08-11,2025,316.14512064271247,260.63982887954904,269.36045058611217,55.50529176316343,8.720621706563122,46.784670056600305,316.14512064271247,276.997695394391,276.99769530328234,39.1474252483215,-9.110863175010309e-08,39.14742533943013,0.8355094548139311,191.95,84.47833333333334,8,0
2025-08-12,2025,242.5471886387465,225.9170760815361,225.9170604327014,16.630112557210396,-1.5648834704506953e-05,16.6301282060451,242.5471886387465,221.51177808213873,221.51177808449918,21.035410556607758,2.3604513899044832e-09,21.035410554247306,0.9765016753137818,153.16,84.95291666666667,8,1
2025-08-13,2025,274.27303432624467,274.27303449774485,274.2730344667879,-1.71500175838446e-07,-3.0956925911596045e-08,-1.4054324992684997e-07,274.27303432624467,240.07713672955424,244.10042790546302,34.19589759669043,4.023291175908781,30.172606420781648,0.9895652173913043,198.75,99.83208333333334,8,2
2025-08-14,2025,331.2094491727387,330.5365863898311,330.53658641442576,0.6728627829076004,2.4594669412181247e-08,0.672862758312931,331.2094491727387,330.53658651859536,330.536586423153,0.67286265414333,-9.544237400405109e-08,0.672862749585704,0.9869565217391304,242.86999999999998,105.06166666666667,8,3
2025-08-15,2025,195.28444987125548,195.21799337675995,177.3676697364966,0.06645649449552593,-17.850323640263355,17.91678013475888,195.28444987125548,195.21799435628293,195.217994329749,0.06645551497254587,-2.6533939490036573e-08,0.06645554150648536,0.9602087637297702,124.01,73.61416666666666,8,4
2025-08-16,2025,164.88539442643858,160.49008403991255,160.4900835035345,4.395310386526035,-5.363780530842632e-07,4.395310922904088,164.88539442643858,164.85491932969035,164.85491947429688,0.030475096748233454,1.4460653119385825e-07,0.03047495214170226,0.9194605139639799,102.63000000000001,60.932916666666664,8,5
2025-08-17,2025,181.9048502783241,180.77972633110596,180.78613422186942,1.1251239472181283,0.006407890763455271,1.118716056454673,181.9048502783241,181.83001742097247,181.83001746082851,0.07483285735162326,3.9856047351349844e-08,0.07483281749557591,0.8935805072580735,111.91,64.04958333333333,8,6
2025-08-18,2025,303.57258204992706,235.02189515697327,235.02189348478757,68.55068689295379,-1.6721857036827714e-06,68.5506885651395,303.57258204992706,282.35040623085143,282.3504060459556,21.22217581907563,-1.8489583908376517e-07,21.22217600397147,0.8440965626809256,183.19,91.53125,8,0
2025-08-19,2025,176.2190139901427,165.37887928564436,165.37887928977887,10.840134704498354,4.134506070840871e-09,10.840134700363848,176.2190139901427,171.3002582219837,171.30025823146252,4.918755768159002,9.478810625296319e-09,4.9187557586801915,0.9749945870843046,119.65,82.38708333333334,8,1
2025-08-20,2025,129.3572655835806,128.0563292034056,128.0563291923709,1.300936380175017,-1.1034700264644925e-08,1.3009363912097172,129.3572655835806,128.05632915934433,128.05632915863023,1.3009364242362835,-7.140954494389007e-10,1.300936424950379,0.9686956521739128,100.15,91.0075,8,2
2025-08-21,2025,46.70016761974673,42.09831561920783,42.09831561919218,4.601852000538898,-1.5653256468795007e-11,4.601852000554551,46.70016761974673,42.722880172035374,42.72288017299916,3.9772874477113547,9.637872722123575e-10,3.9772874467475674,0.9267232226033243,60.63,92.68458333333335,8,3
2025-08-22,2025,180.20458634239185,176.8918046918388,174.59710999869623,3.312781650553063,-2.29469469314256,5.607476343695623,180.20458634239185,175.3565566775427,175.3565569169716,4.84802966484915,2.394289140283945e-07,4.848029425420236,0.9432485545878041,112.98,73.68583333333333,8,4
2025-08-23,2025,199.3382234134421,152.7515716180186,152.75157160180026,46.586651795423506,-1.62183368956903e-08,46.58665181164184,199.3382234134421,198.96575235462046,198.96575239255247,0.37247105882164533,3.7932011309749214e-08,0.372471020889634,0.8652173913043478,123.61,67.87541666666665,8,5
2025-08-24,2025,204.25943983560754,204.25943990837843,204.25943990815907,-7.277088798218756e-08,-2.1935875338385813e-10,-7.25515292288037e-08,204.25943983560754,204.25943990894413,204.259439909648,-7.333659368669032e-08,7.038636340439552e-10,-7.404045732073428e-08,0.9799999999999999,124.76,63.05416666666667,8,6
2025-08-25,2025,332.3563498332552,299.62136924006114,299.6213696120027,32.73498059319405,3.7194155311226496e-07,32.7349802212525,332.3563498332552,315.952545783709,315.95254579239605,16.40380404954618,8.687038643984124e-09,16.403804040859143,0.8130434782608694,226.89,89.09041666666667,8,0
2025-08-26,2025,242.23610474054942,235.14549582886977,235.14549603615959,7.090608911679652,2.0728981553475023e-07,7.090608704389837,242.23610474054942,237.46019294306396,239.83138706971172,4.775911797485463,2.371194126647765,2.404717670837698,0.9608695652173912,170.6,99.78916666666667,8,1
2025-08-27,2025,256.9993455634262,256.9494028730462,256.9494028786729,0.04994269037996446,5.626702659355942e-09,0.0499426847532618,256.9993455634262,256.9494029234094,256.9494029050717,0.04994264001675219,-1.8337743767915526e-08,0.04994265835449596,0.9504347826086955,171.39,104.61875000000002,8,2
2025-08-28,2025,143.1992287135367,106.91097636329195,85.81832284393839,36.28825235024476,-21.09265351935356,57.38090586959832,143.1992287135367,77.63854463638768,77.6385442710595,65.56068407714903,-3.653281765991778e-07,65.56068444247721,0.6397042986623604,122.91,115.89166666666665,8,3
2025-08-29,2025,113.90196277537768,69.45280202241878,69.45112250394408,44.4491607529589,-0.0016795184747024905,44.450840271433606,113.90196277537768,95.44555438266221,95.4455545164953,18.456408392715474,1.338330974931523e-07,18.456408258882377,0.7023266093403889,93.72,94.12416666666667,8,4
2025-08-30,2025,211.067153478413,163.13427432542673,163.13427432180316,47.93287915298626,-3.623569000410498e-09,47.93287915660983,211.067153478413,210.27668558725486,210.27668559028388,0.79046789115813,3.0290152608358767e-09,0.7904678881291147,0.8153946702868293,130.35999999999999,70.19916666666667,8,5
2025-08-31,2025,220.91471848664062,219.81479695886642,219.8431821401569,1.0999215277741996,0.028385181290474293,1.0715363464837253,220.91471848664062,220.4786745796666,220.47867372065377,0.43604390697402096,-8.590128288687993e-07,0.4360447659868498,0.8580126317204876,136.1,57.6225,8,6
2025-09-01,2025,343.11164283738105,312.64743914914703,312.64743897399313,30.464203688234022,-1.7515390027256217e-07,30.464203863387922,343.11164283738105,306.8781330482208,306.8781324173588,36.23350978916028,-6.308619617811928e-07,36.23351042002224,0.7347826086956522,225.62,101.46124999999999,9,0
2025-09-02,2025,365.21938277424965,351.266838458356,351.26683818671614,13.952544315893647,-2.7163986260347883e-07,13.95254458753351,365.21938277424965,351.2668383689556,312.44505793413373,13.952544405294077,-38.82178043482185,52.77432484011592,0.9530434782608694,232.96999999999997,122.08791666666666,9,1
2025-09-03,2025,179.20181276839114,165.4789049721456,165.47890497113755,13.722907796245522,-1.0080611900775693e-09,13.722907797253583,179.20181276839114,165.4789052155396,165.4789049560365,13.722907552851524,-2.5950311055567e-07,13.722907812354634,0.834529265216227,112.62,65.6725,9,2
2025-09-04,2025,624.8408900439094,529.2460050845514,446.1961770359126,95.59488495935807,-83.04982804863874,178.6447130079968,624.8408900439094,451.19657104348374,451.196571534321,173.6443190004257,4.908372375211911e-07,173.64431850958846,0.6214394580479355,346.8,87.61166666666668,9,3
2025-09-05,2025,122.92554742473911,111.1909616614629,111.1909618624829,11.734585763276215,2.0102000064525782e-07,11.734585562256214,122.92554742473911,111.19096157545192,111.19096176389131,11.734585849287186,1.8843938676127436e-07,11.734585660847799,0.8278260869565216,84.36,99.91791666666667,9,4
2025-09-06,2025,248.42380044048045,194.28114394852443,194.28114362390937,54.14265649195602,-3.2461505838909943e-07,54.142656816571076,248.42380044048045,221.69241257515878,221.6924127846898,26.731387865321665,2.0953100943188474e-07,26.731387655790655,0.7834782608695651,159.38,75.44583333333333,9,5
2025-09-07,2025,282.5269671012884,276.87369099862104,279.6923215115955,5.653276102667348,2.818630512974437,2.8346455896929115,282.5269671012884,276.87369110706453,282.52696552746755,5.653275994223861,5.653274420403022,1.5738208389848296e-06,0.8695652173913043,161.7,42.13,9,6
2025-09-08,2025,525.5137314737433,416.17411768493866,471.83780848079584,109.33961378880463,55.66369079585718,53.67592299294745,525.5137314737433,471.83780916113795,471.8378091837563,53.67592231260534,2.2618337425228674e-08,53.675922289987,0.6513043478260869,352.82000000000005,123.56208333333332,9,0
2025-09-09,2025,512.8958532014052,507.3385912417738,507.3385911730998,5.557261959631376,-6.867401225463254e-08,5.557262028305388,512.8958532014052,507.4249370170166,507.42493728339105,5.470916184388614,2.663744567144022e-07,5.470915918014157,0.8808695652173912,300.89,142.45291666666665,9,1
2025-09-10,2025,295.1616125650539,293.76300258270385,293.76300254952855,1.398609982350024,-3.317529717605794e-08,1.3986100155253212,295.1616125650539,293.0818324280553,293.081832338644,2.079780136998579,-8.941128726291936e-08,2.0797802264098664,0.9069565217391303,189.1,125.95166666666667,9,2
2025-09-11,2025,259.47556394252587,248.91192698347197,248.9119270323823,10.563636959053895,4.891032290288422e-08,10.563636910143572,259.47556394252587,234.704599458731,234.7045994785521,24.77096448379487,1.9821101204797742e-08,24.77096446397377,0.8971515758942553,133.58,72.18041666666666,9,3
2025-09-12,2025,395.9682324463416,389.1482227406562,384.1583307411248,6.820009705685379,-4.98989199953138,11.80990170521676,395.9682324463416,388.9602949410489,388.9602949507529,7.007937505292659,9.70396740740398e-09,7.007937495588692,0.892367927161906,164.02,54.13041666666667,9,4
2025-09-13,2025,196.78998350667896,156.74154137873145,156.74154136073412,40.04844212794751,-1.7997336954067578e-08,40.04844214594485,196.78998350667896,156.7415413910082,156.74154110660453,40.04844211567075,-2.844036828264507e-07,40.048442400074435,0.9250566616300457,121.91000000000001,60.956250000000004,9,5
2025-09-14,2025,235.21687321919873,231.34845544671734,231.34849224047974,3.8684177724813935,3.679376240484089e-05,3.8683809787189887,235.21687321919873,230.24762435911006,230.24762424705344,4.969248860088669,-1.1205662531210692e-07,4.969248972145294,0.725649684940672,153.29999999999998,71.72333333333334,9,6
2025-09-15,2025,181.34299003127177,134.5865527502035,156.25870549565025,46.75643728106826,21.672152745446738,25.08428453562152,181.34299003127177,172.70689829089636,159.88171157595383,8.636091740375406,-12.825186714942532,21.461278455317938,0.8316659417137885,68.58,8.830833333333333,9,0
2025-09-16,2025,228.87708007702213,218.2907859887169,218.2907858849639,10.586294088305237,-1.0375299552833894e-07,10.586294192058233,228.87708007702213,220.03123705706213,220.0312371908519,8.84584301996,1.3378976859712566e-07,8.845842886170232,0.8449325793823401,133.02,19.522499999999997,9,1
2025-09-17,2025,277.5896848191878,261.6151210163062,196.61418582498004,15.974563802881619,-65.00093519132616,80.97549899420778,277.5896848191878,270.0635844438826,270.06358405966307,7.526100375305248,-3.8421950421252404e-07,7.526100759524752,0.860187017507919,134.70000000000002,75.34083333333332,9,2
2025-09-18,2025,317.8523859183531,317.68624563941034,317.6862454006847,0.1661402789427484,-2.387256472502486e-07,0.16614051766839566,317.8523859183531,317.8523851326336,317.85238526999495,7.857195214455714e-07,1.3736138271269738e-07,6.483581387328741e-07,0.9506414662650713,134.23,65.73,9,3
2025-09-19,2025,625.9993142377157,556.0526166244572,556.0526145918586,69.9466976132585,-2.0325985587987816e-06,69.94669964585705,625.9993142377157,556.0526165022009,556.0526162998269,69.94669773551482,-2.023739398282487e-07,69.94669793788876,0.9391039582427141,409.24,96.48125,9,4
2025-09-20,2025,230.36003258741493,204.98611767371878,195.67801355854607,25.373914913696154,-9.30810411517271,34.682019028868865,230.36003258741493,216.81994868702625,205.15395006476336,13.54008390038868,-11.66599862226289,25.20608252265157,0.8584475088779738,144.95999999999998,58.70666666666667,9,5
2025-09-21,2025,199.12971972502947,195.2414808659737,181.32496360865588,3.8882388590557753,-13.916517257317821,17.804756116373596,199.12971972502947,195.33285743745546,188.77710099107625,3.7968622875740152,-6.555756446379206,10.352618733953221,0.8130434782608694,122.58999999999999,32.177083333333336,9,6
2025-09-22,2025,110.05595480237672,69.10600456386094,69.10600248083585,40.94995023851578,-2.083025080423795e-06,40.94995232154086,110.05595480237672,106.67436221620996,69.10600462328257,3.381592586166761,-37.568357592927384,40.949950179094145,0.741676173583905,70.68999999999998,97.49583333333332,9,0
2025-09-23,2025,158.71351180953354,140.13332518751483,140.13710595200894,18.580186622018715,0.0037807644941096896,18.576405857524605,158.71351180953354,138.05728712554438,104.4245309039381,20.656224683989166,-33.63275622160627,54.28898090559544,0.8779112923232023,98.12000000000002,103.08749999999999,9,1
2025-09-24,2025,188.89766912199067,178.70069954167568,178.70070127624572,10.196969580314999,1.7345700484838744e-06,10.19696784574495,188.89766912199067,183.3123463344043,183.3123463803589,5.585322787586364,4.595457880895992e-08,5.585322741631785,0.93194174849316,110.55,79.18916666666667,9,2
2025-09-25,2025,214.1703434621565,209.35273456727586,209.35273454506955,4.817608894880635,-2.2206307903616107e-08,4.817608917086943,214.1703434621565,212.4707801150248,212.47078012080829,1.6995633471316864,5.783476808574051e-09,1.6995633413482096,0.9297673627057286,108.96,81.81208333333333,9,3
2025-09-26,2025,89.71549059749796,84.63051638440226,84.63051699464079,5.084974213095705,6.102385299300295e-07,5.0849736028571755,89.71549059749796,89.2388135393104,89.2388135047379,0.4766770581875619,-3.4572494200801884e-08,0.4766770927600561,0.9043478260869565,59.860000000000014,94.96083333333335,9,4
2025-09-27,2025,137.96826308129346,133.48606782984004,133.48606783056866,4.482195251453419,7.286189429578371e-10,4.4821952507248,137.96826308129346,133.38169501886966,137.9682631445441,4.586568062423794,4.586568125674432,-6.325063850454171e-08,0.8652173913043478,112.50000000000001,92.79916666666668,9,5
2025-09-28,2025,196.68835507839427,196.6883511688478,175.28214866428527,3.9095464785532386e-06,-21.406202504562515,21.406206414108993,196.68835507839427,196.68835492593163,196.68835506885443,1.5246263274093508e-07,1.4292280070549168e-07,9.539832035443396e-09,0.9104347826086956,129.44,87.18291666666666,9,6
2025-09-29,2025,568.4154905691898,428.7457260251515,428.7457259222631,139.66976454403834,-1.0288840712746605e-07,139.66976464692675,568.4154905691898,428.74572587316413,428.7457253037249,139.6697646960257,-5.694392370969581e-07,139.66976526546495,0.9026086956521738,329.7,130.56541666666666,9,0
2025-09-30,2025,532.354814071323,531.2826944430141,531.282694472084,1.072119628308883,2.9069951779092662e-08,1.0721195992389312,532.354814071323,531.3995145134907,531.3995144036351,0.9552995578322907,-1.0985559129039757e-07,0.955299667687882,0.9426086956521739,271.72999999999996,136.16625,9,1
2025-10-01,2025,430.0558758249295,421.24103263782365,421.2410329347536,8.81484318710585,2.969299544020032e-07,8.814842890175896,430.0558758249295,419.6318900102309,419.6318899603343,10.423985814698597,-4.989658464182867e-08,10.423985864595181,0.9199999999999999,273.9675,116.57166666666667,10,2
2025-10-02,2025,223.0739751285746,221.50917696936486,221.50917697795356,1.5647981592097437,8.588699529354926e-09,1.5647981506210442,223.0739751285746,218.48853602110032,218.48853601551485,4.585439107474286,-5.585462758972426e-09,4.585439113059749,0.9408695652173911,120.5875,102.69583333333333,10,3
2025-10-03,2025,148.29392814464273,142.96022359445806,142.9602236153051,5.333704550184677,2.0847039650107035e-08,5.333704529337638,148.29392814464273,145.64544650911094,145.64544657975816,2.6484816355317946,7.064721785354777e-08,2.6484815648845768,0.7982608695652172,109.65249999999999,66.76135416666666,10,4
2025-10-04,2025,1.5908540347647202,-10.032782393506505,-31.439678087952043,11.623636428271226,-21.406895694445538,33.030532122716764,1.5908540347647202,-1.9960358051733404,-24.812990614814513,3.5868898399380607,-22.816954809641175,26.403844649579234,0.22700587620785326,5.835,-0.2911458333333333,10,5
2025-10-05,2025,49.89304562139705,30.871021969205458,30.871021965576237,19.022023652191592,-3.6292213678734697e-09,19.022023655820814,49.89304562139705,43.70686422315462,41.24700625909552,6.186181398242432,-2.459857964059097,8.64603936230153,0.5444662011728587,40.0275,1.7289583333333332,10,6
2025-10-06,2025,247.7775703166054,209.93995877538714,130.0371448311407,37.83761154121825,-79.90281394424645,117.7404254854647,247.7775703166054,224.254151570593,143.56659981419187,23.523418746012396,-80.68755175640112,104.21097050241352,0.8269565217391304,159.2125,86.17875,10,0
2025-10-07,2025,355.6902200427386,330.2952520694969,147.13182880226978,25.394967973241705,-183.1634232672271,208.5583912404688,355.6902200427386,342.3701139877538,342.3701136652842,13.320106054984763,-3.224696456527454e-07,13.320106377454408,0.8043478260869565,198.12,137.9565625,10,1
2025-10-08,2025,200.22389253307534,200.01480118554272,200.01480121732854,0.20909134753262038,3.178581664542435e-08,0.20909131574680373,200.22389253307534,200.01480140378433,200.01480140639677,0.2090911292910107,2.612438265714445e-09,0.20909112667857244,0.9330434782608694,112.0275,117.57541666666667,10,2
2025-10-09,2025,63.41053674828011,62.37880642400021,62.37880642303361,1.0317303242798985,-9.666010214459675e-10,1.0317303252464995,63.41053674828011,55.17553796400115,55.17553796422926,8.234998784278957,2.2810553446106496e-10,8.234998784050852,0.7834782608695651,66.7,104.91010416666666,10,3
2025-10-10,2025,60.206231381974405,52.673572942934285,52.67357323236397,7.5326584390401194,2.8942968555156767e-07,7.532658149610434,60.206231381974405,59.09090082077218,59.09090076687283,1.115330561202228,-5.389934898403226e-08,1.115330615101577,0.8078260869565217,47.60000000000001,96.4090625,10,4
2025-10-11,2025,103.17588634510089,81.99393443446608,81.99393448140592,21.181951910634808,4.693983157721959e-08,21.181951863694977,103.17588634510089,81.99393446639799,4.0868456662253066e-08,21.181951878702904,-81.99393442552953,103.17588630423244,0.8556521739130434,83.4,90.69125000000001,10,5
2025-10-12,2025,63.43663735495423,58.28014037865766,58.28014039543502,5.156496976296566,1.677735639304956e-08,5.15649695951921,63.43663735495423,58.280140310099824,58.28014046808893,5.1564970448544045,1.579891062419847e-07,5.156496886865298,0.9339130434782608,64.48,89.188125,10,6
2025-10-13,2025,468.49689534611497,222.02345283935057,222.02345331171517,246.4734425067644,4.723646043203189e-07,246.4734420343998,468.49689534611497,287.13036831971965,224.30238266138645,181.36652702639532,-62.827985658333205,244.19451268472852,0.5605566559998522,217.4525,139.0503125,10,0
2025-10-14,2025,533.1996286769597,525.3867275657535,525.3867275719822,7.812901111206202,6.228674465091899e-09,7.812901104977527,533.1996286769597,532.6972175838868,532.6972175674765,0.5024110930729648,-1.6410240277764387e-08,0.5024111094832051,0.9454229403752357,308.3375,156.13677083333332,10,1
2025-10-15,2025,354.7405182390505,353.1076051843118,353.1076060751548,1.632913054738708,8.908430118026445e-07,1.6329121638956963,354.7405182390505,353.10760613026724,353.10760602077823,1.6329121087832732,-1.0948900808216422e-07,1.6329122182722813,0.8173913043478259,190.57,145.72458333333336,10,2
2025-10-16,2025,66.39170979066876,55.08123881331301,55.08123873863603,11.310470977355749,-7.467697571428289e-08,11.310471052032725,66.39170979066876,57.47660150699117,57.47660153067655,8.915108283677583,2.368537366237433e-08,8.91510825999221,0.6634782608695651,59.114999999999995,100.00114583333334,10,3
2025-10-17,2025,58.44167874213259,51.63231198186389,51.632311955891495,6.809366760268695,-2.5972397565965366e-08,6.8093667862410925,58.44167874213259,48.36266625107631,48.362666228170795,10.079012491056275,-2.2905517482740834e-08,10.079012513961793,0.9156521739130434,58.11750000000001,104.405625,10,4
2025-10-18,2025,59.57938428125789,41.6916678241953,41.69166782573453,17.887716457062588,1.5392274121950322e-09,17.88771645552336,59.57938428125789,55.69490499070882,55.69490498290215,3.8844792905490664,-7.806669088950002e-09,3.8844792983557355,0.8069565217391305,65.70250000000001,95.73979166666668,10,5
2025-10-19,2025,112.79149090785928,95.50786661854411,73.51737615806242,17.28362428931517,-21.990490460481695,39.274114749796865,112.79149090785928,95.50786673498975,95.50786676792703,17.283624172869537,3.293727957043302e-08,17.283624139932257,0.697391304347826,87.3925,75.35479166666666,10,6
2025-10-20,2025,121.12652545867508,70.8785940173558,70.87859401586105,50.24793144131928,-1.4947403315090924e-09,50.24793144281402,121.12652545867508,91.75800358148511,91.7580022983604,29.368521877189963,-1.28312471758818e-06,29.36852316031468,0.5079365199440088,80.1225,82.2634375,10,0
2025-10-21,2025,212.54802176225948,177.81700581988943,177.40683645432284,34.73101594237005,-0.41016936556658834,35.14118530793664,212.54802176225948,195.12192936874058,200.59015999477054,17.4260923935189,5.468230626029964,11.957861767488936,0.7258099758446496,99.52250000000001,67.80781250000001,10,1
2025-10-22,2025,305.77808934631076,270.26642453022015,270.26642460085253,35.511664816090615,7.06323817212251e-08,35.51166474545823,305.77808934631076,270.2664236449064,270.2664246500751,35.511665701404354,1.0051687127088371e-06,35.51166469623564,0.8513043478260869,211.07749999999996,125.06989583333335,10,2
2025-10-23,2025,43.06402897149313,-5.3335188919949825,-32.5311856202939,48.397547863488114,-27.197666728298913,75.59521459178703,43.06402897149313,-5.333519080136673,-31.504351770747213,48.397548051629805,-26.17083269061054,74.56838074224035,0.40695652173913033,54.852500000000006,82.27239583333333,10,3
2025-10-24,2025,244.0784004976955,118.62046479766805,229.1530541809845,125.45793570002745,110.53258938331645,14.925346316711,244.0784004976955,173.90479688647568,238.5092156442653,70.17360361121982,64.60441875778963,5.569184853430187,0.6136116692131819,84.88000000000001,32.32125,10,4
2025-10-25,2025,91.42813890585953,83.42386700972901,74.70149546227836,8.004271896130518,-8.72237154745065,16.726643443581168,91.42813890585953,82.55861504545715,82.55861529436416,8.869523860402381,2.4890701411095506e-07,8.869523611495367,0.5509893585351534,61.2725,11.220208333333332,10,5
2025-10-27,2025,195.47274323117753,191.93451040676996,191.93451040695254,3.5382328244075723,1.8258106138091534e-10,3.538232824224991,195.47274323117753,18.470543977358194,18.470543990924657,177.00219925381933,1.3566463508141169e-08,177.00219924025288,,126.53999999999999,68.4015625,10,0
2025-10-28,2025,157.14727943273073,146.16409716947732,146.16409715125732,10.983182263253411,-1.8219992625745363e-08,10.983182281473404,157.14727943273073,141.8028585941574,141.8028568906067,15.344420838573313,-1.7035507084983692e-06,15.344422542124022,0.9208695652173912,100.0075,66.6746875,10,1
2025-10-29,2025,107.89792372576431,53.218915346828325,78.76834098566233,54.67900837893599,25.54942563883401,29.12958274010198,107.89792372576431,53.21891454480701,53.21891491518066,54.67900918095731,3.70373655300682e-07,54.67900881058365,0.7921739130434783,74.70750000000001,87.71885416666667,10,2
2025-10-30,2025,197.61910476915082,164.62809605546357,164.6280962156892,32.99100871368725,1.602256247679179e-07,32.991008553461626,197.61910476915082,46.733693589434466,171.69091480631968,150.88541117971636,124.95722121688522,25.92818996283114,0.677391304347826,117.9325,69.41083333333334,10,3
2025-10-31,2025,82.31297023470522,15.297753842517665,17.113649933345734,67.01521639218755,1.815896090828069,65.19932030135948,82.31297023470522,-11.832016830502825,-11.832016844079607,94.14498706520804,-1.3576782365021245e-08,94.14498707878482,0.4434782608695652,64.44500000000002,93.243125,10,4
2025-11-01,2025,117.4979665878088,22.635160946859184,22.635160944857617,94.86280564094962,-2.001566912213093e-09,94.86280564295119,117.4979665878088,47.90517123229075,47.905171230636114,69.59279535551806,-1.6546337633371877e-09,69.59279535717269,0.23217391304347823,77.42750000000001,47.63104166666667,11,5
2025-11-02,2025,83.27547773556562,41.551350366332805,63.10981087285455,41.72412736923281,21.558460506521747,20.165666862711063,83.27547773556562,46.3255312757794,46.32553149883064,36.94994645978622,2.2305124502963736e-07,36.949946236734974,0.7252173913043477,71.74499999999999,85.9121875,11,6
2025-11-03,2025,21.945033384959512,-19.75672331674204,-19.75672331633238,41.701756701701555,4.0965986158880696e-10,41.70175670129189,21.945033384959512,-20.039504282398774,-20.03950428191447,41.98453766735828,4.843023759804055e-10,41.98453766687398,0.09913043478260869,88.53999999999999,78.29458333333334,11,0
2025-11-04,2025,267.36751347785,200.645785807296,200.64578521132768,66.72172767055403,-5.959683164746821e-07,66.72172826652235,267.36751347785,154.60106697617994,154.60106781752836,112.76644650167009,8.413484238189994e-07,112.76644566032166,0.4504347826086956,124.175,73.55343749999999,11,1
2025-11-05,2025,123.45786947203631,123.45786947311815,123.45786946415491,-1.0818439477588981e-09,-8.96324081622879e-09,7.881396868469892e-09,123.45786947203631,122.51087649785485,122.51087656998354,0.9469929741814553,7.212868524675287e-08,0.9469929020527701,0.8956521739130434,85.41,93.42760416666665,11,2
2025-11-06,2025,76.01909811041952,74.71549299873837,74.7154930022267,1.3036051116811507,3.4883242960859207e-09,1.3036051081928264,76.01909811041952,67.75911977377392,58.67759939876434,8.259978336645602,-9.081520375009575,17.341498711655177,0.937391304347826,70.55499999999999,106.21052083333332,11,3
2025-11-07,2025,112.11455294734635,104.24374651980358,104.24374647927571,7.8708064275427745,-4.052786550801102e-08,7.87080646807064,112.11455294734635,104.10654058126488,104.10654045297532,8.008012366081473,-1.2828955675558973e-07,8.00801249437103,0.9086956521739129,89.73499999999999,110.80458333333333,11,4
2025-11-08,2025,18.902689633514388,-31.452201494235123,-31.452201502864362,50.35489112774951,-8.629239545143719e-09,50.354891136378754,18.902689633514388,5.132980907284569,5.1329809134677635,13.769708726229819,6.1831944009327344e-09,13.769708720046625,0.8252173913043478,42.56,106.46479166666666,11,5
2025-11-09,2025,11.583878042745647,6.077837248924302,6.077837249805816,5.506040793821345,8.815135288386955e-10,5.506040792939832,11.583878042745647,5.59193311706319,5.59193311517001,5.991944925682457,-1.8931807233002473e-09,5.991944927575638,0.6608695652173912,37.485,99.0046875,11,6
2025-11-10,2025,60.26015282657064,-59.52744098587687,-59.52744104110923,119.78759381244751,-5.5232355578027637e-08,119.78759386767987,60.26015282657064,1.844156833722073e-09,1.4503003138972758e-10,60.26015282472648,-1.6991268023323455e-09,60.26015282642561,0.49217391304347824,74.005,109.8884375,11,0
2025-11-11,2025,72.16867433307212,13.21144811812659,35.11680370916017,58.95722621494553,21.905355591033583,37.051870623911945,72.16867433307212,38.22871149825801,38.22871149829375,33.93996283481411,3.574029960873304e-11,33.93996283477837,0.8017391304347825,68.38749999999999,96.88729166666667,11,1
2025-11-12,2025,89.14219157549506,51.16302457209218,69.94752236083451,37.97916700340288,18.78449778874233,19.19466921466055,89.14219157549506,49.4102572120812,68.19475503519547,39.73193436341386,18.784497823114272,20.94743654029959,0.9147826086956521,58.46,80.32375,11,2
2025-11-13,2025,214.0872821821502,197.67408448134165,197.67408449064712,16.413197700808553,9.305466619480285e-09,16.413197691503086,214.0872821821502,198.05268295069612,197.67408449371584,16.03459923145408,-0.37859845698028494,16.413197688434366,0.6965217391304346,125.80250000000001,69.84625,11,3
2025-11-14,2025,26.906877848665506,4.366810865676769,4.3667980448119295,22.540066982988737,-1.282086483911371e-05,22.540079803853576,26.906877848665506,6.059166320141948,6.760250397941881,20.847711528523558,0.7010840777999334,20.146627450723624,0.4434782608695652,59.69749999999999,106.73312499999999,11,4
2025-11-15,2025,47.82137477986155,-30.559800235726907,-23.002356566312912,78.38117501558845,7.5574436694139955,70.82373134617447,47.82137477986155,22.449639725572716,10.977891359968984,25.371735054288834,-11.471748365603732,36.843483419892564,0.3017391304347826,53.6425,90.70489583333331,11,5
2025-11-16,2025,19.351982230551187,16.930504946081477,16.93050495347324,2.4214772844697094,7.391761869257607e-09,2.4214772770779476,19.351982230551187,16.331484375239036,16.33148431599936,3.0204978553121506,-5.923967449916745e-08,3.020497914551825,0.7356521739130434,43.7,101.43624999999999,11,6
2025-11-17,2025,66.70664081511205,12.967146031330428,12.967146032190815,53.73949478378162,8.603873169477083e-10,53.73949478292124,66.70664081511205,17.161699270146617,24.63936975037063,49.54494154496544,7.477670480224013,42.06727106474142,0.46086956521739125,55.670000000000016,94.71447916666666,11,0
2025-11-18,2025,74.89134831613433,64.52371034199916,64.52370997721773,10.367637974135164,-3.6478142817486514e-07,10.367638338916592,74.89134831613433,71.54600771398876,53.612954498821125,3.345340602145569,-17.933053215167632,21.2783938173132,0.8878260869565217,73.9425,101.96520833333334,11,1
2025-11-19,2025,42.671924574728855,34.900282661843676,34.90028265011455,7.77164191288518,-1.1729127891157987e-08,7.771641924614308,42.671924574728855,19.604061904530216,19.604061840413074,23.06786267019864,-6.411714181808748e-08,23.06786273431578,0.9582608695652173,53.485000000000014,102.534375,11,2
2025-11-20,2025,102.02826039099901,68.86478363172805,72.36524255658667,33.163476759270964,3.50045892485862,29.663017834412344,102.02826039099901,79.95032074138722,92.11216056733547,22.077939649611793,12.161839825948249,9.916099823663544,0.9156521739130434,89.03499999999998,125.98635416666666,11,3
2025-11-21,2025,255.9496007092219,222.38482205938462,222.38482203416498,33.56477864983728,-2.52196343808464e-08,33.564778675056914,255.9496007092219,219.34019231854452,219.34019231315995,36.60940839067737,-5.3845781167183304e-09,36.60940839606195,0.9773913043478261,161.685,146.4821875,11,4
2025-11-22,2025,17.545337309972602,-18.030240360971213,-18.030240371726663,35.575577670943815,-1.0755449864063849e-08,35.575577681699265,17.545337309972602,-7.420706707397606,-7.529175777183722,24.96604401737021,-0.10846906978611592,25.074513087156326,0.4444444549510077,39.08749999999999,91.2475,11,5
2025-11-23,2025,1.0838560162275575,-13.884726702204626,-13.884726884290904,14.968582718432183,-1.8208627849958248e-07,14.968582900518461,1.0838560162275575,-8.756458934277802e-11,-12.918905219438246,1.083856016315122,-12.918905219350682,14.002761235665803,0.5640356732597427,22.9125,71.42635416666667,11,6
2025-11-24,2025,259.71512806518905,70.11233712271678,3.763337117488443e-10,189.60279094247227,-70.11233712234045,259.7151280648127,259.71512806518905,9.041431708893085e-09,1.1339725581960201e-10,259.7151280561476,-8.928034453073483e-09,259.71512806507565,0.5008695652173912,193.42000000000002,132.36197916666666,11,0
2025-11-25,2025,398.77270935585955,354.1115209619747,354.111520896474,44.661188393884856,-6.550067155330908e-08,44.66118845938553,398.77270935585955,354.9246056428177,354.9246061886872,43.84810371304184,5.458695113702561e-07,43.848103167172326,0.7452173913043478,277.21500000000003,220.51697916666663,11,1
2025-11-26,2025,319.64962975382736,198.73211248355958,198.7321124127448,120.91751727026778,-7.081476383064e-08,120.91751734108254,319.64962975382736,255.19650932773675,255.19650936616364,64.4531204260906,3.842689011435141e-08,64.45312038766372,0.8643478260869566,206.28500000000003,161.51781250000002,11,2
2025-11-27,2025,29.56685491201571,-11.648129171729948,-17.744970532741963,41.21498408374566,-6.0968413610120145,47.31182544475767,29.56685491201571,-11.648129226535778,-11.648132598123937,41.214984138551486,-3.3715881588847196e-06,41.21498751013965,0.8121739130434782,53.64749999999998,91.17833333333333,11,3
2025-11-28,2025,58.800203286218775,39.99881126695276,39.99730719518448,18.801392019266018,-0.0015040717682737181,18.80289609103429,58.800203286218775,43.757442740576465,-7.9393507134318355,15.04276054564231,-51.6967934540083,66.73955399965061,0.6153511778431272,56.7875,85.04822916666666,11,4
2025-11-29,2025,-2.6701999741679733e-10,-11.628530806001162,-11.633059197648215,11.628530805734142,-0.004528391647053098,11.633059197381195,-2.6701999741679733e-10,-22.431130520881744,-22.431130295657134,22.431130520614726,2.252246105172162e-07,22.431130295390115,0.6927593118756902,29.357500000000016,90.19322916666665,11,5
2025-11-30,2025,27.140120573583243,1.2361600209718852e-09,9.890878721232042,27.140120572347083,9.890878719995882,17.2492418523512,27.140120573583243,8.282573834915213e-11,9.197460184432995e-11,27.14012057350042,9.148863495177817e-12,27.140120573491266,0.3104347826086956,40.8575,84.1484375,11,6
2025-12-01,2025,50.29261449635268,-37.639062671585506,-37.63906265018506,87.93167716793818,2.140044585985379e-08,87.93167714653774,50.29261449635268,-31.810146030225255,-31.810146023581517,82.10276052657792,6.6437380041861616e-09,82.1027605199342,0.13130434782608694,67.53,93.43135416666667,12,0
2025-12-02,2025,155.09234723647182,48.896229842294396,48.8962298438658,106.19611739417743,1.5714007872702496e-09,106.19611739260603,155.09234723647182,26.585896217987568,26.58589619239997,128.50645101848426,-2.5587596041987126e-08,128.50645104407187,0.2052173913043478,112.73499999999999,100.36999999999999,12,1
2025-12-03,2025,311.8632175544926,114.76441448617507,114.7644147009229,197.09880306831755,2.147478284086901e-07,197.09880285356974,311.8632175544926,194.95140272735273,194.9514026373886,116.91181482713989,-8.996411793305015e-08,116.91181491710401,0.6217391304347826,219.27750000000003,164.806875,12,2
2025-12-04,2025,64.65424653445804,-0.49146678435792346,-19.66636561068966,65.14571331881596,-19.174898826331734,84.32061214514769,64.65424653445804,1.3166437762648435,1.3166436140230537,63.3376027581932,-1.622417897806372e-07,63.33760292043499,0.886086956521739,73.62750000000001,124.86104166666667,12,3
2025-12-05,2025,107.90628368698064,89.74310213868824,89.74310230164286,18.1631815482924,1.6295462046400644e-07,18.16318138533778,107.90628368698064,90.6534155458573,90.65341559900773,17.252868141123344,5.3150429835113755e-08,17.252868087972914,0.8478260869565216,100.31,133.28635416666665,12,4
2025-12-06,2025,13.133357190039257,-29.246072325565883,-29.246072419763046,42.37942951560514,-9.419716207048623e-08,42.3794296098023,13.133357190039257,-28.91112461064011,-28.911124603345467,42.044481800679364,7.294641335420238e-09,42.044481793384726,0.4652173913043478,31.002500000000012,79.61416666666666,12,5
2025-12-07,2025,52.03691451578636,43.79316711105461,43.793167104889854,8.24374740473175,-6.1647540405829204e-09,8.243747410896503,52.03691451578636,1.3969797580553894e-08,8.052439470509322e-10,52.03691450181656,-1.3164553633502961e-08,52.03691451498111,0.8365217391304347,70.0825,80.39229166666667,12,6
2025-12-08,2025,153.23670850200654,152.76113552238513,152.76113553959772,0.4755729796214041,1.7212585134984693e-08,0.47557296240881897,153.23670850200654,143.64265445863109,143.64265459055758,9.59405404337545,1.3192649817028723e-07,9.594053911448952,0.8217391304347826,104.25999999999999,70.63520833333332,12,0
2025-12-09,2025,39.2585004213127,12.532514812147369,12.532514389778628,26.725985609165328,-4.22368740871093e-07,26.72598603153407,39.2585004213127,2.7355755036294536,2.735575492473993,36.52292491768324,-1.1155460555301033e-08,36.522924928838705,0.7191304347826086,74.33,91.57416666666666,12,1
2025-12-10,2025,98.56755212196654,66.62673908177271,66.62673927173779,31.94081304019383,1.8996507833435317e-07,31.940812850228752,98.56755212196654,70.04408230886706,69.73240222551394,28.52346981309948,-0.31168008335312436,28.835149896452606,0.6982608695652174,74.6725,78.5034375,12,2
2025-12-11,2025,29.156744771280646,25.801949621574323,25.80194989965132,3.354795149706323,2.7807699609638803e-07,3.354794871629327,29.156744771280646,27.461132028585126,27.461132023720225,1.6956127426955199,-4.864901370638108e-09,1.6956127475604212,0.9652173913043477,42.89,94.45552083333332,12,3
2025-12-12,2025,55.65356466756296,52.23109956681853,52.23109956627381,3.422465100744432,-5.44716272088408e-10,3.4224651012891485,55.65356466756296,36.42120963167673,36.42120963082728,19.23235503588623,-8.494538406011998e-10,19.232355036735683,0.9252173913043478,63.04499999999999,113.4434375,12,4
2025-12-13,2025,19.883890287943593,-3.265866643518498,-3.265866648732679,23.149756931462093,-5.214181086898861e-09,23.149756936676273,19.883890287943593,-3.2658666277667763,-3.265866627573259,23.14975691571037,1.9351720226268299e-10,23.149756915516853,0.7939130434782607,40.565,95.91864583333331,12,5
2025-12-14,2025,0.07133264784861648,-4.5034242245768255,-4.503424231762409,4.574756872425442,-7.185583683622099e-09,4.574756879611026,0.07133264784861648,-3.0711490809572695,-4.5034242242393,3.142481728805886,-1.4322751432820304,4.574756872087916,0.7443478260869565,27.542500000000004,86.20822916666667,12,6
2025-12-15,2025,21.758631496676784,-13.302768008982557,-1.237784945356053e-07,35.06139950565934,13.302767885204062,21.75863162045528,21.758631496676784,6.4492832482945825,6.4492832563586635,15.309348248382202,8.064080958547493e-09,15.309348240318121,0.36695652173913035,37.9875,87.40270833333334,12,0
2025-12-16,2025,92.82544388265762,74.07271693436029,74.07271697819264,18.752726948297337,4.3832358187501086e-08,18.75272690446498,92.82544388265762,47.79016749630212,4.790036207534972e-09,45.035276386355505,-47.79016749151208,92.82544387786758,0.7965217391304347,85.10749999999999,106.74447916666668,12,1
2025-12-17,2025,29.7107700733301,14.878397145444412,14.878240283908436,14.832372927885688,-0.00015686153597549435,14.832529789421663,29.7107700733301,16.91408727605136,16.914087276053884,12.796682797278738,2.5224267119483557e-12,12.796682797276215,0.5739130434782608,48.46000000000001,106.39666666666669,12,2
2025-12-18,2025,81.48925015864425,39.75483286827742,39.75483279567891,41.734417290366835,-7.259851031449216e-08,41.734417362965345,81.48925015864425,38.8029808846215,39.72388306492242,42.686269274022756,0.9209021803009207,41.765367093721835,0.8843478260869565,95.84,74.22302083333334,12,3
2025-12-19,2025,165.87910803008418,150.3832397006195,150.38323930454945,15.495868329464685,-3.960700496463687e-07,15.495868725534734,165.87910803008418,150.80489274502617,150.80489273727167,15.074215285058017,-7.754493935863138e-09,15.07421529281251,0.5173913043478261,103.965,70.07041666666667,12,4
2025-12-20,2025,16.071540689495457,5.896643665823785,5.896643440884237,10.174897023671672,-2.249395478770566e-07,10.17489724861122,16.071540689495457,6.490627168713285,6.490627612852617,9.580913520782172,4.4413933153464313e-07,9.58091307664284,0.686086956521739,38.99249999999999,103.05697916666668,12,5
2025-12-21,2025,-2.1360773448938124e-10,-40.440465134335234,-40.44046512888836,40.440465134121624,5.446871398362418e-09,40.44046512867475,-2.1360773448938124e-10,-9.068558816405983e-10,-2.657337428075672e-09,6.932481471512172e-10,-1.7504815464350737e-09,2.4437296935862906e-09,0.6295652173913043,36.10499999999999,91.56906249999999,12,6
2025-12-22,2025,24.42038138220685,-3.951760812143928e-12,-1.2340877140362561e-11,24.4203813822108,-8.389116328218633e-12,24.42038138221919,24.42038138220685,2.5917338881585116e-11,3.469677388242454e-11,24.42038138218093,8.779435000839425e-12,24.420381382172152,0.49478260869565216,41.582499999999996,85.55427083333335,12,0
2025-12-23,2025,8.947315426559065,1.042238632943242,1.0422386382514564,7.905076793615823,5.308214312549353e-09,7.905076788307609,8.947315426559065,1.0422386522726566,1.0422386487605628,7.9050767742864085,-3.5120937269539354e-09,7.905076777798502,0.8443478260869565,27.352500000000006,74.7309375,12,1
2025-12-24,2025,21.396721220790525,8.249318129358322,8.249318127806298,13.147403091432203,-1.5520242868660716e-09,13.147403092984227,21.396721220790525,1.7473240268106738e-11,9.674139333301534,21.396721220773053,9.67413933328406,11.72258188748899,0.9101978906188446,33.29249999999999,69.38437499999999,12,2
2025-12-25,2025,49.15541100688889,31.12366511151334,31.1236651155238,18.03174589537555,4.010459520031873e-09,18.03174589136509,49.15541100688889,30.86894635457749,30.868946355379187,18.286464652311402,8.016982633307634e-10,18.286464651509704,0.46879757577024106,48.2875,69.75135416666667,12,3
2025-12-26,2025,15.322013998600696,2.990065816150823,2.9900658183557667,12.331948182449873,2.204943783112867e-09,12.331948180244929,15.322013998600696,14.259368888978143,14.259368869069881,1.0626451096225527,-1.9908261705836594e-08,1.0626451295308144,0.8930434782608694,38.1575,97.53479166666666,12,4
2025-12-27,2025,11.426253975652838,1.3745702888133309,1.3745702914217972,10.051683686839507,2.608466331821546e-09,10.05168368423104,11.426253975652838,-3.423558349989261e-10,-1.848474391253902e-08,11.426253975995193,-1.8142388077540095e-08,11.426253994137582,0.88,33.88749999999999,91.44416666666666,12,5
2025-12-28,2025,13.635918172787681,4.022994901106738,4.022994898720745,9.612923271680943,-2.3859936248982194e-09,9.612923274066937,13.635918172787681,-5.233442543329493e-11,-5.296734572913271e-11,13.635918172840016,-6.329202958377801e-13,13.635918172840649,0.8052173913043478,35.6375,92.76677083333334,12,6
2025-12-29,2025,3.690014450332078,-10.738224459689357,-10.73822445954352,14.428238910021435,1.4583712015792116e-10,14.4282389098756,3.690014450332078,-4.4687954725840315e-10,-1.1809744140780012e-09,3.6900144507789574,-7.34094866819598e-10,3.6900144515130524,0.5843478260869565,31.6875,94.34833333333334,12,0
2025-12-30,2025,28.88770993370788,1.6674388091845112,2.8275905106757584,27.22027112452337,1.1601517014912472,26.060119423032123,28.88770993370788,1.3212795614329174e-10,1.8767751922997347e-10,28.887709933575753,5.554956308668172e-11,28.887709933520203,0.6808695652173912,42.17750000000001,87.76,12,1
2025-12-31,2025,12.529185872076223,12.049207374683903,12.04920737547215,0.47997849739232024,7.882476893428247e-10,0.47997849660407255,12.529185872076223,7.586480171109578,7.5864801833824504,4.942705700966645,1.2272872496055243e-08,4.942705688693772,0.7956521739130433,35.16749999999999,87.31374999999998,12,2
2026-01-01,2026,30.27150061786122,20.543795953429896,12.584151118620756,9.727704664431325,-7.95964483480914,17.687349499240465,30.27150061786122,1.5773333715953641e-09,17.115594706256406,30.271500616283888,17.115594704679072,13.155905911604815,0.2143944386407503,58.2875,9.754166666666666,1,3
2026-01-02,2026,140.8055385421225,5.2301826335710775,5.23266852632395,135.57535590855142,0.002485892752872587,135.57287001579854,140.8055385421225,12.494008429501225,12.494008827613634,128.31153011262126,3.981124088170418e-07,128.31152971450885,0.1613394254274206,88.9075,54.690416666666664,1,4
2026-01-03,2026,18.97379217551554,2.808254855000179,2.808254668137341,16.165537320515362,-1.8686283809188353e-07,16.1655375073782,18.97379217551554,14.978053644743614,14.978053627729853,3.995738530771927,-1.70137610666643e-08,3.995738547785688,0.8869565217391304,37.802499999999995,88.67156250000001,1,5
2026-01-04,2026,16.69759421019694,15.41978595262097,15.419785952522489,1.2778082575759697,-9.848122317634989e-11,1.277808257674451,16.69759421019694,7.499093684281514e-10,2.2317379778919005e-10,16.69759420944703,-5.267355706389613e-10,16.697594209973765,0.9626086956521739,38.6225,94.43583333333333,1,6
2026-01-05,2026,176.50680072561357,138.1503386583678,76.18329420382514,38.356462067245786,-61.967044454542645,100.32350652178843,176.50680072561357,2.632492279353723e-09,1.852919001187115e-10,176.50680072298107,-2.4472003792350114e-09,176.5068007254283,0.8201783190191787,137.1125,134.41156250000003,1,0
2026-01-06,2026,56.38315446373362,29.406380512551827,29.406380513255076,26.97677395118179,7.032490145775228e-10,26.97677395047854,56.38315446373362,28.652524424012583,28.652524423988897,27.730630039721035,-2.368594209656294e-11,27.73063003974472,0.8584475088779738,76.0025,127.42458333333333,1,1
2026-01-07,2026,27.145202653824526,0.059954424225647784,0.05995443484364138,27.08524822959888,1.0617993595474218e-08,27.085248218980887,27.145202653824526,3.6007936862800634,3.6007936823445945,23.544408967544463,-3.935468839699752e-09,23.544408971479932,0.863478260869565,44.405,99.39666666666666,1,2
2026-01-08,2026,261.8495665474404,180.09800732976242,169.1486400934399,81.751559217678,-10.94936723632253,92.70092645400052,261.8495665474404,94.2961492134318,7.239863774024787e-11,167.5534173340086,-94.2961492133594,261.849566547368,0.6130434782608695,185.54999999999998,154.1209375,1,3
2026-01-09,2026,42.29412229007927,-0.23054984601678008,-0.23054943117138116,42.52467213609605,4.148453989216705e-07,42.524671721250655,42.29412229007927,3.7753657175735587,3.775365714880502,38.518756572505715,-2.693056444513786e-09,38.51875657519877,0.7347826086956522,46.08500000000001,78.7003125,1,4
2026-01-10,2026,83.11910869885726,45.872376857255055,45.87237664060296,37.246731841602205,-2.166520971513819e-07,37.2467320582543,83.11910869885726,76.54784710522017,39.12979908076045,6.5712615936370895,-37.41804802445972,43.98930961809681,0.6652173913043479,73.29,97.55666666666667,1,5
2026-01-11,2026,8.623843202933699,1.402259189130442,1.402259193812771,7.221584013803257,4.68232919104139e-09,7.221584009120928,8.623843202933699,4.0397171701039944,4.039717169983959,4.584126032829705,-1.2003553706563252e-10,4.58412603294974,0.7782608695652173,34.647499999999994,95.7759375,1,6
2026-01-12,2026,49.57331321166423,12.8304407191049,10.966136753786369,36.74287249255933,-1.8643039653185305,38.607176457877856,49.57331321166423,23.045194898615883,23.045194894828203,26.528118313048346,-3.78767950337533e-09,26.528118316836025,0.6991304347826087,56.17499999999998,104.34937500000001,1,0
2026-01-13,2026,46.5617874824979,5.038392376883577,5.038392377010565,41.52339510561432,1.269881977350451e-10,41.52339510548733,46.5617874824979,25.650109235643328,25.650109231899073,20.91167824685457,-3.744254684079351e-09,20.911678250598825,0.8156521739130433,59.52499999999999,105.70843750000002,1,1
2026-01-14,2026,133.86874928916555,17.30456707777845,17.304567075365973,116.5641822113871,-2.4124773290168378e-09,116.56418221379957,133.86874928916555,1.9283118562048722,3.875457941462196e-09,131.94043743296066,-1.9283118523294143,133.86874928529008,0.6617391304347826,115.7275,118.13895833333333,1,2
2026-01-15,2026,49.141613169866716,9.492229087532499,9.492228425033572,39.649384082334215,-6.624989268289028e-07,39.64938474483314,49.141613169866716,10.25960218867123,10.2596074184271,38.882010981195485,5.229755869251562e-06,38.882005751439614,0.723635590057218,64.34,101.46479166666667,1,3
2026-01-16,2026,125.6904539458325,123.0764740502275,123.07647398328568,2.6139798956049987,-6.694182275168714e-08,2.6139799625468214,125.6904539458325,116.01037540340283,69.43483211798439,9.68007854242967,-46.57554328541845,56.25562182784812,0.6570993849618127,103.09499999999998,109.72833333333334,1,4
2026-01-17,2026,26.650537831494606,17.039434473429477,17.03943447453865,9.61110335806513,1.1091714213762316e-09,9.611103356955958,26.650537831494606,22.542161571974184,22.54216153886688,4.108376259520423,-3.3107305341673054e-08,4.108376292627728,0.877391304347826,47.660000000000025,112.2578125,1,5
2026-01-18,2026,18.917278372877455,2.7877445598791475,2.78774455986151,16.129533812998307,-1.7637447058405087e-11,16.129533813015946,18.917278372877455,-4.1731254131660665e-10,-1.8647522717983907e-10,18.917278373294767,2.3083731413676758e-10,18.91727837306393,0.47043478260869553,45.33999999999999,109.37260416666668,1,6
2026-01-19,2026,143.2939407969314,54.24388078276336,40.46939076407141,89.05006001416803,-13.77449001869195,102.82455003285997,143.2939407969314,4.770324765773485e-09,5.682456702513355e-10,143.29394079216107,-4.202079095522149e-09,143.29394079636316,0.44,108.0925,139.99479166666666,1,0
2026-01-20,2026,395.9597134966394,269.773066162066,245.85601475376308,126.18664733457337,-23.91705140830294,150.1036987428763,395.9597134966394,129.71247529193155,129.71247470980552,266.24723820470786,-5.821260344873735e-07,266.24723878683386,0.8226086956521739,173.1125,156.17010416666668,1,1
2026-01-21,2026,81.18827196141265,76.90857057183462,76.90857056349839,4.279701389578037,-8.336229484484647e-09,4.279701397914266,81.18827196141265,76.90857039991653,76.90857046883139,4.279701561496125,6.891485782034579e-08,4.2797014925812675,0.8530434782608695,77.70500000000001,116.99697916666668,1,2
2026-01-22,2026,49.65602383821418,46.60809883535337,46.60809885444345,3.047925002860815,1.9090080627393036e-08,3.0479249837707343,49.65602383821418,13.989803987126079,14.534145845278267,35.6662198510881,0.5443418581521886,35.121877992935914,0.8313043478260868,53.265,105.28072916666667,1,3
2026-01-23,2026,45.97757519418009,34.06882166258606,34.068821656311925,11.90875353159403,-6.27413498932583e-09,11.908753537868165,45.97757519418009,6.713132973271524,6.71313297365003,39.26444222090856,3.7850611533940537e-10,39.26444222053006,0.8730434782608695,57.935,110.29312499999999,1,4
2026-01-24,2026,25.513366822701805,-10.677117945408483,-10.677117961358602,36.19048476811029,-1.5950119447438738e-08,36.19048478406041,25.513366822701805,1.575592771285898e-09,2.220649802682278e-10,25.513366821126212,-1.3535277910176702e-09,25.51336682247974,0.786086956521739,49.175,111.95552083333332,1,5
2026-01-25,2026,4.598050805587642,0.04393544861077281,0.04393544862526966,4.554115356976869,1.4496848166345444e-11,4.554115356962372,4.598050805587642,9.012930261057176e-10,4.1657817297807824e-10,4.598050804686348,-4.847148531276393e-10,4.598050805171064,0.7921739130434783,37.41,111.92833333333333,1,6
2026-01-26,2026,87.89400686482273,28.346576492070007,4.566142099445678e-09,59.54743037275272,-28.346576487503864,87.89400686025658,87.89400686482273,40.77684001674249,5.77208039334322e-11,47.11716684808024,-40.77684001668477,87.894006864765,0.7260869565217389,83.66499999999999,141.3096875,1,0
2026-01-27,2026,50.50003346898432,1.5602640325772654,1.5602631400500488,48.939769436407055,-8.925272165782872e-07,48.93977032893427,50.50003346898432,32.547030832102564,32.54703083336399,17.953002636881756,1.2614265187949059e-09,17.95300263562033,0.8626086956521738,66.08999999999999,130.60614583333333,1,1
2026-01-28,2026,61.75165006262654,36.81575476335535,36.81575476442343,24.935895299271188,1.068080734967225e-09,24.935895298203107,61.75165006262654,55.734905658180345,29.77930922358652,6.016744404446193,-25.955596434593826,31.97234083904002,0.8297456164838775,71.40499999999999,136.82791666666665,1,2
2026-01-29,2026,57.598970202359965,51.37927214567337,51.38396201676174,6.219698056686596,0.00468987108837382,6.215008185598222,57.598970202359965,47.554997336902424,47.55499732464886,10.04397286545754,-1.2253565273567801e-08,10.043972877711106,0.9567297464698796,68.01249999999999,132.40229166666666,1,3
2026-01-30,2026,29.315434032536587,27.61879328718163,27.61879349891139,1.696640745354955,2.1172975905869862e-07,1.696640533625196,29.315434032536587,27.146772504964886,27.146772505328116,2.1686615275717003,3.632294465205632e-10,2.168661527208471,0.9199999999999999,54.34,113.68802083333334,1,4
2026-01-31,2026,21.917668863167062,-29.904719324040116,-29.90471932385597,51.82238818720718,1.8414425539958756e-10,51.82238818702304,21.917668863167062,-8.272342918901354e-11,-1.1137074765005464e-10,21.917668863249787,-2.8647318461041098e-11,21.917668863278433,0.3478260869565217,45.13499999999999,109.38927083333333,1,5
2026-02-01,2026,18.825118602758508,4.815018938611086,4.815018938278069,14.010099664147422,-3.3301716939604376e-10,14.010099664480439,18.825118602758508,4.784687610207608e-11,4.292363001675565e-11,18.82511860271066,-4.92324608532043e-12,18.825118602715584,0.9191304347826086,43.38249999999999,108.58666666666666,2,6
2026-02-02,2026,28.90979539066334,-38.63329228833628,-38.633292291756746,67.54308767899963,-3.420467464820831e-09,67.5430876824201,28.90979539066334,-18.9462327093362,-21.17226043686083,47.85602809999954,-2.226027727524631,50.08205582752417,0.4652173913043478,49.155,107.74333333333334,2,0
2026-02-03,2026,35.62938271265544,3.7493749715388507,3.749374971545288,31.880007741116593,6.437517185986508e-12,31.880007741110155,35.62938271265544,4.185902490072615,3.749374965396367,31.443480222582828,-0.4365275246762481,31.880007747259075,0.5939130434782608,49.50749999999999,98.47604166666667,2,1
2026-02-04,2026,10.72414943360023,-8.095069432242157,-8.095069423690802,18.819218865842387,8.551355179520215e-09,18.819218857291034,10.72414943360023,-7.650290975364097,-8.095069427216696,18.374440408964325,-0.44477845185259923,18.819218860816925,0.6269565217391303,45.297499999999985,102.95437499999998,2,2
2026-02-05,2026,37.62383381392422,3.6818893372049057,3.681889326480455,33.941944476719314,-1.0724450660859475e-08,33.94194448744376,37.62383381392422,6.756251506769679e-10,6.037549835718188e-10,37.623833813248595,-7.187016710514911e-11,37.623833813320466,0.7347826086956522,53.067499999999995,110.54197916666665,2,3
2026-02-06,2026,24.58081616558443,8.206300828366617,8.206300828252767,16.374515337217815,-1.1385026255084085e-10,16.374515337331665,24.58081616558443,1.2770351794804772e-10,-3.306552574995785e-10,24.580816165456728,-4.583587754476262e-10,24.580816165915085,0.7626086956521738,46.6525,121.88333333333333,2,4
2026-02-07,2026,11.508180010269669,-22.30755441109182,-22.307554335549796,33.81573442136149,7.554202596793402e-08,33.815734345819465,11.508180010269669,-1.961734412961339e-09,-4.2991196205237715e-09,11.508180012231403,-2.3373852075624326e-09,11.508180014568788,0.6043478260869565,38.937499999999986,107.51552083333333,2,5
2026-02-08,2026,6.280005485395593,5.36493352061531,5.364933520582129,0.9150719647802834,-3.318056940315728e-11,0.915071964813464,6.280005485395593,6.18706646190296e-10,1.2701886288050906e-11,6.280005484776886,-6.060047599022451e-10,6.280005485382891,0.8495652173913043,36.407499999999985,104.05239583333332,2,6
2026-02-09,2026,140.99271814882866,85.0980467435197,1.9860400790420556e-09,55.894671405308955,-85.09804674153366,140.9927181468426,140.99271814882866,8.825399296600834e-10,1.921287476727161e-10,140.9927181479461,-6.904111819873673e-10,140.99271814863653,0.5591304347826086,131.76,139.27885416666666,2,0
2026-02-10,2026,7.737697155077891,-4.931396859700866,-4.931396904203131,12.669094014778757,-4.4502264984203066e-08,12.669094059281022,7.737697155077891,-3.1262998471379806,-3.12629984794809,10.863997002215871,-8.101093129653236e-10,10.86399700302598,0.9341161342805916,43.29999999999998,116.84510416666666,2,1
2026-02-11,2026,14.89656234189221,10.54388399037577,12.14422624058356,4.35267835151644,1.60034225020779,2.75233610130865,14.89656234189221,-1.2373467200544009e-10,-1.1085333507289628e-10,14.896562342015944,1.288133693254381e-11,14.896562342003064,0.9530230535015224,42.38749999999999,112.53614583333335,2,2
2026-02-12,2026,18.085207171898084,14.2443450473254,14.244345073498584,3.840862124572684,2.6173184508593295e-08,3.8408620983994997,18.085207171898084,-2.4106727889196242e-11,-4.579122974420014e-11,18.08520717192219,-2.1684501855003896e-11,18.085207171943875,0.9180256794535983,40.769999999999996,104.544375,2,3
2026-02-13,2026,41.88642749361884,34.6162644342561,34.616264425117635,7.270163059362737,-9.138467760294589e-09,7.270163068501205,41.88642749361884,1.4874661462619756e-09,1.7895750303113098e-09,41.886427492131375,3.0210888404933414e-10,41.88642749182927,0.8678260869565216,54.167499999999976,106.84072916666666,2,4
2026-02-14,2026,22.548960631008782,19.138342156538204,19.138342121554935,3.410618474470578,-3.4983269614485835e-08,3.4106185094538475,22.548960631008782,12.883939256438484,17.84956405817202,9.665021374570298,4.9656248017335365,4.699396572836761,0.8982608695652173,44.420000000000016,103.53916666666665,2,5
2026-02-15,2026,17.267675823955653,-62.9535950477796,-62.95359469182962,80.22127087173526,3.5594997882526513e-07,80.22127051578528,17.267675823955653,-3.903670876747228e-10,-26.985592074535596,17.26767582434602,-26.985592074145227,44.253267898491245,-0.2904347826086956,43.737500000000004,84.239375,2,6
2026-02-16,2026,72.72345488314821,6.444710008404808,6.444709985112182,66.2787448747434,-2.3292626494253454e-08,66.27874489803602,72.72345488314821,4.482548244598366,4.482548250920754,68.24090663854984,6.322387946511299e-09,68.24090663222745,-0.32956521739130434,65.945,94.84374999999999,2,0
2026-02-17,2026,31.428367587746216,8.084403545066769,8.084403545277352,23.343964042679445,2.105835505972209e-10,23.343964042468862,31.428367587746216,8.08440354093955,8.084403541427358,23.34396404680667,4.878089043813816e-10,23.34396404631886,0.6521739130434783,44.68249999999999,97.57989583333334,2,1
2026-02-18,2026,111.75305703802297,93.06853975803838,-4.616159682341271,18.68451727998459,-97.68469944037966,116.36921672036425,111.75305703802297,9.323123597696267e-10,2.6437344342520076e-10,111.75305703709066,-6.67938916344426e-10,111.7530570377586,0.7069565217391304,96.6275,114.15333333333335,2,2
2026-02-19,2026,10.331561184830566,-43.24344434547457,-43.243444202408064,53.575005530305134,1.4306650797379916e-07,53.57500538723863,10.331561184830566,-25.744060063572512,-25.744059331731002,36.07562124840308,7.318415100598941e-07,36.07562051656157,0.6939130434782607,35.8625,92.93906249999999,2,3
2026-02-20,2026,3.817175653013079,-40.840597773478706,-40.84059782787632,44.65777342649179,-5.439761707748403e-08,44.657773480889404,3.817175653013079,-3.449987423683211e-09,-2.4273753211329896e-08,3.8171756564630663,-2.0823765787646686e-08,3.817175677286832,0.12347826086956522,69.3375,86.99885416666666,2,4
2026-02-21,2026,89.03085630639472,-7.780573357821277,23.757726902202855,96.811429664216,31.53830026002413,65.27312940419188,89.03085630639472,2.3048279084423525e-10,9.274175484742693e-10,89.03085630616424,6.969347576300341e-10,89.03085630546731,-0.1678260869565217,72.4525,62.51458333333333,2,5
2026-02-22,2026,44.540157420496,43.287972104339424,43.28797208128704,1.2521853161565772,-2.3052386666222446e-08,1.252185339208964,44.540157420496,37.87124990949486,37.871249914581654,6.668907511001144,5.08679676158863e-09,6.668907505914348,0.8904347826086956,44.567499999999995,53.861875,2,6
2026-02-23,2026,222.39929995375815,24.15826893269721,24.158268603924732,198.24103102106093,-3.2877247946316857e-07,198.2410313498334,222.39929995375815,33.23361607229578,33.233616069226635,189.16568388146237,-3.069146714551607e-09,189.16568388453152,0.5965217391304348,107.995,68.05885416666666,2,0
2026-02-24,2026,148.71423334728956,96.8786995874985,96.87869939580673,51.83553375979106,-1.9169176823652379e-07,51.83553395148283,148.71423334728956,95.4208292467468,52.742486939175194,53.29340410054276,-42.67834230757161,95.97174640811437,0.7591304347826088,101.69000000000001,114.79364583333331,2,1
2026-02-25,2026,77.66614383347746,49.31519099382791,49.31519087550224,28.35095283964955,-1.183256728154447e-07,28.350952957975224,77.66614383347746,30.31672076311186,62.06583560493966,47.3494230703656,31.749114841827797,15.600308228537806,0.6391304347826086,70.535,93.6565625,2,2
2026-02-26,2026,166.0376610005431,157.73028420497528,157.73028405832991,8.30737679556782,-1.4664536251984828e-07,8.307376942213182,166.0376610005431,134.5030365788926,141.06471577696985,31.534624421650506,6.5616791980772575,24.972945223573248,0.8591304347826085,99.0425,76.8853125,2,3
2026-02-27,2026,204.796993873512,190.85992918655418,190.85992918853168,13.937064686957825,1.9774972770392196e-09,13.937064684980328,204.796993873512,188.77780122197103,193.65764205202422,16.019192651540976,4.879840830053183,11.139351821487793,0.8878260869565217,118.1125,64.92166666666667,2,4
2026-02-28,2026,150.18990442412385,87.96074614213147,87.9607461372706,62.22915828199238,-4.860865487898991e-09,62.22915828685325,150.18990442412385,150.189903754244,150.18990438983383,6.6987985292144e-07,6.355898278798122e-07,3.4290025041627814e-08,0.6,95.445,53.354166666666664,2,5
2026-03-01,2026,175.84201902762794,175.46199718061794,175.46199718009476,0.3800218470099992,-5.23186827194877e-10,0.380021847533186,175.84201902762794,175.1595607387214,175.15956073833732,0.6824582889065312,-3.8409098124247976e-10,0.6824582892906221,0.6930434782608694,110.99,52.934270833333336,3,6
2026-03-02,2026,295.0942152655774,231.56631623830035,221.8989246348325,63.52789902727707,-9.667391603467848,73.19529063074492,295.0942152655774,196.8709490262364,196.8709489824612,98.22326623934103,-4.3775202129836543e-08,98.22326628311623,0.8391304347826085,158.9275,92.86500000000001,3,0
2026-03-03,2026,286.5243682673386,274.46489580093976,274.46489605900956,12.059472466398859,2.580698037490947e-07,12.059472208329055,286.5243682673386,274.46489604619006,274.46489606040666,12.059472221148553,1.4216595900506945e-08,12.059472206931957,0.9626086956521739,171.89249999999998,106.52447916666667,3,1
2026-03-04,2026,504.8029647974161,489.32960423271936,489.3296041782674,15.473360564696748,-5.445195938591496e-08,15.473360619148707,504.8029647974161,470.6639498858948,376.2873181881392,34.139014911521315,-94.37663169775561,128.51564660927693,0.9504347826086955,277.885,147.3996875,3,2
2026-03-05,2026,337.792344583832,335.10378607311077,335.103787803479,2.6885585107212364,1.7303682398051023e-06,2.6885567803529966,337.792344583832,334.91247287338155,334.9124729552505,2.879871710450459,8.186896138795419e-08,2.8798716285814976,0.9382608695652173,189.8975,110.85510416666666,3,3
2026-03-06,2026,287.7282016060899,270.64141573167376,270.6414156601674,17.086785874416137,-7.150634928621002e-08,17.086785945922486,287.7282016060899,260.70540952125145,260.70540918642513,27.022792084838443,-3.348263248881267e-07,27.022792419664768,0.9608695652173912,180.9,123.79895833333335,3,4
2026-03-07,2026,270.9243895937925,198.65223312616283,198.65223311973276,72.27215646762969,-6.430070698115742e-09,72.27215647405976,270.9243895937925,225.70087506088842,225.70087499575968,45.22351453290409,-6.512874506370281e-08,45.223514598032835,0.7956521739130433,179.455,110.1634375,3,5
2026-03-08,2026,251.70012483160377,250.1612615985816,250.1612615839529,1.5388632330221697,-1.4628710687247803e-08,1.5388632476508803,251.70012483160377,250.16126122475822,250.16126122977715,1.5388636068455526,5.018932824896183e-09,1.5388636018266197,0.8886956521739129,160.265,103.13,3,6
2026-03-09,2026,300.2875659287095,229.81859861565965,229.81859845092814,70.46896731304986,-1.6473151731588587e-07,70.46896747778138,300.2875659287095,213.6594137944383,213.65941384158873,86.6281521342712,4.715042223324417e-08,86.62815208712078,0.6443478260869565,176.68,135.78739583333333,3,0
2026-03-10,2026,160.2754292760984,152.94390084018656,152.9439008564012,7.331528435911849,1.6214642073464347e-08,7.331528419697207,160.2754292760984,152.94390105790717,152.75166932060839,7.331528218191238,-0.1922317372987834,7.523759955490021,0.8956521739130434,126.7875,139.92239583333333,3,1
2026-03-11,2026,234.3702597919247,213.76516120364323,213.76516121040063,20.605098588281464,6.757403525625705e-09,20.60509858152406,234.3702597919247,207.9290826494355,207.82680318920123,26.44117714248921,-0.10227946023425716,26.543456602723467,0.6843478260869565,146.8075,79.24552083333333,3,2
2026-03-12,2026,213.56281047225562,194.34944140157137,194.34944145555207,19.21336907068425,5.398069902184943e-08,19.213369016703552,213.56281047225562,183.8717673429987,197.98057508466326,29.69104312925691,14.108807741664549,15.582235387592362,0.5173913043478261,139.6325,69.04572916666666,3,3
2026-03-13,2026,302.46597169637175,274.64691780234494,269.60967724070565,27.81905389402681,-5.037240561639294,32.8562944556661,302.46597169637175,294.64948391936315,294.4509360946397,7.816487777008604,-0.19854782472344823,8.015035601732052,0.4869565217391304,174.745,48.4365625,3,4
2026-03-14,2026,51.077088683844494,9.729520902122431,47.97279340192471,41.34756778172206,38.24327249980228,3.104295281919782,51.077088683844494,48.744588668446966,48.744588109720056,2.332500015397528,-5.587269100715275e-07,2.3325005741244382,0.9095652173913044,67.97249999999998,120.7271875,3,5
2026-03-15,2026,149.42903713826144,57.35948501860575,57.35948503328016,92.06955211965568,1.4674405690584535e-08,92.06955210498128,149.42903713826144,133.84726117390898,133.8472611800471,15.58177596435246,6.138122898846632e-09,15.581775958214337,0.29217391304347823,112.6575,100.29843749999999,3,6
2026-03-16,2026,375.064425256596,223.99891395157724,223.99891401045798,151.06551130501876,5.8880743836198235e-08,151.06551124613802,375.064425256596,223.9989140323811,223.9989140567803,151.0655112242149,2.439921331642836e-08,151.0655111998157,0.23478260869565212,167.8525,73.4978125,3,0
2026-03-17,2026,142.31200070413215,133.018028814935,133.0180288629306,9.293971889197138,4.7995598606576095e-08,9.29397184120154,142.31200070413215,135.24393959548888,135.2439395964858,7.068061108643263,9.96919879980851e-10,7.0680611076463435,0.7843478260869564,112.07000000000002,126.15708333333333,3,1
2026-03-18,2026,323.19348999948534,298.91579902329846,298.91579901872245,24.277690976186875,-4.576008905132767e-09,24.277690980762884,323.19348999948534,309.72060145803255,309.7206016710405,13.47288854145279,2.1300797925505321e-07,13.47288832844481,0.8391304347826085,180.335,88.90520833333333,3,2
2026-03-19,2026,370.1159480467248,364.1066228043059,364.1066237988102,6.009325242418868,9.94504262052942e-07,6.009324247914606,370.1159480467248,361.71007003893203,347.845598661105,8.40587800779275,-13.864471377827044,22.270349385619795,0.9713043478260868,214.3825,113.79458333333334,3,3
2026-03-20,2026,234.70993488923077,225.92774547756173,223.29638334240923,8.782189411669037,-2.6313621351525,11.413551546821537,234.70993488923077,207.3794705576332,207.37946996094254,27.330464331597568,-5.966906542198558e-07,27.330464928288222,0.9806479901316267,146.7,143.024375,3,4
2026-03-21,2026,221.5691301333561,160.26262708473934,160.26262709001435,61.306503048616776,5.275012426864123e-09,61.30650304334176,221.5691301333561,220.34410527565214,190.00719904827397,1.2250248577039713,-30.336906227378165,31.561931085082136,0.8310502479563364,148.1275,114.33343749999999,3,5
2026-03-22,2026,310.27689213540935,310.2768924901317,310.276891981319,-3.5472231729727355e-07,-5.088126613372879e-07,1.5409034404001432e-07,310.27689213540935,310.2768923587579,310.27689238022197,-2.2334853611027938e-07,2.1464074961841106e-08,-2.448126110721205e-07,0.7799999999999999,185.95,83.24125,3,6
2026-03-23,2026,345.01444875381213,290.1309067529602,290.13090843147006,54.883542000851946,1.6785098750915495e-06,54.88354032234207,345.01444875381213,287.04406225063036,287.0440627973544,57.97038650318177,5.467240384859906e-07,57.97038595645773,0.8695652173913043,214.9275,141.913125,3,0
2026-03-24,2026,224.9184482245554,154.2931711464807,154.29317074627699,70.6252770780747,-4.002037030659267e-07,70.6252774782784,224.9184482245554,157.4247342952978,154.2931712207418,67.49371392925758,-3.1315630745559986,70.62527700381358,0.6721739130434782,141.0825,76.80770833333332,3,1
2026-03-25,2026,250.15006085070675,246.18365879581486,234.67788282716026,3.966402054891887,-11.505775968654604,15.47217802354649,250.15006085070675,242.28444823633788,242.28444737090535,7.865612614368871,-8.654325256429729e-07,7.865613479801397,0.4457526918735453,161.955,37.684895833333336,3,2
2026-03-26,2026,276.2470582498266,146.1080882063782,126.57897462059094,130.13897004344838,-19.529113585787258,149.66808362923564,276.2470582498266,260.98844547119444,260.9884454537498,15.258612778632141,-1.744461997077451e-08,15.258612796076761,0.7821369324662892,166.59,91.48187499999999,3,3
2026-03-27,2026,169.0244921888472,150.56535032628992,155.42202962347906,18.45914186255729,4.856679297189146,13.602462565368143,169.0244921888472,152.4747184510614,135.28328722196125,16.549773737785813,-17.191431229100147,33.74120496688596,0.8765217391304346,116.79500000000002,118.52572916666668,3,4
2026-03-28,2026,230.3545794538989,166.74017282583418,166.74017282924038,63.61440662806473,3.4061997666867683e-09,63.61440662465853,230.3545794538989,226.27266270063257,171.8083901743958,4.081916753266341,-54.464272526236755,58.546189279503096,0.6278260869565216,147.375,80.99927083333334,3,5
2026-03-30,2026,346.04041882054895,130.34492106125902,130.34492107313102,215.69549775928994,1.1872003824464628e-08,215.69549774741793,346.04041882054895,159.08490583006292,159.08490547722084,186.95551299048603,-3.5284207910990517e-07,186.9555133433281,,123.86500000000001,58.44083333333333,3,0
2026-03-31,2026,213.34528756531577,195.8670983852366,195.86709834806337,17.47818918007917,-3.717323693308572e-08,17.478189217252407,213.34528756531577,168.23174189106572,168.23174190340725,45.11354567425005,1.2341530464254902e-08,45.11354566190852,0.8113043478260868,122.51749999999998,117.82802083333333,3,1
2026-04-01,2026,190.94061704230128,184.8772063416381,184.8772062902904,6.063410700663184,-5.1347711860216805e-08,6.0634107520108955,190.94061704230128,110.83550932015521,110.83550927592327,80.10510772214607,-4.4231939000383136e-08,80.10510776637801,0.9199999999999999,140.615,144.21395833333332,4,2
2026-04-02,2026,186.1960650577085,176.2777858408455,176.27789072295005,9.918279216862999,0.00010488210455150693,9.918174334758447,186.1960650577085,176.27790159397202,176.2779015640024,9.918163463736477,-2.996961256940267e-08,9.91816349370609,0.9069565217391303,119.385,114.03500000000001,4,3
2026-04-03,2026,152.17535480200678,103.49637916115847,103.49637911827426,48.67897564084831,-4.288420996090281e-08,48.67897568373252,152.17535480200678,142.39117229948505,106.97085902799651,9.78418250252173,-35.42031327148854,45.20449577401027,0.657391304347826,134.21,84.63635416666666,4,4
2026-04-04,2026,249.29430622902265,235.75951978333256,223.0331196690778,13.534786445690088,-12.726400114254773,26.26118655994486,249.29430622902265,235.80936162777115,246.0975302971006,13.484944601251499,10.288168669329451,3.1967759319220477,0.3313043478260869,150.12,33.074999999999996,4,5
2026-04-05,2026,307.05323590966816,235.01834293389834,260.34083743890994,72.03489297576982,25.322494505011605,46.71239847075822,307.05323590966816,210.50128510648742,233.9176364172334,96.55195080318074,23.416351310745995,73.13559949243475,0.7852173913043478,138.525,-16.340520833333333,4,6
2026-04-06,2026,490.3044129183341,489.6274257410044,487.11417801749315,0.6769871773296927,-2.513247723511256,3.1902349008409487,490.3044129183341,435.92503974884403,470.9756770728996,54.379373169490066,35.05063732405557,19.328735845434494,0.957391304347826,241.64249999999998,3.0358333333333323,4,0
2026-04-07,2026,389.0816904139933,267.04841533327567,289.7197163405168,122.0332750807176,22.67130100724114,99.36197407347646,389.0816904139933,289.7197180263439,289.719718326918,99.36197238764936,3.005740722983319e-07,99.36197208707529,0.8756521739130434,205.315,89.88864583333333,4,1
2026-04-08,2026,383.2343428905241,381.96401585942203,381.96401587288426,1.270327031102056,1.3462226888805162e-08,1.2703270176398291,383.2343428905241,370.78570954858475,381.9640157911595,12.448633341939342,11.178306242574763,1.2703270993645788,0.988695652173913,202.7875,86.96937500000001,4,2
2026-04-09,2026,246.6779093162253,243.74330372224813,240.32508490244825,2.9346055939771816,-3.4182188197998755,6.352824413777057,246.6779093162253,245.79339379586168,246.00044527788188,0.8845155203636352,0.20705148202020496,0.6774640383434303,0.9426086956521739,154.73749999999998,81.63114583333332,4,3
2026-04-10,2026,236.79870880251283,224.77790961908235,219.8094017650156,12.020799183430483,-4.9685078540667575,16.98930703749724,236.79870880251283,200.420375019723,200.4203749581697,36.37833378278984,-6.155329401735798e-08,36.37833384434313,0.34956521739130436,166.5625,119.56520833333332,4,4
2026-04-11,2026,293.88675838646725,167.71046853812462,167.71046857078872,126.17628984834263,3.266410431024269e-08,126.17628981567853,293.88675838646725,44.5557413179923,167.71046822999554,249.33101706847495,123.15472691200324,126.17629015647171,-0.23652173913043475,213.98000000000002,46.57208333333333,4,5
2026-04-12,2026,231.94708694336558,217.79320763192376,230.66476589605853,14.153879311441813,12.871558264134762,1.2823210473070503,231.94708694336558,217.91659771177893,230.82221895550006,14.030489231586643,12.905621243721129,1.124867987865514,0.477391304347826,144.8325,79.730625,4,6
2026-04-13,2026,92.72974836917871,33.972797822624095,47.54724348368422,58.75695054655461,13.574445661060125,45.18250488549449,92.72974836917871,47.56375067305748,47.56375066139713,45.16599769612123,-1.1660347354336409e-08,45.16599770778158,0.6147826086956522,76.48749999999998,127.30197916666667,4,0
2026-04-14,2026,174.68787000641282,156.59437970467292,156.59437970662535,18.093490301739905,1.9524293293216033e-09,18.093490299787476,174.68787000641282,169.3790197103033,158.5059623616376,5.308850296109512,-10.873057348665725,16.181907644775237,0.9347826086956521,129.5775,138.08739583333332,4,1
2026-04-15,2026,193.62041974694782,171.4473220176706,171.44732181126105,22.17309772927723,-2.0640953835027176e-07,22.17309793568677,193.62041974694782,178.2848031000412,178.28480307546852,15.33561664690663,-2.4572671009082114e-08,15.3356166714793,0.8591304347826085,130.5675,117.53041666666667,4,2
2026-04-16,2026,203.71629105765192,197.19740826062971,197.19740867334554,6.518882797022201,4.1271582063018286e-07,6.51888238430638,203.71629105765192,189.6074835693588,176.19688066097663,14.10880748829311,-13.410602908382174,27.519410396675283,0.9826086956521738,141.55,110.68291666666666,4,3
2026-04-17,2026,201.1327530576471,199.3022184946711,199.3022184952799,1.8305345629759984,6.087930159992538e-10,1.8305345623672054,201.1327530576471,200.48529408798757,200.48529363119903,0.6474589696595388,-4.567885412143369e-07,0.64745942644808,0.9443478260869566,130.96,104.64916666666666,4,4
2026-04-18,2026,242.19088409312855,199.6869443109411,174.01817842688558,42.503939782187445,-25.668765884055517,68.17270566624296,242.19088409312855,232.65233628783713,232.6523363243485,9.538547805291415,3.65113805855799e-08,9.538547768780035,0.8504347826086956,148.97,84.5871875,4,5
2026-04-19,2026,206.3726214872977,196.59039633524424,196.59039634367352,9.782225152053456,8.42928216115979e-09,9.782225143624174,206.3726214872977,203.85067394560963,203.85067413698718,2.521947541688064,1.9137755202791595e-07,2.521947350310512,0.9495652173913043,127.11749999999999,80.81364583333333,4,6
2026-04-20,2026,147.62914544977662,122.53913127430054,122.53913127710838,25.09001417547607,2.8078375180484727e-09,25.090014172668234,147.62914544977662,135.2109658742991,135.21096587311092,12.418179575477524,-1.1881695627380395e-09,12.418179576665693,0.677391304347826,112.63750000000002,97.70760416666667,4,0
2026-04-21,2026,240.28527207512204,230.6988569598809,230.69885700539095,9.586415115241124,4.5510034851758974e-08,9.586415069731089,240.28527207512204,239.5390431002931,230.69885702721726,0.7462289748289379,-8.840186073075841,9.58641504790478,0.9495652173913043,148.475,82.57125,4,1
2026-04-22,2026,286.4470005355757,267.7141003082209,267.7140965901052,18.732900227354776,-3.7181156926635595e-06,18.73290394547047,286.4470005355757,284.3697623650863,281.5914750908851,2.0772381704894087,-2.7782872742011477,4.8555254446905565,0.9713043478260868,174.89499999999998,78.66635416666666,4,2
2026-04-23,2026,319.49738549670707,306.76973707637336,303.4338066771851,12.727648420333708,-3.335930399188271,16.06357881952198,319.49738549670707,316.1059813915325,307.75282523328747,3.3914041051745585,-8.353156158245042,11.7445602634196,0.9669565217391304,186.51500000000001,64.21229166666667,4,3
2026-04-24,2026,286.6133044923193,278.06631579685205,278.1848290613452,8.546988695467235,0.11851326449317412,8.42847543097406,286.6133044923193,280.0170436188177,280.0170436202739,6.596260873501592,1.4562147043761797e-09,6.596260872045377,0.9669565217391304,167.99,76.10989583333333,4,4
2026-04-25,2026,560.4256276419949,451.30902882658535,468.19435085206806,109.11659881540953,16.885322025482708,92.23127678992682,560.4256276419949,507.49142113380645,473.4908956066086,52.934206508188424,-34.00052552719785,86.93473203538628,0.6208695652173912,291.49,16.129479166666666,4,5
2026-04-26,2026,1247.028687086449,1222.8582403140726,1219.1376214944105,24.17044677237641,-3.7206188196621497,27.891065592038558,1247.028687086449,1205.717002290089,1233.9414992783454,41.31168479635994,28.224496988256305,13.087187808103636,0.6643478260869564,571.585,2.9852083333333277,4,6
2026-04-27,2026,320.0011852105876,252.96166330961253,288.01137819667116,67.03952190097507,35.04971488705863,31.989807013916447,320.0011852105876,288.01137877948867,292.60702139901446,31.98980643109894,4.5956426195257905,27.39416381157315,0.8669565217391304,188.94750000000002,98.35489583333333,4,0
2026-04-28,2026,255.8296323492847,230.34541468827513,226.37931894586947,25.48421766100958,-3.966095742405656,29.450313403415237,255.8296323492847,242.32344087187892,230.34541398232167,13.506191477405793,-11.978026889557242,25.484218366963034,0.9330434782608694,151.1075,70.64510416666667,4,1
2026-04-29,2026,366.80714138512394,349.45192924932763,353.05660603809434,17.355212135796307,3.60467678876671,13.750535347029597,366.80714138512394,346.0163486981576,346.01634870200485,20.790792686966313,3.847219431918347e-09,20.790792683119093,0.9521739130434782,205.95499999999998,65.35770833333333,4,2
2026-04-30,2026,341.609370772333,338.42601197273206,338.4260119629331,3.183358799600967,-9.79895276032039e-09,3.1833588093999197,341.609370772333,333.8248517550258,333.8248490234635,7.784519017307218,-2.731562290136935e-06,7.784521748869508,0.9686956521739128,210.64000000000001,72.06145833333333,4,3
2026-05-01,2026,1417.3195183176667,1263.314635112488,1332.0463707444571,154.00488320517866,68.73173563196906,85.2731475732096,1417.3195183176667,1290.897482790653,1332.5505537349375,126.4220355270138,41.653070944284536,84.76896458272927,0.9069565217391303,672.325,-2.0785416666666663,5,4
2026-05-02,2026,544.5644034792897,537.0107362893687,543.9012584375658,7.553667189921043,6.890522148197192,0.6631450417238511,544.5644034792897,540.1942352967242,543.9012584621248,4.370168182565521,3.707023165400642,0.6631450171648794,0.9252173913043478,325.47749999999996,58.85093750000001,5,5
2026-05-03,2026,255.14980871770157,247.94851577658255,251.3396927721892,7.201292941119021,3.3911769956066564,3.810115945512365,255.14980871770157,245.10684037063677,248.49801682389898,10.0429683470648,3.3911764532622044,6.651791893802596,0.9921739130434782,155.305,74.97208333333333,5,6
2026-05-04,2026,284.85323917303805,225.9636900345945,225.96369050695756,58.889549138443556,4.7236306954800966e-07,58.889548666080486,284.85323917303805,265.4339404093408,265.4339415470336,19.41929876369727,1.1376928341633175e-06,19.419297626004436,0.8165217391304346,197.42750000000004,131.06291666666667,5,0
2026-05-05,2026,58.133025988897714,52.28698309278947,52.28698310253179,5.846042896108244,9.74232250428031e-09,5.846042886365922,58.133025988897714,56.74242238560224,56.74242229552708,1.3906036032954745,-9.007516155179474e-08,1.390603693370636,0.9139130434782607,66.1575,128.73041666666666,5,1
2026-05-06,2026,59.319559564407726,53.329844791146584,41.721654331258634,5.9897147732611415,-11.60819045988795,17.597905233149092,59.319559564407726,59.31566918772482,59.31566931758149,0.0038903766829037068,1.29856665864736e-07,0.003890246826237842,0.9269565217391305,67.57499999999999,122.44458333333334,5,2
2026-05-07,2026,135.17713090692544,117.08677727730658,117.08677743131673,18.09035362961886,1.5401015218685643e-07,18.09035347560871,135.17713090692544,117.08677715898894,117.08677723146809,18.090353747936504,7.247915334573918e-08,18.09035367545735,0.9695652173913042,119.7475,136.02770833333332,5,3
2026-05-08,2026,110.57952296424773,86.32938711021772,86.32938934158899,24.250135854030006,2.231371269090232e-06,24.250133622658737,110.57952296424773,110.57952296450541,110.57952292863806,-2.5768542855075793e-10,-3.586735886074166e-08,3.56096734321909e-08,0.8826086956521739,94.26999999999998,113.81364583333334,5,4
2026-05-09,2026,239.2615140379081,235.34683428948284,200.2914193298494,3.9146797484252716,-35.05541495963345,38.970094708058724,239.2615140379081,235.34683431518286,235.34683431557877,3.9146797227252534,3.959144123655278e-10,3.914679722329339,0.8313043478260868,147.055,88.33270833333331,5,5
2026-05-10,2026,215.47096775008302,215.34737544447577,215.34737404219553,0.12359230560724654,-1.4022802474755736e-06,0.12359370788749402,215.47096775008302,215.072233811391,215.07223384405438,0.39873393869203255,3.266339376750693e-08,0.3987339060286388,0.9008695652173913,131.4825,77.09114583333333,5,6
2026-05-11,2026,14.546551821235576,-8.163983887481177,-8.163983459252218,22.710535708716755,4.28228958071486e-07,22.710535280487797,14.546551821235576,-5.950443778828298,-5.950443909889554,20.496995600063876,-1.3106125607009744e-07,20.496995731125132,0.3304347826086956,58.067500000000024,119.25645833333333,5,0
2026-05-12,2026,182.61194902821103,137.65331153437614,150.48073793375326,44.958637493834885,12.827426399377117,32.13121109445777,182.61194902821103,88.37930796403393,176.01011974124899,94.2326410641771,87.63081177721506,6.601829286962044,0.7165217391304347,123.01250000000002,93.30531250000001,5,1
2026-05-13,2026,122.52962470276707,117.19137033296565,118.493441740414,5.338254369801419,1.3020714074483521,4.036182962353067,122.52962470276707,118.49344241701915,118.49344246608534,4.036182285747913,4.9066187557400553e-08,4.036182236681725,0.9634782608695651,101.06499999999998,113.544375,5,2
2026-05-14,2026,234.8390140361845,188.8174287497652,151.9794439301068,46.02158528641928,-36.8379848196584,82.85957010607768,234.8390140361845,234.2266077217588,188.81742913531053,0.6124063144256979,-45.40917858644826,46.02158490087396,0.84,147.6,94.85083333333334,5,3
2026-05-15,2026,161.94483101646924,154.23023684631886,154.23023685826075,7.714594170150377,1.1941892807953991e-08,7.7145941582084845,161.94483101646924,161.3861258391318,161.38612571802932,0.5587051773374299,-1.211024880376499e-07,0.5587052984399179,0.9252173913043478,113.3075,109.81291666666665,5,4
2026-05-16,2026,234.94029038769384,234.80755573137787,234.80755577266396,0.13273465631596082,4.128608566134062e-08,0.13273461502987516,234.94029038769384,234.807555796949,234.80755545130305,0.13273459074483185,-3.4564595807751175e-07,0.13273493639078993,0.9304347826086956,142.8875,78.29833333333333,5,5
2026-05-17,2026,256.96868865474903,256.5486881310597,256.5486881482285,0.42000052368933893,1.716881570246187e-08,0.42000050652052323,256.96868865474903,256.54868861584134,256.5486886160319,0.42000003890768767,1.9053914002142847e-10,0.4200000387171485,0.9556521739130434,156.70499999999998,83.003125,5,6
2026-05-18,2026,183.7978731540201,173.69651026065875,173.6965104017358,10.10136289336134,1.4107703805166238e-07,10.101362752284302,183.7978731540201,182.24031940958034,182.24031958849574,1.5575537444397582,1.7891539982883842e-07,1.5575535655243584,0.8243478260869566,156.0025,138.94697916666667,5,0
2026-05-19,2026,132.56392621007973,125.67433186651958,125.67433279136812,6.889594343560148,9.248485355328739e-07,6.889593418711613,132.56392621007973,120.13774782921702,120.13774782715048,12.426178380862709,-2.0665424926846754e-09,12.426178382929251,0.9104347826086956,107.75750000000001,128.1185416666667,5,1
2026-05-20,2026,188.92753787908734,148.48447721761195,148.48447714092617,40.443060661475386,-7.66857795042597e-08,40.443060738161165,188.92753787908734,148.484477217621,148.48447722176752,40.44306066146635,4.146528453929932e-09,40.44306065731982,0.8895652173913042,134.40999999999997,108.89812500000001,5,2
2026-05-21,2026,309.05300214643694,305.14841536937826,305.14841536954555,3.9045867770586824,1.67290181707358e-10,3.904586776891392,309.05300214643694,305.14841521332716,305.1484151344623,3.9045869331097833,-7.886484354457934e-08,3.904587011974627,0.9930434782608695,197.325,109.14958333333334,5,3
2026-05-22,2026,343.857720312885,343.0311782356783,343.0311782333199,0.8265420772067387,-2.3583766051160637e-09,0.8265420795651153,343.857720312885,343.0311783617324,343.0311783615268,0.8265419511526488,-2.0554580260068178e-10,0.8265419513581946,0.9669565217391304,218.4275,106.34854166666666,5,4
2026-05-23,2026,338.30503246273923,333.29801597179676,330.6784497435703,5.007016490942476,-2.6195662282264607,7.626582719168937,338.30503246273923,333.29801598027257,333.29801598040655,5.007016482466668,1.339799382549245e-10,5.007016482332688,0.9269565217391305,206.3375,79.7821875,5,5
2026-05-24,2026,399.86697712267784,394.4807719814899,398.16660130717827,5.386205141187929,3.68582932568836,1.7003758154995694,399.86697712267784,394.48077184367554,394.4807721090919,5.386205279002297,2.6541636088950327e-07,5.386205013585936,0.9826086956521738,229.165,66.7234375,5,6
2026-05-25,2026,341.8123392616036,339.2190902025551,340.7448861129421,2.593249059048503,1.5257959103869894,1.0674531486615138,341.8123392616036,341.81233935112937,341.81233935453884,-8.952576990850503e-08,3.4094682632712647e-09,-9.293523817177629e-08,0.9356521739130433,201.48,81.4465625,5,0
2026-05-26,2026,341.39578613652446,340.32636799476035,340.3263680634552,1.0694181417641175,6.869487378935446e-08,1.0694180730692437,341.39578613652446,340.32636791241396,340.32636783754657,1.0694182241105068,-7.486738695661188e-08,1.0694182989778938,0.9139130434782607,220.4475,97.86791666666666,5,1
2026-05-27,2026,262.7356021556714,245.6034307143018,245.60343067900519,17.13217144136962,-3.5296608302815e-08,17.13217147666623,262.7356021556714,262.5568479268404,262.55684710167213,0.17875422883099645,-8.251682857007836e-07,0.17875505399928215,0.946086956521739,159.2325,84.04510416666666,5,2
2026-05-28,2026,641.5101539984176,636.4729348846961,636.4729350007821,5.037219113721562,1.1608597105805529e-07,5.037218997635591,641.5101539984176,641.5101540068727,641.5101539154603,-8.455003808194306e-09,-9.141240298049524e-08,8.295739917230094e-08,0.9347826086956521,393.9475,122.31854166666666,5,3
2026-05-29,2026,370.5972970267161,370.55160869615366,357.9894343635713,0.04568833056242738,-12.562174332582345,12.607862663144772,370.5972970267161,370.5972969115194,370.5972967610468,1.1519671261339681e-07,-1.5047260149003705e-07,2.6566931410343386e-07,0.9530434782608694,240.66500000000002,102.88156250000002,5,4
2026-05-30,2026,277.50148577581393,275.29510381408664,275.29510255725575,2.2063819617272884,-1.2568308989102661e-06,2.2063832185581873,277.50148577581393,275.87243692957014,275.87243676984957,1.6290488462437906,-1.5972057099133963e-07,1.6290490059643616,0.9443478260869566,173.2875,85.86520833333333,5,5
2026-05-31,2026,254.99175193735888,254.70776535495722,254.70776535754868,0.28398658240166696,2.591463044154807e-09,0.2839865798102039,254.99175193735888,254.7077647052774,254.70776548772957,0.28398723208147203,7.824521617294522e-07,0.2839864496293103,0.9769465908969477,156.045,89.90020833333334,5,6
2026-06-01,2026,390.61110194888977,279.3259622719729,279.3259758938037,111.28513967691686,1.362183076025758e-05,111.2851260550861,390.61110194888977,382.6115563689659,382.61155600521204,7.999545579923847,-3.6375388390297303e-07,7.999545943677731,0.830361105085607,267.805,151.8646875,6,0
2026-06-02,2026,97.57372905980226,48.83272051214912,24.267784090713743,48.74100854765314,-24.56493642143538,73.30594496908851,97.57372905980226,75.3730992711289,75.3730992675185,22.200629788673368,-3.610395538089506e-09,22.200629792283763,0.8626086956521738,87.645,122.02083333333333,6,1
2026-06-03,2026,150.60485889139437,88.4988262144449,88.49882623424884,62.10603267694947,1.9803934492301778e-08,62.10603265714553,150.60485889139437,124.86533202232334,124.86533352312853,25.739526869071028,1.5008051832410274e-06,25.739525368265845,0.8365217391304347,108.405,102.63583333333334,6,2
2026-06-04,2026,190.58141766491858,189.363844890322,175.28537451411202,1.2175727745965617,-14.078470376209992,15.296043150806554,190.58141766491858,190.30333489187908,190.30333448929673,0.27808277303950035,-4.025823443498666e-07,0.2780831756218447,0.8834782608695652,118.01,61.341145833333336,6,3
2026-06-05,2026,254.5263925516163,235.37076964872813,235.37076711361865,19.155622902888183,-2.535109473456032e-06,19.155625437997656,254.5263925516163,220.41410255150333,220.41411510865308,34.11229000011298,1.2557149744907292e-05,34.11227744296323,0.8930434782608694,162.155,100.36270833333333,6,4
2026-06-06,2026,249.98516491316502,117.73754462230067,117.73754470169739,132.24762029086435,7.939671320400521e-08,132.24762021146762,249.98516491316502,248.1090843466578,248.10908462975726,1.8760805665072269,2.830994674241083e-07,1.8760802834077595,0.6304347826086956,152.4625,88.42177083333333,6,5
2026-06-07,2026,322.2624549732543,278.7038496876861,285.23076256426117,43.558605285568206,6.526912876575068,37.03169240899314,322.2624549732543,278.7038080624503,287.20009818012466,43.558646910803986,8.496290117674334,35.06235679312965,0.9113043478260868,185.925,42.665416666666665,6,6
2026-06-08,2026,220.53361630271087,36.84424488463544,65.32772234085239,183.68937141807544,28.483477456216953,155.20589396185846,220.53361630271087,186.8316390815141,186.83163875639386,33.701977221196756,-3.2512025427422486e-07,33.70197754631701,0.8017391304347825,154.42000000000002,124.25104166666665,6,0
2026-06-09,2026,253.3978786530381,201.47313272575673,201.4731318528274,51.92474592728138,-8.729293199394306e-07,51.9247468002107,253.3978786530381,201.47313548821035,201.47313551601732,51.92474316482776,2.78069762771338e-08,51.92474313702078,0.8791304347826084,156.13,96.8746875,6,1
2026-06-10,2026,196.13680925568048,170.8914117945389,170.89141179194212,25.24539746114158,-2.5967779038182925e-09,25.245397463738357,196.13680925568048,184.6922695868067,184.6922696453052,11.444539668873773,5.849850026606873e-08,11.444539610375273,0.9191304347826086,145.3025,122.50895833333334,6,2
2026-06-11,2026,195.98823527694924,162.9027043985378,162.90270428665406,33.08553087841145,-1.1188373605364177e-07,33.08553099029518,195.98823527694924,162.90270471585697,162.90270469717072,33.08553056109227,-1.868625076895114e-08,33.08553057977852,0.8643478260869566,143.27750000000003,112.0634375,6,3
2026-06-12,2026,61.86169709623883,39.44724576242904,39.44724576162312,22.414451333809787,-8.059188871811784e-10,22.414451334615705,61.86169709623883,39.44724575521148,39.4472457619447,22.414451341027345,6.733216650900431e-09,22.414451334294128,0.7747826086956522,71.2925,97.46124999999999,6,4
2026-06-13,2026,256.40724150785957,102.84216605131056,44.65523397801309,153.565075456549,-58.18693207329747,211.75200752984648,256.40724150785957,210.70691890268918,167.9591260233662,45.700322605170385,-42.747792879322986,88.44811548449337,0.5217391304347825,148.3525,26.8171875,6,5
2026-06-14,2026,228.2658883253153,226.10020353837214,224.40944974692502,2.16568478694316,-1.690753791447122,3.856438578390282,228.2658883253153,227.74522986775065,227.8093467841747,0.5206584575646502,0.06411691642404094,0.4565415411406093,0.9773913043478261,137.28,25.11927083333333,6,6
2026-06-15,2026,260.238621941036,240.245664758188,243.151657340877,19.992957182847988,2.905992582688981,17.086964600159007,260.238621941036,255.0306434334447,255.03064319502138,5.207978507591292,-2.384233255270374e-07,5.207978746014618,0.9043478260869565,159.1625,74.26479166666667,6,0
2026-06-16,2026,179.51120298045518,171.54207040641555,171.54207048974658,7.969132574039634,8.333103096447303e-08,7.969132490708603,179.51120298045518,166.58697327209646,166.58697337305006,12.924229708358723,1.009535992579913e-07,12.924229607405124,0.9895652173913043,130.6875,113.07916666666667,6,1
2026-06-17,2026,128.34807479007975,127.71402910952152,127.7140290051205,0.6340456805582306,-1.0440102471420687e-07,0.6340457849592553,128.34807479007975,128.34807478870127,128.34807478825675,1.3784813290840248e-09,-4.445155354915187e-10,1.8229968645755434e-09,0.946086956521739,101.32250000000002,117.62895833333334,6,2
2026-06-18,2026,688.54897491433,688.5489750192305,688.5489748005244,-1.0490055046830093e-07,-2.1870607724849833e-07,1.138055267801974e-07,688.54897491433,684.202863034559,684.2028635029236,4.346111879771001,4.6836464662192157e-07,4.346111411406355,0.9530434782608694,423.245,139.9175,6,3
2026-06-19,2026,292.97554583104073,289.6137702679912,289.61376972742806,3.361775563049548,-5.405631213761808e-07,3.3617761036126694,292.97554583104073,289.61377037045634,289.6137703744433,3.361775460584397,3.986940555478213e-09,3.3617754565974565,0.9765217391304346,190.125,108.181875,6,4
2026-06-20,2026,294.1225828074352,292.6025454591502,292.60254498937576,1.5200373482850296,-4.6977442025308846e-07,1.5200378180594498,294.1225828074352,292.6025453927632,292.6025453088565,1.5200374146720037,-8.390668426727643e-08,1.520037498578688,0.957164623627366,182.56750000000002,87.47083333333335,6,5
2026-06-21,2026,247.2381825553806,247.23712070985755,247.23714144699787,0.0010618455230542168,2.0737140317805824e-05,0.001041108382736411,247.2381825553806,244.1972433933837,244.19724329019945,3.040939161996903,-1.0318424870092713e-07,3.0409392651811515,0.9867362703364349,150.27499999999998,83.0025,6,6
2026-06-22,2026,358.4701686488133,355.401626743489,355.401653240502,3.0685419053243095,2.6497013038806472e-05,3.0685154083112707,358.4701686488133,349.4381456138361,349.4381451765975,9.032023034977158,-4.372386115392146e-07,9.03202347221577,0.8608695652173911,239.43750000000003,124.08614583333333,6,0
2026-06-23,2026,767.3423162185538,767.3423159434232,767.3423159437887,2.751306737991399e-07,3.6550318327499554e-10,2.747651706158649e-07,767.3423162185538,766.9207379977191,766.9207373338293,0.42157822083470364,-6.638898639721447e-07,0.4215788847245676,0.9791304347826085,485.15999999999997,174.91166666666666,6,1
2026-06-24,2026,962.3536593893775,962.3536594231031,962.3536594289372,-3.372554147063056e-08,5.8341811381978914e-09,-3.955972260882845e-08,962.3536593893775,961.5188104683198,961.518810422684,0.8348489210577554,-4.563571565086022e-08,0.8348489666934711,0.9878260869565217,594.8375,207.83802083333333,6,2
2026-06-25,2026,392.2075653448529,387.6927357136944,339.9355601130358,4.514829631158534,-47.75717560065857,52.272005231817104,392.2075653448529,387.6927368708371,387.6927359152103,4.514828474015815,-9.556268310007e-07,4.514829429642646,0.9513043478260867,251.81250000000003,133.5404166666667,6,3
2026-06-26,2026,458.33121337968356,458.3312134006646,458.3312134000148,-2.098101958836196e-08,-6.497771209978964e-10,-2.0331242467364063e-08,458.33121337968356,458.3312133472025,458.33121334251166,3.248106850151089e-08,-4.690832611231599e-09,3.717190111274249e-08,0.957391304347826,311.96000000000004,135.114375,6,4
2026-06-27,2026,361.570125983864,359.1881067917648,359.1881063413944,2.3820191920991647,-4.503704076341819e-07,2.3820196424695723,361.570125983864,359.1881068550529,359.1881068505754,2.3820191288110664,-4.4774992602469865e-09,2.3820191332885656,0.9521739130434782,221.2225,99.42395833333335,6,5
2026-06-28,2026,263.76410156015754,259.4248620795932,259.4248620866425,4.339239480564345,7.049322903185384e-09,4.339239473515022,263.76410156015754,259.42486206507397,259.4248620809721,4.339239495083575,1.5898137917247368e-08,4.339239479185437,0.9808695652173912,161.945,85.00322916666669,6,6
2026-06-29,2026,314.2131827672803,265.8947755352999,265.894769880797,48.31840723198036,-5.654502899687941e-06,48.31841288648326,314.2131827672803,302.4305079720998,302.43050797470687,11.78267479518047,2.607066562632099e-09,11.782674792573403,0.8104347826086956,219.3375,140.27499999999998,6,0
